name,city,country
Aero B Ranch Airport,Leoti,US
Lowell Field,Anchor Point,US
Epps Airpark,Harvest,US
Katmai Lodge Airport,King Salmon,US
Arland Airport,Bennington,US
Fulton Airport,Alex,US
Goldstone /Gts/ Airport,Barstow,US
Williams Ag Airport,Biggs,US
Grass Patch Airport,Bushnell,US
River Oak Airport,Okeechobee,US
Lt World Airport,Lithonia,US
Delta Shores Airport,Clark Fork,US
Goltl Airport,Mcdonald,US
Hammer Airport,Polo,US
Hayenga's Cant Find Farms Airport,Kings,US
Hayden Farm Airport,Gardner,US
Lejeune Airport,Esterwood,US
Battle Lake Municipal Airport,Battle Lake,US
North Raleigh Airport,Louisburg,US
Gull Bay Landing Airport,Sandsprings,US
Ferrell Field,Mercer,US
Flying O Airport,Sumter,US
Homan Field,Gary,US
Thompson Farms Airport,Lebanon,US
Alpine Range Airport,Everman,US
Nowhere Airport,Goodlett,US
Delva Field,Van,US
Vaughan Airport,Alton,US
Groundhog Mountain Airport,Hillsville,US
Howell Airport,Longbranch,US
Northern Lite Airport,Waupaca,US
Hawks Run Airport,Asotin,US
Lazy J Aerodrome,Beverly,US
Weeski Ranch Airport,Hempstead,US
Ware Island Airport,Clanton,US
Mc Hone Heights Airport,Wasilla,US
Swansboro Country Airport,Placerville,US
Coleman Homestead Airport,Talkeetna,US
Rybolt Ranch Airport,Orlando,US
Cedar Knoll Flying Ranch Airport,Geneva,US
The Farm Airport,Wrightsville,US
Lava Hot Springs Airpark,Lava Hot Springs,US
Barham Airport,Oak Ridge,US
Crystal Lakes Resort Airport,Fortine,US
Topsail Airpark,Holly Ridge,US
Moore Airfield,Canaan,US
Granville Airport,Granville,US
Champion Ranch Airport,Artesia,US
Lantana Ranch Airport,Yerington,US
Spring Creek Ranch East Airport,Tishomingo,US
Powell Kaiser Airport,Bolivar,US
Nort's Resort Airport,Meshoppen,US
York Airport,York,US
Hd Farm & Ranch Airport,Burnet,US
Colonial Air Park,Collierville,US
Fort Parker Flying Field,Groesbeck,US
Beulah Field,Graham,US
Pickles Airport,Berryville,US
Kilo Kilo Aerodrome,Wausau,US
Keyhole Airport,Moorcroft,US
Barefoot Airport,Big Lake,US
Rustic Wilderness Airport,Willow,US
Bass Field,Foley,US
Emerald Ridge Airport,Homer,US
Mount Moriah Field,Murfreesboro,US
Shannon Field,Clarksdale,US
Mc Cullough Airport,Monte Vista,US
Osborn Airfield,Groveland,US
Triple R Ranch Airport,Baker,US
Doug Bolton Field,Commerce,US
Etowah Fields Airport,Euharlee,US
Morgan Ranch Airport,Cascade,US
Diamond P Field,Muncie,US
Jmj Landing Airport,St Marys,US
Garner Field,Brandywine,US
Nadeau's Airfield,Acton,US
Fairplains Airpark,Greenville,US
Troy Airpark,Troy,US
Watts Field,Rochdale,US
Steppler Field,Culbertson,US
Ffr Animas Landing Strip,Animas,US
Paiute Meadows Airport,Winnemucca,US
Bobbitt Airport,Lamont,US
Cuylers Airport,Vega Baja,US
Harpers Airport,Estill,US
Ellis Field,Murfreesboro,US
El Tesoro Ranch Airport,Charlotte,US
Lucin Airport,Lucin,US
Cawleys South Prairie Airport,South Prairie,US
Beer Airport,Hudson,US
Fowler Field,Tonasket,US
Jls Farms Airport,Honey Grove,US
Seidel Ranch Airport,Elroy,US
Thompson International Aviation Airport,Hereford,US
Blue Water Airport,Saguache,US
Lake Persimmon Airstrip,Lake Placid,US
Greens Farm Field,Cape Coral,US
Hia Airport,Statesboro,US
Flatlander Airport,Elliott,US
Flying Y Ranch Airport,Council,US
Wix Airport,Monee,US
Flying H Farms Airport,Henderson,US
Hadley Airport,Hadley,US
Maple Ridge Airport,Harrison,US
Nauerth Land Ranch Airport,Lakefield,US
Dorton Airport,Richmond,US
Mc Donnell Airport,Archie,US
Pilots Ridge Airport,Carolina Beach,US
Olafson Brothers Airport,Edinburg,US
Llama Ranch Airport,Ruby Valley,US
Talmage Field,Riverhead,US
Gibbs Field,Fremont,US
Sahoma Lake Airport,Sapulpa,US
Bluebird Airport,Alex,US
Powwatka Ridge Airport,Troy,US
Sun View Field,Bonner Springs,US
Barronena Ranch Airport,Hebbronville,US
Brazos Polo Airport,Orchard,US
A Z Minerals Corporation Airport,Mexican Hat,US
Spangle Field,Spangle,US
Aerostone Airfield,Goldendale,US
Perala Field,Sundance,US
Creekside Airport,Mertzon,US
Flying W Ranch Airport,Soldotna,US
North 40 Airport,Sutton,US
White Hills Airport,White Hills,US
Gray Butte Field,Palmdale,US
Desert Wings Sky Ranch Airport,Julian,US
Richards Field,Homestead,US
Cross Creek Farms Airport,Ormond,US
Middlekoop Airport,Packwood,US
Lanham Field,Emmett,US
Full Throttle Airport,Hudson,US
Van Gorder Airport,Mansfield,US
Kraemer Airfield,Minneola,US
Natchez Trace Farm Airport,Hiseville,US
Goddard Airport,Haverhill,US
Beech Hill Airport,Mercer,US
Rapids Airway Airport,Eaton Rapids,US
Helblad Airport,Kelliher,US
Nicks Flying Service Inc Airport,Rolling Fork,US
Mc Connell Field,Sarben,US
Emmanuel Airport,Elmer,US
Kingston Ranch Airport,Sandy Valley,US
Klaverack Airport,Hudson,US
Collins Landing Strip,Mitchell,US
Hensley Airpark,Chuckey,US
Brushy Creek Ranch Airport,Utopia,US
Pocock Airport,China Spring,US
Navajo Mountain Airport,Navajo Mountain Trdng Post,US
Lightning Bolt Field,Cabot,US
Ox Meadows Airport,Spokane,US
Dutch Gap Airstrip,Bristol,US
Stillwater Creek Airport,Royal City,US
Pecan Field,Jermyn,US
Wasilla Creek Airpark,Palmer,US
Weltons Aerodrome,Fox,US
Ozark Skies Airpark,Kingston,US
Pope Valley Airport,Pope Valley,US
Rancho De Aereo Airport,Mead,US
Melanie's Airport,Florala,US
Charlton Strip,La Belle,US
Ark Airport,Richland,US
Spotts Field,Nora Springs,US
Running Creek Ranch Airport,Grangeville,US
Classic Landings Airport,Bonfield,US
Cooper Airport,Belleville,US
Darbro Field,Elk City,US
High Point Farm Airport,Frankfort,US
Cartersville Airport,Berea,US
Greg's Flying Service Airport,Baskin,US
Grass Roots Airport,Alexandria,US
Breezecroft Airport,Chestertown,US
Drisko Kelley Airport,Jonesboro,US
Jetsetter Outdoors Airport,Edina,US
Jones Landing Airport,Belgrade,US
Dead Cow Field,Beaufort,US
Mc Kay Airport,Spalding,US
Fox Field,Mebane,US
Baker Ranches Airport,Baker,US
Eaglecrest Field,Conesville,US
Muncy Airport,Hydro,US
6 Ranch Airport,Enterprise,US
Mills Brothers Airport,Burnt Cabins,US
Brandes Air Field,Sealy,US
Hilde-Griff Field,Georgetown,US
Circle 'A' Ranch Airport,Blum,US
Sand Cove Ranch Airport,Veyo,US
Providence Airport,Farmville,US
Ames Private Airport,Darien,US
Flat Creek Field,Kettle Falls,US
Johnson Memorial Airport,Wilmot,US
Twisted Sisters Airport,Sterling,US
June Lake Airpark,Wasilla,US
Niesen Airstrip,Nikiski,US
Cy Bond Memorial Airport,Higden,US
Jecan Airport,Branson,US
William P Gwinn Airport,Jupiter,US
Grass Roots Airpark,Mascotte,US
Rich Field,Walford,US
Larkin Airport,Kuna,US
Humm Airport,Earlville,US
Sinele Strip,Nauvoo,US
Noahs Ark Airport,Waldron,US
Torgerson Airport,Ethridge,US
Tailwinds Airport,St. Pauls,US
Cole Farm Airport,Kensington,US
Silver Creek Airport,Baker,US
Murphy Field,Auburn,US
Hal Joy Airfield,Williamsfield,US
Green Acres Airport,New Lebanon,US
Freefall Oz Airport,Ceres,US
Glaser Field,Buckholts,US
Cavok Airpark,Cleveland,US
Hunter Airport,Columbia,US
M Sansom Ranch Airport,Paint Rock,US
6 Mile Airpark,Fort Mckavett,US
Mount Horeb Field,Grottoes,US
Lazy River Airport,Wausaukee,US
Western Airpark,Yelm,US
J & W Windy Hill Airport,Van Alstyne,US
Campbell Field,Aubrey,US
Pan Lake Strip,Willow,US
Bro Majors Airfield,Trapper Creek,US
Morrilton Airport,Morrilton,US
Richvale Airport,Richvale,US
Ocean Reef Club Airport,Key Largo,US
Alcovy Airport,Covington,US
Pope Pate Field,Ocilla,US
Hoskins Landing Airport,Shambaugh,US
Shepard Strip,Oldtown,US
Gray Airport,Boggstown,US
Heape Field,Augusta,US
Blue Lick Airport,Louisville,US
Richmond Plantation Airport,Forest Hill,US
Baugher's Orchard Airport,Westminster,US
Lake Sexton Airport,Warrensburg,US
Glasgow Industrial Airport,Glasgow,US
Hawks Meadow Airport,Waxhaw,US
Border Line Farm Airport,Baker,US
Pleasant Valley Airport,Snyder,US
Dream Air Airport,Albion,US
Folmar Airport,Grassflat,US
Salaika Aviation Airport,Danbury,US
Peak 7 Ranch Airport,Gainesville,US
Cross Country Estates Marshall Field,Georgetown,US
E Northrop Grumman Airport,Howell,US
Alpha Hotel Airport,Clover,US
Meadow Airport,Jericho,US
Fisher Airport,Big Lake,US
Base Camp Airstrip,Palmer,US
Garrison Airport,Ashdown,US
Kistler Ranch Airport,Jamestown,US
Terra Firma Airport,Rush,US
Sunniland Ranch Airport,Okeechobee,US
J H Hendrie Farms Airport,Lake Placid,US
Sapelo Island Airport,Darien,US
Symms Airport,Marsing,US
Marshall Farms Airport,Cortland,US
Alderson Airport,Bennington,US
Boss Airport,Burnside,US
Sauer Airport,Dwight,US
Aileron Airport,Grand Coteau,US
Lindbergh Airport,Avon,US
Twin Oaks Airport,Jasper,US
Midsouth Airpark,Coldwater,US
Matovich Airport,Grass Range,US
Brecht Strip,Golden Valley,US
Bell Mountain Airport,Zirconia,US
Md1 Airport,Middletown,US
Kenley Airport,Hartford,US
Parks Airport,Wilburton,US
Broken B Airport,Hydro,US
Saxon Sycan Airport,Silver Lake,US
Ptc Airport,Fayetteville,US
Flying G Ranch Airport,Bynum,US
Lz Tango Charlie Airport,Fredericksburg,US
Cross Wind Airport,Weatherford,US
Pinelodge Rwy Airport,La Sal,US
P-L Ranch Airport,Lacey,US
Faikel Airfield,Howard,US
Knolle Ranch Airport,Snook,US
Peterson Airport,Old Ocean,US
West Beaver Airport,Big Lake,US
Kachemak Landing Airport,Homer,US
Stronghold Airport,St David,US
Alta Sierra Airport,Grass Valley,US
Cottonwood Field,Swink,US
Placid Lakes Airport,Lake Placid,US
Cheryl-Lane Landings Airport,Bushnell,US
Elliott Field,Dawsonville,US
Skydive Iowa Airport,Brooklyn,US
Taylor Ranch Landing Area Airport,Moscow,US
Gordon Airport,Columbia City,US
Coffman Airport,Wellsville,US
Pine Hill Airport,Capron,US
Perrotti Skyranch Airfield,Berwick,US
Paint Creek Ranch Airport,Sula,US
William Irving Lewis Airport,Broadway,US
Summer Hill Farm Airport,Bennington,US
Dakota Air Ranch Airport,Ramseur,US
Ragtime Aerodrome,Collinsville,US
Eagle Field,Port Matilda,US
Xwind Farm Airport,Ravenna,US
Pitcock Rosillos Mountain Ranch Airport,Marathon,US
Rustler Canyon Airstrip,Moab,US
Alum Ridge Airport,Floyd,US
Parkway Farm Strip,Holmen,US
Yakataga Airport,Yakataga,US
Farewell Airport,Farewell,US
Rangeview Airstrip,Trapper Creek,US
Kalifonsky Meadows Airport,Kenai,US
Scotts Airport,North Pole,US
Anderson Lake Airport,Wasilla,US
Yentna Bend Strip,Willow,US
Parker Lake Airport,Montana Creek,US
Young Creek Airport,May Creek,US
Victory Airport,Victory Bible Camp,US
Bradley Lake Hydroelectric Project Airstrip,Homer,US
Fireweed Airport,Mccarthy,US
Falcon Lake Strip,Point Mackenzie,US
Resort Airport,Foley,US
Flomaton Airport,Flomaton,US
Wilson Creek Airport,Florence,US
Bent Hickory Air Ranch Airport,Point Cedar,US
Eagletail Airport,Tonopah,US
Western Sky Airpark,Salome,US
Flying Bucket Ranch Airport,Mobile,US
Castle Well Airport,Morristown,US
Pom Wonderful Airstrip,Del Rey,US
Shepherd Farm Airport,Santa Ynez,US
Hoffman Airport,Santa Ysabel,US
Emory Ranch Airport,Ocotillo,US
Blech Ranch Airport,Shandon,US
Foxx Valley Airport,Yoder,US
Pinon Canyon Airport,Trinidad,US
Fox Hole Airport,Lafayette,US
Yosemite Hidden Lake Ranch Airport,Raymond,US
Krey Field,Adelanto,US
John Nichol's Field,Chula Vista,US
Fiorini Ranch Airport,Delhi,US
Sutter Butte Dusters Airport,Live Oak,US
Dave's Airport,Louisville,US
Crested Butte Airpark,Crested Butte,US
Lebeau Ranch Airport,Kiowa,US
Flying M & M Ranch Airport,Norwood,US
Van Treese Airport,Monte Vista,US
Ott's Landing Airport,Arcadia,US
The 2A Ranch Airport,Ormond Beach,US
Dugger Field,Freeport,US
Yoder Field,Blountstown,US
Breezy Knoll Airport,Defuniak Springs,US
Joy Farms Airport,Defuniak Springs,US
Harpers Fly-In Ranch Airport,Clewiston,US
Mc Daniel Ranch Inc Airport,Clewiston,US
Halls Flying Ranch Airport,Hampton,US
Mustang Field,Hartwell,US
"Airnautique, Inc Airport",Hartwell,US
Ayresouth Airport,Temple,US
Sunset Strip,Jersey,US
Paso Fino Farm Airport,Valdosta,US
Gentle Landings Air Park,Roberta,US
Pinewood Airport,Douglasville,US
Crystal Lake Airpark,Irwinville,US
Lookout Mountain Airport,Trenton,US
Pecan Patch Airstrip,Sunnyside,US
Mountain Airpark,Cleveland,US
Carpenter Airport,Appling,US
Pegasus Ranch Airport,Rocky Ford,US
Sharar Field,Mediapolis,US
Moore Airport,Millerton,US
South Fork Ranch Airport,Featherville,US
Ziggy's Airport,Filer,US
Flying Joseph Ranch Airport,May,US
Coyote Run Airport,Mountain Home,US
Black Butte Ranch Airport,Shoshone,US
Z X Ranch Airport,Murphy,US
Pinnacle Airport,Grangeville,US
Corral Creek Airport,Helmer,US
Chuck's Airport,Albany,US
Frost Field,Greenfield,US
Sutton's Field,Lowell,US
Winters Airport,Hall,US
Griffin Airport,Alma,US
Davis Rla Airport,Hammond,US
Jack W Watson Airport,De Kalb,US
Snider Field,Decker,US
Air Park Field,Woodburn,US
Byrne Field,Byrneville,US
Parrish Airport,Mount Vernon,US
Cady Aerial Airport,Deer Grove,US
J V Ranch Airport,Osage City,US
Leverton Airport,Udall,US
Norris Airport,Lawrence,US
Oasis Aerodrome,Great Bend,US
Moore Homestead Airport,Hays,US
Mono Aircraft Airport,Cheney,US
Pearce Field,Parsons,US
Lmn 120 Airport,Douglas,US
Owen Air Park,Owenton,US
Arnemann Farms Airport,Franklin,US
Boyce Wafer Farm Airport,Bowling Green,US
Clinton-Hickman County Airport,Clinton,US
Belcher Airpatch Airport,Belcher,US
Rebel Field,Walker,US
Kaufield Airport,Belvidere,US
Jerseyville Aviation Inc Airport,Jerseyville,US
Koenig Airport,Jerseyville,US
Flaherty Field,La Salle,US
Busboom Airport,St Joseph,US
Gord Airport,Sandwich,US
Theriot Field,Thibodaux,US
Stafford Airport,Cankton,US
Morgan Field,New Roads,US
Taylor Field,Sudlersville,US
Squier Landing Airport,Cobb Island,US
Walters Airport,Mount Airy,US
Peasley Field,Otis,US
Lesterson-Dempsey Airstrip,Gwinn,US
Fagen Field,Granite Falls,US
Flying G Airport,Creighton,US
Veach Field,Freeman,US
Harrison Airport,Hurdland,US
Sloan's Airport,Elsberry,US
Topton Air Estates Airport,Meridian,US
Morgan Field,Seminary,US
Addison-Henley Field,Pass Christian,US
Catfish Point Airport,Benoit,US
Shenandoah Valley Farms Airport,Houston,US
Kimp Airport,Hamilton,US
Cottonwood Airport,Laurel,US
Hanson Airport,Marion,US
Pinehurst Ranch Airport,Thompson Falls,US
Lone Hawk Airport,Whitefish,US
Lambs Field,Lone Jack,US
Rpm Airport,Fair Grove,US
Goerger Airport,Barney,US
Boyd's Turf Airport,Golva,US
H & J Strip,Elon,US
Lindsay Airport,Madison,US
Flying S Ranch Airport,Cleveland,US
Gilbertson Field,Flora,US
Schumacher Strip,Hague,US
Merrihew Airport,Ashby,US
Runner Landing Area Airport,Ashby,US
Flying V Airport,Utica,US
Dix Field,Linwood,US
Berdick Field,Cattaraugus,US
Westwind Farm Airport,Charlton,US
Seven Gullies Airport,Groveland,US
Columbus Municipal Airport,Columbus,US
Negrito Airstrip,Reserve,US
Bennetts Airport,North Creek,US
Kermizian Airport,Ohio,US
Murphys Lndg Strip,Perth,US
Wenskoski Field,Perth,US
Freeman Swank Farms Airport,Butler,US
Fry Airport,Piqua,US
Victor's Landing Airport,Kingsville,US
Hidden Quarry Airport,Lucasville,US
Mckey Airport,Elmore City,US
Viskup Family Field,Bartlesville,US
Rock Creek Farm Airport,Coal Gate,US
Chappell Airport,Guthrie,US
Ellis/Harvey Airport,Guthrie,US
Ramey 1 Airport,Marlow,US
Long Ranch Airport,Merrill,US
Rome Service Airport,Rome,US
Marr Field,Monmouth,US
Sutton On Rogue Airport,White City,US
Haunstein Airport,Shermans Dale,US
Robbins Farm Airport,Troy,US
Fisher Airport,Franklin,US
Lakeview Airport,Sheakeyville,US
Nichols Airport,Spartansburg,US
Memmi Airport,Three Springs,US
Drillmore Acres Airport,Newburg,US
Shriver Airport,Titusville,US
Frederick Airpark,Tylersburg,US
Carsonville Airport,Carsonville,US
Old Orchard Airport,Curwensville,US
Harman Airport,Elizabethville,US
Bledsoe Ranch Airport,Hoover,US
Smith Farms Airport,Halfway,US
Erco Field,Kaufman,US
B Flying Ranch Airport,Mason,US
Robertson Ranch Airport,Comstock,US
Hilltop Lakes Airport,Hilltop Lakes,US
Santa Maria Ranch Airport,Laredo,US
Lbj Ranch Airport,Johnson City,US
R & S Buzzard Airport,Spring Hill,US
Village Airport,Greenback,US
Mc Donald Airport,Murfreesboro,US
Riner Farm Airport,Norris,US
Hye Airport,Hye,US
Bass Breeze Ranch Airport,Cleveland,US
Flying U Airport,Mineral Wells,US
Nassau Bay Airport,Granbury,US
Pecan Plantation Airport,Granbury,US
Mill Iron Ranch North Airport,Wellington,US
Shiloh Airport,Flower Mound,US
Elm Creek Airpark,Seguin,US
Twisted Js Airport,Farmersville,US
Lz Mustang Airport,Kosse,US
Card Aerodrome,Greenville,US
Rambo Airfield,Warrenton,US
Johnson Fox Field,Bedford,US
Riverwood Airport,Iron Gate,US
Hunt Airport,Manquin,US
Worley Field,Rocky Mount,US
Brooklyn Airport,Manquin,US
Dwight Field,Chehalis,US
Curtis Airport,Curtis,US
Mort's Landing Airport,Comstock,US
Doering Farms Airfield,Monches,US
Snow Crest Ranch Airport,Montello,US
Dog Run Airport,Mondovi,US
Pickel Point Airport,Platteville,US
With Wings And A Halo Airport,Neenah,US
Rucilla's Roost Airport,Sequim,US
Shangri-La Airport,Selah,US
Coopers Landing Airport,Kennewick,US
Rockdale Airport,Rockdale,US
Freedom Air Ranch Airport,Freedom,US
Dorsey Creek Ranch Airport,Basin,US
Rnw Airport,Paradise,US
Seven C's Ranch Airport,Freer,US
74 Ranch Airport,Campbellton,US
Bar 3 Ranch Airport,Georgetown,US
John Fields Ranch Airport,Sonora,US
Anacacho Ranch Airport,Spofford,US
Dunbar Ranch Airport,Spofford,US
French Field,Bullard,US
Hunt Strip,Wasilla,US
Hilton Field,Delta Junction,US
Hickory Ridge Airport,White Hall,US
Farm Ag Airport,Buckeye,US
Mack Mesa Airport,Mack,US
Flying Baron Estates Airport,Leesburg,US
Seven Feathers Airport,Dunnellon,US
Beaverbrook Aerodrome,Griffin,US
Flyers Airport,Waterloo,US
Flat Top Airstrip,Muldoon,US
Fence Field,Jasonville,US
Gills' Landing Field,Elkton,US
Industrial Helicopters Inc Airport,Scott,US
Lejeune Aerial Applications Airport,Basile,US
Flying V Ranch Airport,Williamsburg,US
Johnston Farm Airport,Jackson,US
Smith Strip,Halliday,US
Zoellner Airport,Huron,US
Hickory Hills Airport,Norman,US
Flatwood Field,Lebanon,US
2C Ranch Airport,Laneville,US
Rosser Ranch Airport,Graham,US
Nashs Airport,Appomattox,US
Buds Landing Airport,Pound,US
Willow Creek Ranch Airport,Kaycee,US
Sterling Airport,Port Lavaca,US
Flying S Air Ranch Airport,Brownwood,US
Rocking T Ranch Airport,Delta Junction,US
Whetstone Airport,Huachuca City,US
B & L Farms Airport,Homestead,US
Williams Field,Middleburg,US
Koch Field,Hudson,US
Jr's Airport,Danville,US
Davis Field,Winfield,US
Thacker Airport,Chenoa,US
Jasmine Hill Airport,Glenmora,US
Bulljump Airport,Wareham,US
Tim's Airport,Salisbury,US
Redgate Ranch Airport,Williamsburg,US
Lammers Airport,Shawmut,US
Hop House Airpark,Fort Plain,US
Johnson Landing Strip,Millbrook,US
Hide-A-Way Hills Resort Airport,Bremen,US
Nail Spring Ranch Airport,Bonanza,US
Eakin Airport,Cranberry,US
Flying M Ranch Airport,Grandview,US
Denney Airport,Mcminnville,US
Flying R Airport,Huntsville,US
Devil's Reach Landing Airport,Oak Grove,US
Homeport Airport,Cheney,US
Thompson Creek Oilfield Airport,Hulett,US
Briar Lakes Ranch Airport,Palestine,US
Gibbons Airport,Marvell,US
Ranta Strip,Morristown,US
Newton Field,Stratford,US
Richter Aviation Airport,Maxwell,US
Plueger Airfield,Lemars,US
Flying B Ranch Landing Strip,Salmon,US
J & S Field,Darmstadt,US
Sooter Airport,Sedgwick,US
John M Foree Airport,New Castle,US
Kml Airport,Sulphur,US
Hains Airstrip,Rayne,US
Ridgeview Airport,Searsmont,US
Lincolns Field,Hingham,US
Atlantic Field Mcolf Airport,Atlantic,US
Pietschtree Airstrip,Burlington,US
Reisig Brothers Airport,Scottsbluff,US
Gile Pond Airport,Sanbornton,US
Westport Airport,Westport,US
T & C Acres Airport,Richard Springs,US
Mcgregor Airfield,Brookville,US
Flying M Airport,Kingston,US
Skinner Ranch Airport,Jordan Valley,US
Over The Hill Airport,Elgin,US
Balentine Woodbine Airport,Alvarado,US
Meadowlake Airport,Kingston,US
Blo Airport,Mineral Wells,US
D An P Farm Airport,Gainesville,US
Griffin Airport,Bertram,US
Red Annie Ranch Airport,Moab,US
Hop-Along Airport,Clifton Forge,US
Fowlers Nw 40 Airport,Spokane,US
Crazy Horse Airport,Hamlin,US
Black Diamond Airport,Burlington,US
Satterbergs Airport,Houston,US
Earle Airpark,Hastings,US
Oak Ridge Plantation Airport,Sylvester,US
Holt Airpark,Oak Park,US
Gage Airport,Decatur,US
Daniel's Landing Airport,Andover,US
Miles Airport,Owensboro,US
Socatean Bay Airport,Rockwood,US
Domeyer Airport,Lenox,US
Greener Pastures Airpark,Carriere,US
Sorenson Airport,Kremlin,US
Oak Grove Mcolf Airport,Pollocksville,US
Hock Airport,Culbertson,US
Beaverhead Airstrip,Silver City,US
Dusenbury Field,Walnut Cove,US
Aubrey Mountain Airstrip,Oakridge,US
Rigrtona Airport,Tidioute,US
Varisco Airport,Bryan,US
Van Es Ranch Airport,Oilton,US
Sunset Ranch Airport,Mico,US
Goatneck Airport,Cleburne,US
Rocky Pond Airstrip,Orondo,US
Nowatzski Field,Markesan,US
Flying 5B Ranch Airport,Iredell,US
Four Corners Airport,Palmer,US
Ruby Star Airpark,Green Valley,US
East River Airport,Armstrong,US
Peaceful Cove Airport,Boise,US
G & S Space Port Airport,Parker,US
Blue Haven Farm Airport,Paris,US
Serenity Field,Independence,US
Arrow Airpark,Flemington,US
Rose Field,Hickory,US
Sandy Rock Airport,Gildford,US
Camp Davis Mcolf Airport,Holly Ridge,US
Hagen Airport,Reeder,US
Heilman Airport,Kenton,US
Windy Hill Airport,Iowa Park,US
O S Wyatt Airport,Realitos,US
Mathers Field,Canadian,US
Keyes Ranch Airport,Dripping Springs,US
Krens Farm Airport,Hillsboro,US
Abilene Airport,Farmville,US
Crossroad Airport,Newport Center,US
Lz Ranch Airport,Olympia,US
Gillette's Lakewood Lodge Airport,Stone Lake,US
Frog Pond Airport,Sherman,US
Isbell Ranch Airport,Davilla,US
Golden North Airfield,Cantwell,US
Taylor Airport,Brickeys,US
Hunt Farms Airport,Merced,US
Cannon Creek Airpark,Lake City,US
Stella Airport,Bellvue,US
Scanlon Airport,Coeur D'Alene,US
Gittleson Farms Airport,Franklin Grove,US
Bugtown Airport,New Harmony,US
Cloverleaf Ranch Airport,Tiskilwa,US
Canapitsit Airport,Gosnold,US
Eagle Field,North Yarmouth,US
Tyler Farms Airport,Watkins,US
Monte Carlo Airport,Holts Summit,US
Saubak Airport,Lustre,US
Dragonfly Field,Ahoskie,US
Sindt Airport,Upland,US
Stoner Mem Airport,Randlett,US
J R Ranch Airport,Briggs,US
Aeroplex Airfield,Lucas,US
Flying J Airport,Sadler,US
Field Of Dreams Airport,Morgan,US
Fox Acres Airport,Warrenton,US
Oomrang Air Airport,Stanwood,US
Peterson Field,Oregon,US
Hauptrief Aero Airport,Johnson City,US
Toy Airpark,Liverpool,US
Gattis Strip,Wasilla,US
Heifer Creek Ranch Airport,Springfield,US
Yav'Pe Ma'Ta Airport,Skull Valley,US
Dry Pen Airport,Parachute,US
Little Deer Airport,Ochopee,US
Skinners Wholesale Nursery Airport,Crescent City,US
J-22 Ranch Airport,Milton,US
Stangl Airport,Coon Rapids,US
Harold Bunger Airport,Kirkland,US
Harmony Valley Airport,Independence,US
Evan Airport,Prairieville,US
High Valley Airport,North East,US
Barnstormers 5 Airport,Gaines,US
Findley Field,Beaufort,US
Bangart Field,Roberts,US
Lee's Airport,Edenton,US
Kalberer Airport,Bismarck,US
Korver Airport,Panama,US
Papp Airpark,Fort Edward,US
Trump Airport,Greenville,US
Entz Arts Airport,Hydro,US
Horseshoe Landing Airport,Cross Anchor,US
Seven Springs Airport,Toyahvale,US
Holly Lake Ranch Airport,Hawkins,US
16 L Ranch Airport,Normangee,US
Hamlin Airport,Hamlin,US
Hinrichsen Field,Perry,US
Echols Field,Mount Solon,US
Tightcliff Airport,Nine Mile Falls,US
Outlaw Flyers Airport,Conroe,US
Bredlow Farm Airport,England,US
Las Trancas Airport,Davenport,US
Skylane Ranch Airport,Berthoud,US
Cotton Strip,La Belle,US
Jumbolair Airport,Ocala,US
Panther Creek Airport,Newnan,US
Coyote Ridge Airport,Midvale,US
Dreessen Field,Walkerton,US
Pruss Airport,Farmers Retreat,US
Tamarack Landing Airport,Salina,US
Yankee Field,Port Barre,US
Bresett's Mountainside Airport,Van Buren,US
Rgl Field,Montgomery City,US
Lakeshore Heritage Airpark,Kalispell,US
B-B Airfield,Osborn,US
Mitchell Field,Elizabethtown,US
Re-Dun Field,Reading Center,US
Zombie Air Force Airport,Ammon,US
Kosik Airport,Kipton,US
Haas Airport,Bainbridge,US
Good Life Ranch Airport,Chickasha,US
Glide Aero Airport,Glide,US
Stone's Conservation Airport,Gary,US
Comfort Airpark,Comfort,US
Murphy Field,Jonesborough,US
Kimzey Airport,Stephenville,US
Ha-Rail Airport,Lake Mills,US
Lathrop Field,Davenport,US
Mandyland Airport,Floresville,US
Quahadi Ranch Airport,Dublin,US
18 Meadows Aerodrome,Haines,US
Buck Mountain Airport,Eureka Springs,US
Sky Ranch At Carefree Airport,Carefree,US
Bowles Airport,Live Oak,US
Skypark Estates Owners Assoc Airport,Baker,US
Sleepy Hollow Airport,Social Circle,US
Lefty's Landing Airport,Uvalda,US
Brandt Field,Kaunakakai,US
Mc Gill Airport,Cicero,US
Heritage Farm Field,Plymouth,US
Skamokawa East Valley Airport,Skamokawa,US
Cherokee Strip,Udall,US
Ruby Airport,Bristol,US
R & R Ranch Airport,Marshall,US
Hines Farm Airport,Motley,US
Gimlin Airport,Ozark,US
Johns Landing Airport,Jackson,US
Fish Ranch Airport,Jackson,US
Lanni Field,Lenoir,US
Bearpaw Airport,Menoken,US
Suggs Field,Kinston,US
Empire Airport,Empire,US
Strip In The Woods Airport,Woodstock,US
Boggy Bottoms Airport,Vickery,US
Red's Field,Amity,US
Slack Airport,Forest Grove,US
Spud View Airport,Upper Strasburg,US
American Dream Skyranch Airport,Ninety Six,US
Lost Creek Airport,Miller,US
West Kerr Ranch Airport,Junction,US
Alert Field,Big Sandy,US
Flying 'T' Ranch Airport,Caddo Mills,US
Lynn Airport,Newburg,US
Lantana Ridge Airport,Goliad,US
Icy Bay Airport,Icy Bay,US
Naylor Field,Naylor,US
Montezuma Airport,Camp Verde,US
Willow Pond Aviation Inc Airport,Fayetteville,US
Ancam Antique Airfield,West Burlington,US
Resler Airport,Churubusco,US
Charlie Bravos Airport,Dry Ridge,US
Self Forward Landing Strip,Leesville,US
Neiner Airport,Manteno,US
Estcourt Airport,Estcourt,US
Pritchett Field,Rolla,US
Nichol Airpark,Holly Springs,US
N Bar Ranch Airport,Grass Range,US
Double S Airport,Red Oak,US
Hoyt Airport,Mc Cook/Culbertson,US
Riveredge Airpark,Central Square,US
Four Seasons Airport,Reading,US
Nelson Ranch Airport,Maupin,US
Walnut Grove Airport,Mount Joy,US
Sexton Airport,Newberry,US
Ferraraccio Field,Clarksville,US
Silverhorn Ranch Airport,Freer,US
Flying W Airport,St. Paul,US
Key Way Airport,Stevenson,US
Erickson Field,Prairie Farm,US
Draggintail Acres Airport,Maypearl,US
Dallas Bay Sky Park Airport,Chattanooga,US
Crevice Creek Airport,Crevice Creek,US
Crosswind Lake Airport,Crosswind Lake,US
Kenai River Airpark,Soldotna,US
Talachulitna River Airport,Skwentna,US
Talaheim Airport,Skwentna,US
Tri-L Acres Airpark,Columbiana,US
Elsanor Airport,Robertsdale,US
Berry Field,Loxley,US
Moore Field,Moody,US
Walls Airport,Coy,US
Taylor Airstrip,Des Arc,US
Mcalister Airpark,Marble,US
Cherokee Strip,Gentry,US
Diamond Bluff Airport,Greers Ferry,US
Country Air Estates Airport,Lonoke,US
Bishop Airfield,Mobile,US
Kirkland Valley Airport,Kirkland,US
Skyline Air Ranch Airport,Sierra Vista,US
Willow Springs Ranch Airport,Bullhead City,US
On The Rocks Airport,Alpine,US
Reed International Airport,Nunn,US
Reck Airstrip,Platteville,US
Eagle Soaring Airport,Steam Boat Springs,US
Little Buttes Antique Airfield,Lancaster,US
Ancient Valley/Pontious Airport,Mojave,US
Williams Ranch Airport,Norwood,US
Bellmore Farms Airport,Nunn,US
Clifford Field,Olathe,US
Melon Field,Rocky Ford,US
Everitt Airport,Parker,US
Mckeown Airport,Middletown,US
Post Oak Ranch Airport,Crystal River,US
Pine Island Airport,Fort Myers,US
Villa Char Mar Airport,Fort Meade,US
Corkscrew Trace Airpark,Estero,US
Eagle Neck Airport,Shellman Bluff,US
Flying N Estates Airport,Luthersville,US
Grand Oaks Plantation Airport,Sasser,US
South One Ten Airport,Nashville,US
Aerie Airport,Monroe,US
C & W Air Park,Woodland,US
Answered Prayer Airport,Franklin,US
Flying D Airport,Concord,US
Daystar Strip,Patterson,US
Hay Field,Madison,US
Waverly Landing Airport,Waverly Hall,US
Beaux Ranch Field,Sandpoint,US
Oasis Airpark,Boise,US
Fairbanks Airfield,Eden,US
Simko Field,Inkom,US
Webster Airport,Homer,US
Van De Mark Airport,Culver,US
Barnstorm Field,El Paso,US
Flight Park Inc Airport,Millstadt,US
Holland Field,Mc Lean,US
Shearer Airport,Lewisville,US
Confer's Place Airport,Arcola,US
Robinson Airpark,Elizabeth,US
Bottoms Brothers Airport,Somerville,US
Cottingham Airport,Pine Village,US
Lee Farms Airport,Marion,US
Triple Creek Airport,Bement,US
Cribbet Airport,Blue Mound,US
Mahogany Mtn Airport,Silver Lake,US
Cochran Airport,Richmond,US
Risky Airport,Easton,US
Leo's Place Airport,Riley,US
Prichard Airstrip,Enterprise,US
Silers Plane Valley Airport,Salina,US
Buehler Airport,Scott City,US
Belleair Airport,Bonner Springs,US
Jordan Hill Farm Airport,Richmond,US
Triche Field,Hahnville,US
Goose Island Airport,Hayes,US
Ellerbe Field,Shreveport,US
Morrow Strip,Morrow,US
Jeff Isl Airport,Lafayette,US
Norfleet Airport,Monticello,US
Justison Airport,Hillsboro,US
Zoomer Field,Sheldon,US
Summerell Airport,Ferriday,US
Unknown Field,Southborough,US
Big Oak Farm Airport,Cambridge,US
Mayberry Run Airport,Westminster/Silver Run,US
Black River Ranch Airport,Onaway,US
Ernie's Field,Hemlock,US
Mckenzie's Landing Airport,Howell,US
Trudeau Airport,Milan,US
Wetherbee Farm Airport,Tenney,US
Hay Acres Airport,Akeley,US
Molnau Airpark,Waconia,US
Sky Harbor Residential Airpark,Webster,US
Windsoar Airport,Windsor,US
Lake Viking Airport,Gallatin,US
Landmark Mfg Corporation Airport,Gallatin,US
Double S Ranch Airport,Grandin,US
Sherlock Field,Gravois Mills,US
Peterson Airport,Goodman,US
"Columbus Afb Aux Field, (Gunshy) Airport",Shuqualak,US
Nine Quarter Circle Ranch Airport,Gallatin Gateway,US
Wood Strip,Elliston,US
Stillwater Airport,Whitefish,US
Bobcat Field,Philipsburg,US
Prill Field,Sand Coulee,US
Wilcox Airport,Billings,US
Medcalf Field,Republic,US
Smitty's Landing Airport,Ridgely,US
Church's Landing Airport,Rushville,US
Carlson Ag Airport,Wendell,US
Gienger/Box Bar Ranch Airport,Streeter,US
Preszler Airstrip,Braddock,US
Delk's Airport,Asheboro,US
Atwell Airport,Mooresville,US
Fletcher's Airport,Elizabeth City,US
Bell Strip,Pollocksville,US
Riley Field,Bunn,US
Arant Airport,Wingate,US
Lonesome Field,Gold Hill,US
Walkinshaw Airport,Argusville,US
Witthuhn Airport,Callaway,US
Sibbernsen Airport,Washington,US
Catalano Airfield,Wilmington,US
Boonville Airpark,Boonville,US
Chenango Bridge Airport,Binghamton,US
Me-Own Airport,Silver City,US
Boyd Field,Henderson,US
Fallon Southwest Airpark,Fallon,US
Richland Airpark,Richland,US
Bashore Airport,Pleasant Hill,US
Mole Airport,Grafton,US
Kepes Flying Field,Springfield,US
Ohio Air Spray Airport,Quincy,US
Dougherty Airport,Bellevue,US
Mather Field,Castalia,US
Lewis Airport,Peebles,US
Stone Airport,New Lebanon,US
Neversweat Airport,Bristow,US
Dave's Place Airport,Kingfisher,US
Entz Home Airport,Hydro,US
Wolfe Field,Bray,US
Entz Oliver Airport,Hydro,US
Grimes Airport,Maysville,US
5B Ranch Airport,Edmond,US
Hankins Airport,Marietta,US
Steciak Strip,Harrah,US
Sunnyhill Airport,North Bend,US
Sunset Airstrip,North Plains,US
Mac Field,Summerville,US
Skyhill Airport,Oregon City,US
Hinaman Acres Airport,Jersey Shore,US
Ridgeview Airport,Kellers Church,US
Wagner Airport,Lewistown,US
Leukhardt's Landing Airport,Mount Pleasant,US
Ickes Airport,Osterburg,US
Wicker & Wings Aerodrome,Trumbauersville,US
Lagniappe Stol Field,Pelzer,US
Gwinn Field,Hopkins,US
Dorsey Ranch Airport,Glad Valley,US
Burke Field,Scotland,US
Turkey Ridge Airport,Hurley,US
Vig Limousin Airport,Faith,US
Drake Farm Airport,White Lake,US
Bogner No Ii Airport,Oelrich'S,US
Area 142 Airport,Moran,US
Vigo Park Airport,Tulia,US
Last Resort Airport,Crockett,US
Thompson Field,Canton,US
Locker Brothers Airport,Muleshoe,US
Briscoes Catarina Ranch Airport,Catarina,US
Zuehl Airport,Marion,US
Flying J Airport,Hearne,US
Kahuna Bay Airport,Howe,US
Rmr Ranch Airport,Franklin,US
Cedar Crest Field,Lebanon,US
Pops Landing Airport,Sparta,US
Wagner Field,Belvidere,US
Paynes Landing Airport,Lynchburg,US
Into The Wind Airport,Seymour,US
Crumley Field,Bristol,US
Laas Farm Airport,Pattison,US
Dentonio Ranch Airport,Carrizo Springs,US
Landers Ranch Airport,Colorado City,US
Indianhead Ranch Airport,Del Rio,US
Middle Fork Ranch Airport,Lampasas,US
Beggs Ranch Airport,Guthrie,US
Laney Farm Airport,Hale Center,US
Muxworthy Airport,Hamilton,US
Hawk Ranch Airport,Hawkins,US
Stirling Farms Airport,Leeds,US
Sabot Airport,Sabot,US
Micro Airport,Stuart,US
Tye River Airport,Lovingston,US
Hazelswart Airport,Chase City,US
Whitehall Farm Airport,Montross,US
Mortimer Brown Landing Airport,Castleton,US
Pilot's Pastures Airport,Winlock,US
Fall City Airport,Fall City,US
Buzzy Field,Evansville,US
Aero Estates Airport,Raymond Township,US
Buzzards Roost Airport,Redgranite,US
Schmidt Ranch Airport,Northport,US
Kettle Moraine Airport,Dundee,US
Danielson Field,Star Prairie,US
Dw Airport,Gustine,US
Sky Acres Airport,Bowie,US
Mikeska Field,Brookshire,US
Flying Armadillo Field,Paige,US
Gloster Aerodrome,Sealy,US
Hackberry Airport,Chatfield,US
Itll Do Airfield,Sandia,US
Dunham Field,Crosby,US
Skye Dance Airport,Elgin,US
Red Sands Ranch Airport,Mason,US
Pinon Ranch Airport,Brackettville,US
Owen Field,Big Lake,US
Rak Airport,Guy,US
Mysterious Valley Airport,Pope Valley,US
Pratt Airport,Greenville,US
Lake Suzy Estates Airport,Port Charlotte,US
Earl L Small Jr  Field/Stockmar Airport,Villa Rica,US
Hobbes Field,Cumming,US
Harrington Airport,Idaho City,US
Canary's Airport,Franklin,US
Mitek Airport,Winslow,US
Isaacson Airport,Norway,US
Brushy Fork Field,Mcdaniels,US
Verona Landing Airport,Verona,US
K-John Airport,Crowley,US
Dixon Airport,Barlow,US
Prevost Airport,Lambert,US
Iveson Ranch Airport,Gerlach,US
Stafford Airport,Stafford,US
Mosquito Strip,Bristolville,US
Warner's Airport,Redland,US
Lutgen Airport,White,US
Liley Field,Fall Branch,US
Gone With The Wind Airport,Liberty Hill,US
Woodford Airpark,Bowling Green,US
Hawk Ridge Airport,Bedford,US
Harju Airport,Redgranite,US
Klutts Field,Chisholm,US
Montana Creek Airport,Talkeetna,US
Skarda/Tollville Airport,Hazen,US
White Mountain Lake Airport,Show Low,US
Kings Field,Clermont,US
Grame Airport,Troy,US
Southern Helicopters Airport,Baton Rouge,US
Solitude Airstrip,St Francisville,US
Moody Field,Gorham,US
Baker Farm Airport,Licking,US
Blythe Bayou Farms Airport,Walls,US
Harris Runway Airport,Bozeman,US
The Peninsula Airport,Shell Knob,US
Rosenau Airport,Upham,US
Propwash Airport,Kensington,US
Don Kichote-Quixote Airport,Morris,US
Ames Airport,Jefferson,US
Clearwater Airpark,Owensville,US
William Noble Higgins Memorial Aerodrome,Normangee,US
Ambia Farm Airport,Paris,US
Glastar Airport,Stockton,US
Eagles Nest Airport,Cheriton,US
Houston Airpark,Houston,US
Double Tree Farm Airport,Marysville,US
Flying E Airport,Brighton,US
Hidden River Airport,Sarasota,US
Riverside Airport,Plainville,US
Treasure Gulch Airport,Placerville,US
Lewis Airport,Mount Vernon,US
Horseshoe Mound Airport,Galena,US
Spangler Farm Airport,Ft. Wayne,US
Wd Flyers Airport,Simmesport,US
Couvillion Airport,Arnaudville,US
Laura's Landing Airport,Hagerstown,US
Sky Landings Airport,Lucedale,US
Wounded Buck Ranch Airport,Kalispell,US
Flint Ridge Airport,Siler City,US
Withrotor Airport,Lakeview,US
Smith Field,Springer,US
Iron Crown Airport,Silverton,US
Pharmnall Airport,Grandview,US
Larkspur Airstrip,Big Water,US
Southwind Airport,Dodgeville,US
Kissack/Reynolds Airport,Rozet,US
White Stone Ranch Airport,Hico,US
Longhorn Aux Landing Strip,Fort Hood (Killeen),US
Yuknis Airport,Wasilla,US
Classic Airstrip,Jonesboro,US
Moreton Airpark,Wickenburg,US
Aviation Acres Airport,Burlington,US
High Mesa Airport,Rush,US
Full Throttle Farm Airport,Clayton,US
Gyro Town Usa Airport,Wimauma,US
Lt Landing Airport,Dublin,US
Southfork Airport,Feathervlle,US
Jamison Field,Quinter,US
Kentucky Creek Landing Airport,Lindsborg,US
Barnes Farm Airport,Burna,US
Warner-Thunder Hill Airport,Covington,US
Dvoracek Field,Charlevoix,US
High Grove Airport,Preston,US
Shiloh Airpark,Brunswick,US
Smith Farms Airport,Moss Point,US
Waterfall Airport,Bozeman,US
Sean D Sheldon Memorial Airfield,Osceola,US
Windswept Airport,Windsor,US
Alliance Airport,Pittsgrove,US
Long Acre Farms Airport,Macedon,US
Whitfield's East Airport,Fairfield,US
Cedar Acres Airport,Revere,US
Rowland R Airfield,Tom Bean,US
Bertani Ranch Airport,Del Rio,US
Wheatland Airport,Buckingham,US
Willie's Airport,Springbrook,US
El Tejano Airport,Alvin,US
Shorthorn Aux Landing Strip,Fort Hood (Killeen),US
Griffin Ag Airport,Lundell,US
Pleasant Valley Airstrip,Young,US
Boswell Airport,Corcoran,US
Caddoa Creek Airport,Caddoa,US
Bee Field,Jewett City,US
Garcon Field,Milton,US
Isley Field,Cedar Falls,US
Flying Z Ranch Airport,Challis,US
Williams Flying Field,Hartsville,US
Weiss Acres Airport,Viola,US
Pk Field,Prairieville,US
Lambert Airport,Pinckneyville,US
Slip Knot Landing Airport,Windham,US
Mistwood Airport,Camdenton,US
Haggerty Airport,Bozeman,US
Mc Gee Field,Monroe,US
Orr Airport,Lakeside,US
Taildragger Acres Airport,Salem,US
Indian Creek Airport,Lincolnton,US
Reeds Airport,St Paris,US
Spring Hill Airport,Sterling,US
The Farm Airport,Summit,US
Moore Ranch Airport,Centerville,US
Mccutchen Landings Airport,Mertzon,US
Cherrystone Airport,Cheriton,US
Cross-B Airport,San Antonio,US
Skyflight Airport,Fairbanks,US
Honeybee Lake Aero Park Airport,Willow,US
Cedar Creek Ranch Airport,Belleville,US
Mystery Well Ranch Airport,Portal,US
Loma Madera Ranch Airport,Santa Ysabel,US
Lux Field,Hartsel,US
Van Dyke Strip,Pleasant Grove,US
Crystal Lakes Airport,Red Feather Lakes,US
Connells Wahoo Airport,Bushnell,US
Jj's Ranch Airport,Douglasville,US
Virl B Deal Airfield,St. Ansgar,US
Holzwarth Flying Service Airport,Virden,US
Reid-Eash Airport,Howe,US
Wyrill Farming Airport,Kirwin,US
Plane Crazy Airport,Albany,US
Whalen Field,Sudlersville,US
Howard Airfield,St. Johns,US
Cook Airport,Carl Junction,US
Blatter Airport,Glasgow,US
Smith Air Strip,Asheboro,US
Landeis Airstrip,Mandan,US
Presby Field,Franconia,US
Loucks Airport,Hammondsport,US
Dream Catcher Ranch Airport,Pie Town,US
Hammond Airport,Louisville,US
Wildlife Ranch Airport,Comanche,US
Mountain Ridge Airport,Greenville,US
Ferris Airport,Baytown,US
Miller Airfield,Dalhart,US
Chennault Airfield,Cut And Shoot,US
Toddsbury Farm Airport,Aylett,US
Ct Fields Airport,Galax,US
Little Plum Creek Airport,Pepin,US
Headwaters Airport,Fredericksburg,US
Moonbow Field,Waxahachie,US
S.C. Stagner Field,Saraland,US
"Fly ""N"" K Airport",Searcy,US
Marvell West Airport,Marvell,US
Flying Dares Ranch Airport,Aguila,US
Boeckmann Ranch Airport,Wilton,US
Ranchita 2608 Airport,Ranchita,US
Hennessy Airport,Arcadia,US
Little Airport,Summerville,US
Midway View Farms Airport,Correctionville,US
Moose Lodge Airport,Sandpoint,US
Straeter Rla Airport,Highland,US
Ficklin-Airtech Airport,Fairbury,US
Pepperell Airport,Pepperell,US
Van Strien Airport,Lowell,US
Christianson Field,Halstad,US
Hutchinson Airport,Hingham,US
Boonville Airport,Boonville,US
Fleck Airfield,Mandan,US
Darrow Field,Fallon,US
Oakridge Ranch Airport,Eagle Point,US
Ross Airport,Wakeman,US
Pheasant Wings Airport,Sasakwa,US
Kitty-Wompus Airport,Exeland,US
Tatum Ranch Airport,Blanco,US
Johnson Strip Yentna Airport,Skwentna,US
Little Texas Airport,Tuskegee,US
Eagle Roost Airpark,Aguila,US
Holiday Ranch Airport,Apple Valley,US
Sopwith Farm Airport,Pleasant Grove,US
Stanchester Airport,Lithia,US
Wilson Airstrip,Carrollton,US
Oldfield Aero Airport,Keosauqua,US
Huddleston Airport,Filer,US
Gelfius International Airport,Dahlgren,US
Bellamy Farm Airport,Goodland,US
Sullivan Field,Valmeyer,US
Myles Landing Airport,Church Hill,US
Miller Field,Vassar,US
Lake Bronson Airport,Lake Bronson,US
Route 66 Airfield,Carthage,US
Jolly Field,Carthage,US
Overland-Lohse Field,Alamo,US
Hendricks Field,Grant,US
Mohawk Air Park,Schyler,US
C A G Farms Airport,Angier,US
Schaller Airport,Findlay,US
Thomas Landing Airport,Ponca City,US
Van Blarcom Airport,Columbia Cross Roads,US
Sands Hill Airport,Carmine,US
Jc's Airport,Conway,US
Fox River Airport,Rochester,US
Kurt's Field,Poca,US
Sport Flyers Airport,Brookshire,US
Gates Ranch Airport,Glacier View,US
Foshee Airport,Millbrook,US
Henley Aerodrome,Charlotte,US
Sampleys Airport,Aguila,US
Dos Palos Airport,Dos Palos,US
Albanna Aviation Airport,Felton,US
Jim Finlay Farm Airport,Cresent City,US
D Bar C Airport,Dixie,US
Cedar Farm Airport,Laconia,US
Brandon Airdrome Airport,Murray,US
Cannizzaro Field,Southwick,US
Miller-Herrold Airport,Cedar,US
River Ridge Ranch Airport,Welch,US
Pasley Airport,Roscoe,US
Cain Ranch Airport,Lincoln,US
Big Thunder Airport,Clarkson,US
Clayton Airfield,Clayton,US
Dry Pond Airport,Rutherfordton,US
Spaulding Aerodrome,Cassadaga,US
Houk Field,Lyons,US
Pellar Farm Airport,El Reno,US
Parrett Mountain Airport,Newberg,US
Boyer Airport,Wernersville,US
Duval County Ranch Company Airport,Freer,US
Midlake Airport,Elmendorf,US
Left Wing Low Airport,Bynum,US
Lehman Airport,Vernon,US
Robert L Delanoy Airport,Vancouver,US
Rutherford Airport,Arkansaw,US
Remington Field,Delta Junction,US
Miller's Mother Lode Airport,Georgetown,US
Rolling Meadows Airfield,Sharpsburg,US
Hilltop Airport,Sidney,US
Patterson Field,Emmett,US
Judd Farms Airport,Lostant,US
Homestead Airport,Columbia City,US
Socks Flyers Airport,California,US
Sawyer Field,Mason,US
Wetenkamp Airport,Tintah,US
Rollert Farm Airport,Smithville,US
Craik Airport,Trout Creek,US
Larry F Warren Field,Efland,US
Fox Airport,Magnolia,US
Smith Airpark,Hinton,US
Sunrise Valley Ranch Lodge Airport,Prineville,US
Stateline Airport,Hookstown,US
Hannah Rhea Field,Walterboro,US
Lockett Airport,Vernon,US
Rhynalds Ranch Airport,Remington,US
Mac Kenzie Country Airpark,Point Mackenzie,US
Blair Lake Airport,Fairbanks /Ft Wainwright/,US
Clear Creek Airport,Fairbanks /Ft Wainwright/,US
Bootleggers Cove Airport,Homer,US
Johnstone Point Airport,Hinchinbrook,US
Hog River Airport,Hogatza,US
Helio Airport,Big Lake,US
Icy Cape Afs Airport,Icy Cape,US
Independence Creek Airport,Independence Creek,US
Collier Airpark,Magnolia Springs,US
Emerald Mountain Airport,Wetumpka,US
Tranquility Base Airport,Springville,US
Flying H Ranch Airport,Fort Payne,US
Dale O Galer Aerodrome,Irvington,US
Mount Aero Lake Farm Airport,Hanceville,US
Finkley Farm Airport,Phenix City,US
Bully Henry Airport,Lonoke,US
Etna Airport,Ozark,US
Mc Crory/Morton Airport,Mc Crory,US
Head Airfield,Prescott,US
Hickman Airport,Black Oak,US
Indian Hills Airpark,Salome,US
Millar Airport,Maricopa,US
Ethnos Air Airport,Mcneal,US
Cones Field,Twentynine Palms,US
Blackinton Airport,Valley Center,US
B & E Ranch Airport,Yucca Valley,US
Bijou Springs Ranch Airport,Peyton,US
West Divide Airport,Silt,US
Yukon Airport,Elizabeth,US
Kellogg Airstrip,Laporte,US
Brownsville Airpark,Brownsville,US
Longbell Ranch Airport,Tennant,US
Mustang Airport,Galt,US
Tenaja Valley Airport,Murrieta,US
Wonderful Pistachios & Almonds Airport,Lost Hills,US
Lake Arrowhead Airport,Lake Arrowhead,US
Las Arenas Earth And Sky Observatory Airport,Alamosa,US
Jackrabbit Strip,Milliken,US
Gunnison River Farms Airport,Austin,US
Willaview Airport,Farmington,US
Hrupsa Airport,Felton,US
Murphy's Landing Airport,Milford,US
Sawgrass Airport,Ormond Beach,US
Monroe Airpark,Belleview,US
Long Branch Farms Airport,Baker,US
Thunderbird Airpark,Crescent City,US
Central Florida Airpark,Coleman,US
Frontier Airport,Hastings,US
Mount Olive Farm Airport,Lamont,US
Lazyboy Airport,Branford,US
Hobby Hill Airport,Weirsdale,US
Marjorie Kennan Rawlings Airport,Island Grove,US
Tully Rv Airpark,Oak Hill,US
Crystal Village Airport,Wausau,US
Folsom Airport,Cypress,US
Kennedy Intranational Airport,Newborn,US
Poole Farm Airport,Oxford,US
Swaids Field,Springfield,US
Windrift Aerodrome,Concord,US
Aubrey's Airpark,Statesboro,US
Shannon Flight Strip,Shannon,US
Lenora Airport,Snellville,US
Andy Fields Airport,Newnan,US
Jungmanns Landing Airport,Adel,US
South 80 Field,Crystal Lake,US
Linda's Roost Airport,Mackay,US
Josephine Ranch Airport,Triangle,US
Splan Airport,Mccall,US
Lemons Field,Fruitland,US
Indian Hills Flying Field,Kokomo,US
Stottlemyer Airport,Frankton,US
Baird-Wolford Airport,Tipton,US
Woodley North Airport,Shannon,US
Mc Cartney Airport,Durand,US
Watters Airport,Dwight,US
Ben Emge Airport,Belleville,US
Meadow Creek Airport,Monee,US
Skip's Place Airport,Ossian,US
Gerig's Field,Roanoke,US
Tatertown Airport,Medaryville,US
Scott Field,Argos,US
Galloway Airport,Noblesville,US
Jackson Field,Elmira,US
Pontiac Flying/Cooksville Airport,Cooksville,US
Stuber Flying Ranch Airport,Severy,US
Edwards Grass Strip,Fowler,US
Mahoney Farm Airport,Dorrance,US
Flying H Airport,Seneca,US
Vonada Airport,Sylvan Grove,US
Starshire Farm Airport,Topeka,US
Eubank Field,Fountain Run,US
Skyfall Airport,Scottsville,US
Oz Airport,Elizabethtown,US
Womstead Field,Olive Hill,US
Central Industries Airport,Intracoastal City,US
Baham Airstrip,Opelousas,US
Bunkie Flying Service Airport,Bunkie,US
Reed Airfield,Iota,US
Howell 1 Airport,Jackson,US
Costello Airport,Oak Grove,US
Fokker Field,Bush,US
Weihler Airport,Sherrard,US
Miller Airport,Lincoln,US
Adams Number 2 Airport,Pontiac,US
Majors Airpark,Melville,US
Recompense Farm Airport,Clements,US
Ennis Aerodrome,Salisbury,US
Cherry Field,Lexington Park,US
Greater Gortner Airport,Oakland,US
Heartstone Farm Airport,Charleston,US
Somers Lane Airport,Ashley,US
Somerville Airport,Ada,US
The Farm Airport,Whittemore,US
Cackleberry Airport,Dexter,US
Capen Airport,Mecosta,US
Pribbs Field,East Grand Forks,US
Dreamcatcher Airport,Jacobson,US
Cornfield Canyon Airport,Blue Earth,US
Van Normans Airport,St Charles,US
Fussy Airport,North Prairie,US
Med-City Aviation Airport,Rochester,US
Fletcher Field,Centerview,US
Bird Field,Willard,US
Northwood Airport,Holt,US
Breckenridge Airport,Rockville,US
Lee's Flying Park Airport,Carthage,US
Fawn Lake Airport,Warrenton,US
Bob White Airport,El Dorado Springs,US
Runway Ranch Airport,Kansas City,US
Shockley Field,Caledonia,US
Spencer Field,Grenada,US
Bates Airstrip,Kalispell,US
Ryan Field,West Glacier,US
Braidwater Farm Airport,Kalispell,US
Briar Creek Airport,Bozeman,US
South Boulder Airport,Cardwell,US
Gold Creek Airport,Drummond,US
Zarn Airport,Amboy,US
Sevcik Farms Airport,Faribault,US
Soderquist Airport,Wilton,US
Mountain Air Airport,Burnsville,US
Hawk's Knoll Airport,Waxhaw,US
Scottbrook Farm Airport,Goldsboro,US
Flying M Airport,Lexington,US
Scotland Neck East Airport,Scotland Neck,US
Goodnight's Airport,Kannapolis,US
Kraft Airport,Mapleton,US
Westerlind Airport,Mercer,US
Makeeff Airport,Mercer,US
Casslindan Airport,Grand Forks,US
Cloud 9 Airport,Turtle Lake,US
Fiebiger Airport,Montplier,US
Brekhus Field,Norma,US
Johnson Lake Airport,Elwood,US
Rusty Crankshaft Airport,Hickman,US
Coppersmith Airport,Grainton,US
Kumor Airport,Grant,US
Walvoord Field,Hickman,US
Pilgrim's Home Airfield,Westmoreland,US
Jugtown Mountain Airport,Pattenburg,US
Weidel/Pvt/ Airport,Pennington,US
Sanduff Farms Landing Field,Phillipsburg,US
Rose Field,Orient,US
Eagles Eye Airport,North Bay,US
Old Orchard Airpark,Modena,US
High Desert Ranch Airport,Corona,US
Elkins Field,Clarkton,US
Gibb Ranch Airport,Sparks,US
Catskill Valley Airpark,South Cairo,US
Towner Farm Airport,Addison,US
Kayutah Lake/James & Helene D Allen Memorial Airport,Alpine,US
Bristol Airstrip,Bristolville,US
Mackie's Airport,Midland,US
Victory Field,Donnellsville,US
Fl-Airfield Airport,Marysville,US
Hilltop Airport,Cambridge,US
El Rancho Airport,Fields,US
Bohannan Airport,Kilbourne,US
Cedar Creek Airport,Shauck,US
Smith Field,Troy,US
Pfeiffer Field,Collinsville,US
Port-O-John Airport,Derby,US
Crazy Bob's Airport,Westfield Center,US
Vr Airstrip,Marlow,US
Mercury Ranch Airport,Milburn,US
Twin Lakes Airport,Midwest City,US
Rock Ridge Airport,Blanchard,US
Ragwing Acres Airport,Mounds,US
Ratcliff Ranch Airport,Vinita,US
Cole Landing Area Airport,Newcastle,US
Caribou Airport,Piedmont,US
Nielsen Airport,Oregon City,US
Big Muddy Ranch Airport,Antelope,US
Davidson Field,Jefferson,US
Heavens Gate Ranch Airport,Oakland,US
Lockhart Airport,Ironside,US
Boehm's Field,Lackawaxen,US
Hillview Airport,Auburn,US
Marici Airport,Lake Ariel,US
Boden Airport,Lakewood,US
The Old Commonwealth Aerodrome,Shartlesville,US
Shulls Airport,Landisburg,US
Swift Aero Field,Westfield,US
Baker-Sell Airport,Woodbury,US
Fisher Family Farms Airport,Zelienople,US
Mathna Airport,York Springs,US
Ridgewood Air Airport,Waterloo,US
Laurel Hill Farms Airport,Mcclellanville,US
Gaston Airport,Gaston,US
Paradise Valley Airport,Nemo,US
Strouckel Farm Airport,Roscoe,US
Nicolaisen Airport,Mount Vernon,US
Dangel Airport,Hurley,US
Wings On The Prairie Airport,Sioux Falls,US
Tc Field,Ipswich,US
Shale Valley Ranch Airport,Burnet,US
Triangle Ranch Private Airport,Pine Springs,US
Mario's Flying Pizza Airport,Sealy,US
El Coyote Ranch Airport,Encino,US
Mafrige Ranch Inc Airport,Carta Valley,US
Eagle Air Park,Brazoria,US
Flying Oaks Airport,Fort Worth,US
Frels Airport,El Campo,US
Piano Ranch Airport,Flatonia,US
Burris Ranch Airport,Karnes City,US
Beach Ranch Airport,Post,US
Stand Fast Airport,Langtry,US
Wings Field,Hickory Valley,US
Rocky Acres Airport,Lewisburg,US
Shoemaker-Shelby Forest Airport,Millington,US
Wolf Creek Airport,Kingston,US
Soggy Bottom Airport,Dowelltown,US
Shofner Farms Airport,Harlingen,US
Tigerbird Field,Waco,US
Bailey Airport,Stockdale,US
Mcbee Field,Wills Point,US
Blue Sky Airfield,Amarillo,US
Russell Paradise Airport,Elmendorf,US
Lewis Ranch Airport,Encinal,US
Mcgregor Airport,Gatesville,US
Everitt Airport,Idalou,US
Jw Airport,Justin,US
Eagle's Landing Airport,Krum,US
Buzzard Creek Airstrip,San Saba,US
High Meadow Ranch Airport,Duck Creek Village,US
Fort Ranch Airport,Brigham City,US
Glogen Farms Airport,Wellsville,US
Jett Airpark,Edwardsville,US
Melville Airstrip,Surry,US
Merlin Aerodrome,Amelia Court House,US
Rosegill Farm Airstrip,Urbanna,US
Nimcock Airport,Saluda,US
Linville-Edom Airport,Harrisonburg,US
Seven Gables Airport,Orange,US
Folly Neck Airport,Warsaw,US
Diamond Point Airstrip,Sequim,US
Red Rock Field,Royal City,US
Stuart Island West Airport,Friday Harbor,US
Rice Ranch Airport,Grand Coulee,US
Kramer Ranch Airport,Harrington,US
Touchet Valley Airport,Huntsville,US
Uff-Da Airport,Stoughton,US
Plows & Props Airport,Springfield,US
Blair Lake Airport,Mercer,US
Matson Airport,Stoughton,US
Hecklers Strip,Mount Vernon,US
Davies Airport,Oostburg,US
Bulldog Ranch Airport,Oxford,US
Curns Airport,New London,US
Murmuring Springs Airport,Necedah,US
Cunningham Airport,Granton,US
Planeacres Airport,Fisk,US
Hillcrest Airport,Goldendale,US
Connors Lake Landing Airport,Webster,US
C R Acres Airport,Greenleaf,US
Hales Landing Airport,Elizabeth,US
Willow Bend Airport,Union,US
Bar Flying E Airport,Cody,US
Great Horizon Ranch Airport,Cotulla,US
Knape Airport,Danbury,US
Someday Ranch Airport,Lockhart,US
Tailwheel Airport,Longview,US
Harris Ranch Airport,Johnson City,US
Indio-Faith Airport,Carrizo Springs,US
Glad Oaks Airport,Athens,US
Cross Triangle Ranch Airport,Twin Sisters,US
Annandale Ranch Airport,Uvalde,US
Benson Airstrip,Uvalde,US
Doyle Estates Airport,Kenai,US
Phalanx Airport,Greers Ferry,US
Kielberg Canyon Airport,Tucson,US
Desiderata Ranch Airport,Guffey,US
Cox Field,Flovilla,US
Papas Place Airport,Danielsville,US
4Z Ranch Airport,Hailey,US
Drago Air Airport,Mulberry,US
Aero Lake Estates Airport,Genoa,US
Flugplatz Airport,Hutchinson,US
Williams Airpark,Chapin,US
Wolverton's Field,Buchanan,US
Matzie Airport,Lebanon,US
Nistler Helena Airport,Helena,US
Riverside Farm Airport,Advance,US
Nebraskaland Aviation Airport,Campbell,US
Coye Field,Canadice,US
Bero Field,Vernonia,US
Nolnacs Airport,Stahlstown,US
Barber Field,Aberdeen,US
Tri-Modal Air Park,Georgetown,US
Cone Airport,Ralls,US
Roland Ranch Airport,Lockhart,US
Burg Lake Aero Airport,Stonewall,US
Chambers Island Airport,Chambers Island,US
Dalrymple's Airport,Fairbanks,US
Diamond Star Ranch Airport,Colorado City,US
Whomble Airport,Wray,US
S & S Avion Ranch Airport,Oxford,US
Forever Florida Airport,Melbourne,US
Tailwind Ranch Airport,Gordon,US
Thunder Ridge Airport,Sandpioint,US
Herbs Field,Rising Sun,US
Timber House Airport,Lafayette,US
Wild Blue Airport,Paris,US
Norm's Field,Belchertown,US
Hannah Airport,Bolckow,US
Reverse 5 Bar M Airport,Great Falls,US
Scott Airport,Waco,US
Aberdeen Field,Smithfield,US
Oslo Corners Airport,Iola,US
Berlin Field Llc Airport,Berlin,US
Indian Falls Ranch Airport,Llano,US
Fly-N-Ski Airport,Merit,US
Stone Airstrip,Lemoore,US
Bob's Flying Service Inc Airport,Knights Landing,US
Braun Airport,Penrose,US
Sunset Strip Airpark,Okeechobee,US
Sebastian Cove Airport,Eatonton,US
Chimney Creek Airport,Fairfield,US
Roberts Airport,Vevay,US
Scudder Field,Rising Sun,US
Baker Airport,Kilbourne,US
Wilkens Airport,Healy,US
Stevens Strip,Ponchatoula,US
Roseland Airport,Sudlersville,US
Don's Landing Field,Watkins,US
Browns Landing Airport,Foxworth,US
Vbob Airport,Twin Bridges,US
Hall Field,Parkton,US
Sandy Creek Airport,Mooresville,US
Rall Field,Mansfield,US
South Farm Airport,Hydro,US
Pine Hollow Airport,Wamic,US
Black Rock Airport,New Brighton,US
Flying W Ranch Airport,Harwood,US
M-4 Airport,Willis,US
The Mesquite Bean Airport,Ovalo,US
Rockpile Ranch Airport,Kent,US
Ross Airport,Orondo,US
Dalonia Airport,Hortonville,US
Double L Ranch Airport,Etna,US
Nugget Bench Airport,Nugget Bench,US
Skypoint Estates Airport,Greers Ferry,US
Yolo Ranch Airport,Camp Wood,US
Oak Country Ranch Airport,Paso Robles,US
Melby Ranch Airstrip,San Luis,US
Irish Hills Farms Airport,Bethlehem,US
Russakis Ranch Airport,Okeechobee,US
R O Ranch Airport,Mayo,US
Flying S Ranch Airport,Kenansville,US
Hudson River Landing Airport,Carnesville,US
Marine Farms Field,Wilton,US
Ozzy's Airport,Fairfield,US
John Scharff Airport,Clinton,US
Buena Terra Airport,Topeka,US
Bigger (Stol) Airport,Utica,US
Sky Ranch Airport,Youngsville,US
Zenith Landing Airport,Hinkley,US
Freedom Strip,Purvis,US
Easley Acres Airport,Lucama,US
Orr Ranch Airport,Hay Springs,US
Wayne Delp Airport,West Coxsackie,US
Myrick Airport,Edmond,US
Crow-Mag Airport,Elmira,US
Lake Bonanza Airport,Montgomery,US
Donna Field,Pottsboro,US
Fox Fire Airport,Halifax,US
Sky View Acres Airport,Williamstown,US
Franz Ranch Airport,Warden,US
Skidmo Air Airport,Etna,US
Poetry Landing Airport,Royse City,US
Cardwell Strip,Palmer,US
Woodbridge Field,Marked Tree,US
Elk Park Ranch Airport,Allenspark,US
Bonanza Hills Airport,Snelling,US
Simons Airport,Aurora,US
Blue Ridge Flightpark Airport,Oakhill,US
Bncfl Airport,San Mateo,US
Beck Airport,Russell,US
Freeman Creek Airport,Cavendish,US
Burk Personal Use Airport,Anderson,US
G Bray Airport,Lewistown,US
Old Glory Field,Fort Wayne,US
Lone Pine Aerodrome,Auburn,US
Swamp Smith Airport,De Ridder,US
De Witt Property Airport,Spring Lake,US
Plath Farms Airport,Davenport,US
Evans Ranch Airport,Hershey,US
Blews Airport,Bridgeton,US
Horizon Air Airport,Waterloo,US
Arend Airport,Mark Center,US
Mohican Airpark,Shreve,US
Haymaker Airport,Hennessey,US
Lykens Valley Flying Assoc Airport,Elizabethville,US
Fox Field,Newport,US
Toms Creek Airport,Kingstreee,US
Zq Ranch Airport,Wolfe City,US
Bee Creek Airport,Maypearl,US
Canyon Lake Airport,Canyon Lake,US
Thiessen Field,Baraboo,US
Flying Hare Field,Conroe,US
Poker Bluff Airport,Willow,US
Sweet Springs Airport,Searcy,US
Lima Hana Field,Sunizona,US
Cat Ag Air Airport,Newman,US
Lone Tree Ranch Airport,Punkin Center,US
Rimes Lakecrest Airport,Cross Creek,US
Rush Airport,Trenton,US
Frazier Airport,De Witt,US
Bluebird Airport,Salmon,US
7Th Heaven Airport,La Moille,US
Ellison Airport,Tipton,US
Enoch Airport,Findlay,US
Welcome Field,Franklin,US
Ms Pats Airport,Abbeville,US
Matinicus Island Airport,Matinicus Island,US
Law Field,Vermontville,US
Wipline Airport,Inver Grove Heights,US
Haynes Ranch Airport,Billings,US
Shelburnes Airport,Ogallala,US
Airborne Acres Airport,Lyndonville,US
Friendship Field,Mars Hill,US
Haymaker Private Airport,Dover,US
Henderson Farm Airport,Mooreland,US
Wieser Angus Ranch Airport,Fredericksburg,US
Hawkins Field,Godley,US
Flying B Ranch Airstrip,Abilene,US
Fisher Ranch Airport,Washtucna,US
Rcade Ranch Airport,Livingston,US
Flyway Farm Airstrip,Wasilla,US
Hidden Springs Airpark,Ozark,US
David Stanley Memorial Airport,Gregory,US
Stone Land Company Airport,Stratford,US
Tonner Field,Beaman,US
Newby Landing Airport,Brownsburg,US
White Farms Airport,Galesburg,US
Arnolds Airport,Springfield,US
Backstrom Airport,New Trier,US
Harrison Pvt Airport,Rolla,US
Edwards 1 Airport,Leland,US
16 Ranch Airport,Grass Range,US
Fly Sky Airport,Hickory,US
Frevert Airstrip,Wausa,US
Wright's Field,Conesville,US
Jasper Ridge Airstrip,Springfield/Jasper,US
Ruckman Field,Clarksville,US
Skyview 360 Airport,Round Mountain,US
Bob's Field,Trout Lake,US
Holland Air Park,Holmen,US
Mill Iron Ranch South Airport,Wellington,US
Ponca Int Airport,Ponca,US
Sarita Airport,Coolidge,US
Billy Joe Airport,Temecula,US
Lyall Airport,Escondido,US
Cecil Ranch Airport,Grimes,US
Flying Harness Farms Airport,Bell,US
Nemo Field,De Witt,US
Hungry Ridge Ranch Airport,Grangeville,US
Minder Airport,Lincoln,US
Felix Airport,Stockwell,US
Hilbert Airport,Marengo,US
Wayne Brown Airport,Clayton,US
Dale Curten Farm Airport,Modoc,US
Mayes Homestead Airport,Polo,US
P2 Landing Airport,Clinton,US
Sunset Strip,Dunn Center,US
Watermeier Airport,Burr,US
Vey Sheep Ranch Airport,Starkey,US
Freyer Field,Hitchcock,US
Jlinn Airport,Greenville,US
Yates Field,San Saba,US
Baumann Farm Inc Airport,Washtucna,US
Docken Field,Mount Horeb,US
Skydive Houston Airport,Waller,US
Sawtooth Plantation Airport,Hurtsboro,US
Williams Field,Siloam Springs,US
Riego Flight Strip,Verona,US
Sanborn Airport,Meridian,US
Garys Airport,Estherville,US
Sky Ranch North Airport,Nampa,US
Hampton Field,Greencastle,US
Hamer Rla Airport,Dana,US
Fuller Field,Brownsburg,US
Winchester Airport,Nauvoo,US
Whiteville Airport,Ville Platte,US
Chicora Field,Allegan,US
Barber Airport,Annada,US
Yellow Dog Airport,Isola,US
Bhh Aviation Airport,Ruffin,US
Schroeder Private Airport,Erie,US
Boardman Aerial Airport,Henderson,US
Industry Air Park,Baltimore,US
Ronshausen Airport,Darbyville,US
Aerequus Airport,Solebury,US
Sugar Grove Airport,Westmoreland,US
Olympus Airport,Campbell,US
Hoytsville Airport,Coalville,US
Muddy Paw Airport,Shelburne,US
Blakely Island Airport,Blakely Island,US
Northport Airport,Royalton,US
Northstar Airport,Davenport,US
River's  Edge Farm Airport,Capon Bridge,US
Walk-Air Airport,Tyler,US
San Rafael Ranch Airport,Santa Elena,US
Kroenke Strip,Palmer,US
Eifling Field,Lonoke,US
Sanders Ranch Airport,Melrose,US
Ancient Oaks Airport,Steinhatchee,US
Husband Field,Dallas Center,US
Getaway Field,Kendrick,US
Miller Field,Topeka,US
Kieser Field,Bloomington,US
Roberts Field,Sulphur Springs,US
Papas Dream Airport,Parsons,US
Sullivan Airport,Hamilton,US
Barton Hall Airfield,Leonardtown,US
Huber Airport,Crystal Falls,US
Gardner Airport,Springfield,US
Flying E Ranch Airport,Helena,US
Crosswind Meadows Airport,Minerva,US
Paradise Air Haven Airport,Goldsby,US
Nelson's Run Airport,Mercer,US
Rizzy Ridge Airport,Clover,US
Flying Tigers Airport,Paris,US
Big Sandy Airpark,Big Sandy,US
Sugar Creek Field,Cleburne,US
Tailskid Ranch Airport,Tum Tum,US
J & B Airport,Viola,US
Skelton Airport,Eureka,US
Niklason Lake Estates Airport,Palmer,US
Songlo Vista Airport,Talkeetna,US
Johnson Airport,Kenai,US
Drift River Airport,Kenai,US
B & B Boys Ranch Airport,Palmer,US
Laub Airport,Willow,US
Boisselle's Strip,Wasilla,US
Skyland Airpark,Willow/Caswell,US
Flying H Ranch Airport,Hartford,US
Edwards Farm Airport,Jacksonville,US
Town & Country Airpark,Odenville,US
Flint River Ranch Airport,Owens Crossroads,US
Frost Flying Inc Airport,Marianna,US
Ridgeway Field,Harrison,US
Cypress Creek Airport,Cabot,US
Tripp Strip,Griffithville,US
Crystal Ridge Airport,Little Rock,US
Taylor Field,Lowell,US
River Acres Airport,Heber Springs,US
Hog Air Aviation Inc Airport,Paragould,US
Hualapai Airport,Peach Springs,US
High Mesa Airpark,Solomon,US
Metz Airport,Greenfield,US
Clark Ranch Airport,Soledad,US
Alta Mesa Airpark,Wilton,US
Cridler Field,Hotchkiss,US
Mertens Airport,Sterling,US
Tercio Ranch Airstrip,Stonewall,US
Dietrichs Airport,Elizabeth,US
Flying 4 Ranch Airport,New Smyrna Beach,US
Last Chance Ranch Airport,Lake Placid,US
Tradewinds Aerodrome,Scottsmoor,US
Mount Royal Airport,Welaka,US
Two J's Flying Ranch Airport,Dade City,US
Grant Airport,Stockbridge,US
Prattsburg Airport,Talbotton,US
Warren Field,Lookout Mountain,US
Erlen Airport,Whitesburg,US
Thomas Ridge Airport,Rupert,US
Cauley's Airstrip,Soperton,US
Vintage Field,Zebulon,US
Broad River Air Park,Carnesville,US
Prater Ranch Airport,Lincolnton,US
The Last Resort Airport,Weippe,US
Estes Airport,Moscow,US
West Mountain Airport,Cascade,US
Terry's Airport,Columbia City,US
Murphy Airport,Fremont,US
Shenandoah Flying Field,Gosport,US
Basting Airport,Woodburn,US
Birkey Private Airport,Bremen,US
Dick's Strip,Arcola,US
Kuntz Airport,Gridley,US
Alekat Acres Airport,Atlanta,US
Flying M Airport,Portage,US
Weimer Field,Knightstown,US
Turner Farms Airport,Brazil,US
Pippenger Airport,Albion,US
Holloway Field,New Washington,US
Chain-O-Lakes Airport,South Bend,US
Culley Acres Airport,Mount Vernon,US
Mc Coy Airport,Blue Mound,US
Noland Farms Airport,Blue Mound,US
Merkle Airport,Hanover,US
Holmes Southeast Airport,Pawnee,US
Rinkenberger Airport,Bradford,US
Hunninghake Aerial Airport,Baileyville,US
Munson Field,Arkansas City,US
Rogers Airport,Udall,US
Eveleigh Farms Airport,Ulysses,US
High Point Airport,Valley Center,US
Bair-Langer Airport,Valley Center,US
Reed-Wilsonton Airport,Altamont,US
Tri Rotor Airport,Ulysses,US
Renick Field,Winchester,US
Big Sky Adventures Airport,Nicholasville,US
Mason Valley Airport,Taylorsville,US
Craw Daddy Landing Airport,Carrollton,US
Miles Field,Shelbyville,US
Little Pecan Island Airport,Grand Chenier,US
Morgan Crop Service Nr 2 Airport,Lake Charles,US
Open A-1 Ranch Airport,Lake Charles,US
Miller Airport,South Beloit,US
Herschel Hunter Airport,Marissa,US
Pillow Hill Airport,Spring Grove,US
Bickel Airport,New Athens,US
Mc Leansboro Airport,Mc Leansboro,US
Compton Airport,Pocahontas,US
Bock Farms Airport,Williamsville,US
Baines Airport,Middlefield,US
Burhans Memorial Airport,Frederick,US
Fairview Airport,Annapolis,US
Hidden Hills Airport,Hurlock,US
West St Mary's Airport,Drayden,US
Pokety Airport,Cambridge,US
Chandler Field,Ridge,US
Doss Field,Lake George,US
South Fox Island Airport,Northport,US
Silver Creek Meadow Airport,Princeton,US
Rolling Hills Airport,Westbrook,US
Blue Sky Airport,Sabin,US
Penman Airport,Portageville,US
Nimsick Airport,Carthage,US
Kelly Field,Bonne Terre,US
Thomas Field,Holly Springs,US
Root Hog Airport,Flora,US
Mitchells Airport,Vaiden,US
Fairview Farms Airport,Scooba,US
Union Municipal Airport,Union,US
Three Cross Ranch Airport,Ryegate,US
Maddox Ranch Company Airport,Chinook,US
Nistler Airport,Bozeman,US
Cascade Field,Cascade,US
Willow Airport,Philipsburg,US
Erickson Airport,Clifford,US
Lorentzen Airport,Washburn,US
Risovi Ranch Strip,Hamberg,US
Clyde Valley Airport,Morganton,US
Welborn Farm Airport,Boonville,US
Tucker Field,Locust,US
Mccomb Field,Marshville,US
Flying Bj Airport,Stony Point,US
Mc Cachren Field,Harrisburg,US
Maxwell Airport,Sparta,US
Womble Field,Chapel Hill,US
Gage Flying Farmer Airport,Oriska,US
Phillips Private Airport,Hemingford,US
Wells Airport,Holdrege,US
Mt Airfield,Murdock,US
Pemberton Airport,Pemberton,US
Inductotherm Airport,Rancocas,US
Allen Airstrip,Vincentown,US
Laska Airport,Jamestown,US
Secret Spot Airport,Plattsburgh,US
Tuscarora Plateau Airport,Tuscarora,US
B Flat Farm Airport,Copake,US
Transylvania Community Airport,Brevard,US
Parrish Airport,Elizabeth City,US
The Ranch Airport,Charleston,US
Miller Airport,Canastota,US
Hiserts Airpark Inc Airport,Ephratah,US
Calverton Executive Airpark,Calverton,US
Dillon Field,Klamath Falls,US
Andy Barnhart Memorial Airport,New Carlisle,US
Morningstar North Airport,West Alexandria,US
Riceland Aerodrome,Andover,US
Youngpeter Airport,Delphos,US
My Place Airport,Cardington,US
Gnadenhutten Airport,Gnadenhutten,US
Merts Field,Wilmington,US
Valley Airport,Ada,US
Rotorhead Ranch Airport,Ramona,US
Tk Airport,Hydro,US
Bearden Private Airstrip,Lindsay,US
Don Brown Field,Beaver,US
Double W Airport,Sand Springs,US
Flying G Ranch Airport,Sand Springs,US
Cline Falls Air Park,Redmond,US
Murphy Ranch Airport,Juntura,US
Horst Airport,Lebanon,US
Fox Hollow Airport,Lewisburg,US
Harris Airport,Lincoln University,US
Moyer Airport,Line Lexington,US
Schulteis Airport,Biglerville,US
Ashlawn Airport,Clifford,US
Karlindo Airport,Fairfield,US
Gravel Run Airport,Cambridge Springs,US
Stahl's Mountain Airport,Union Dale,US
Pobo Field,Bedford,US
Mountain Hide-Away Airport,Millcreek,US
Yingst Airport,Harrisburg,US
Risker Field,Bulger,US
Crooked Fence Farm Airport,Woodruff,US
Kauer Private Airport,Box Elder,US
Brown Field,Scenic,US
Chris Hofer Landing Strip,Tea,US
Four Square Ranch Airport,Rocksprings,US
Chandler Ranch Airport,Sanderson,US
Tin Top Ranch Airport,Brownwood,US
Blanco Landing Airport,Blanco,US
Spring Ranch Airport,Brackettville,US
Jim Sears Airport,Bridgeport,US
K Ranch Airport,Iola,US
Gum Island Airport,Dayton,US
Nevada Airpark,Nevada,US
Hot Springs Airport,Ruidosa,US
Stamps Field,Panhandle,US
C Fulcher Ranch Airport,Terlingua /Alpine/,US
Indian Springs Airport,Kingsport,US
Wayne's World Airport,Dresden,US
Dunlap Airpark,Dunlap,US
Wilson Field,Memphis,US
Seabrook Airport,Lenoir City,US
Holenthawall Airport,Springfield,US
East Side Airport,Longview,US
White Wings Airport,Wimberley,US
J-D Ranch Airport,Alvin,US
Henson Farms Airport,Quitague,US
Oak Glen Ranch Airport,Cooper,US
Paradise Point Airport,Berryville,US
Lewis Field,Ravenna,US
Sitton Field,Justin,US
Westwind Helicopters Airport,Santa Fe,US
Flying P Airport,Justin,US
Rafter J Airport,Burleson,US
Ayres-Aicp Airport,Warrenton,US
Aviacres Airport,Warrenton,US
Flying Circus Aerodrome,Warrenton,US
Bill Davenport Memorial Airport,Warsaw,US
White Post Airport,White Post,US
Garner Airport,Windsor,US
Machipongo International Airport,Machipongo,US
Serenity Farm Airport,Burgess,US
Kinman Airport,Altavista,US
Potts Landing Airport,South Boston,US
Taylor Airport,Rainier,US
Angel Park Airport,Kahlotus,US
Watson Airport,Kahlotus,US
Carnot Field,Algoma,US
Tesmer Airport,Waterloo,US
Plover River Airfield,Bevent,US
Flying 'O' Airport,Wausau,US
Clover Valley Airport,Whitewater,US
Melin Farms Airport,Clinton,US
Plantation Pine Airport,Redgranite,US
Rosenbaum Field,Chippewa Falls,US
Digger Doug Airport,Dodgeville,US
Old Dairy Airport,Washburn,US
Knutson Farms Airport,Chetek,US
Blunt Field,Chippewa Falls,US
Brion Memorial Airport,Strum,US
Woodland Farms Airport,Hillsboro,US
Drennan Airport,Grandview,US
Hardy Field,Valley View,US
Eagle Rock Ranch Airport,Pontotoc,US
Chicken Strip,Cresson,US
Hartlee Field,Denton,US
Kubecka Aviation Airport,Palacios,US
Jenkins Airport,Vidor,US
Star Smith Field,Von Ormy,US
Giffin Ranch Airport,Balmorhea,US
Sterling Air Park,Sterling,US
Lost Bridge Village Airport,Garfield,US
Boulais Ranch Airport,Maricopa,US
Adana Airfield,Punta Gorda,US
Camas Creek Ranch Airport,Fairfield,US
Antique Aerodrome,Cornell,US
Cherry Hill Airport,Freetown,US
Chanay Airport,Williamsburg,US
Rooster Field,Shelbyville,US
Woodsland Plantation Airport,Monroe,US
Tib Field,Fryeburg,US
Turner Field,Bingham Lake,US
Dudes Landing Airport,Prairie Home,US
Silver Creek Airport,Helena,US
Landgren Ranch Airport,Bartlett,US
M C R Airport,Lodi,US
Hilltop Airport,Oilton,US
Medella Bison Ranch Airport,Ashland,US
Eagles Mere Field,Eagles Mere,US
Miles Field,Jewett,US
Sybert Farm Airport,Jarrell,US
Cloud 9 Aerodrome,Bean Station,US
Dawson Private Strip,Kingsville,US
Schubert Airstrip,Centerville,US
Hank Sasser/Breakaway Airport,Cedar Park,US
Settlers Bay Airstrip,Wasilla,US
Ashworth Airport,Arkadelphia,US
Farms Airport,Maricopa,US
Silver Creek Ranch Airport,Forest Glen,US
Flying Dog Ranch Airstrip,Meeker,US
Black's Airfield,Kuna,US
Parker Field,Crawfordsville,US
Flying Z Ranch Airport,Spring Hill,US
Eagle Ridge Airfield,Jay,US
Sawyer Creek Airport,Rogersville,US
Dixie Dusters Airport,Itta Bena,US
R & R Field,Heron,US
Sloop Airport,Kannapolis,US
Hill Airport,Minot,US
Winchell Mountain Airport,North East,US
Monarch Field,Mocksville,US
Bonebender Airport,Essex,US
Huber Field,Sidney,US
Deitch Airport,New Kingstown,US
Circle P Ranch Airport,Glen Rose,US
Stonewall Airpark,Milton,US
Flying T Ranch Airport,Westminster,US
Rancho Paraiso Airport,Mountain Home,US
J Ranch Airport,Cherokee,US
Paddock Field,Elkhorn,US
Macho Grande Airport,Taylor,US
Bear Tooth Airport,Nuiqsut,US
Peg Field,Reedley,US
Lakeport Farms Airport,Salix,US
Black Bear Ranch Airport,Garden Valley,US
Gaerte Airport,Avilla,US
Farney Field,Kiowa,US
Pirates Cove Airport,Benton,US
Herrington Field,Oakland,US
Kral's Personal Use Landing Field,Corcoran,US
Aire Parque Airport,Festus,US
Crown Ranch Airpark,Seeley Lake,US
Spring Paths Airport,Spring Hope,US
Jones Airport,Benkelman,US
Walters Field,East Homer,US
Dunn Field,Newton Falls,US
Shotgun Ranch Airstrip,Post,US
Chicken Coop Airport,Florence,US
Oliver Landing Airport,Paris,US
Hye Sky Farms Airport,Hye,US
Duke International Airport,Cleveland,US
Magee Airport,Wolfe City,US
Virginia Beach Airport,Virginia Beach,US
Frogs End Airport,Shelburne,US
Sheffels Ranch Airport,Wilbur,US
Skid Row Airpark,Golinda,US
Triple B Ranch Airport,Freer,US
Kalmbach Airport,Wasilla,US
Haigwood Landing Strip,Newport,US
Griffin Airport,Helena,US
Corcoran Airport,Corcoran,US
Boeing Field,Paonia,US
Giggity Acres Airport,Dewitt,US
Harris Ridge Airport,Kooskia,US
Grayland Intergalactic Airport,Grayland,US
Hepler Airport,St Wendel,US
Smith Airport,Manhattan,US
West Gladstone Airport,Gladstone,US
Blue Cedar Landing Airport,Pleasant Hill,US
Government Mountain Airport,Noxon,US
Onion Crest Airpark,Riverdale,US
Topaz Ranch Airport,Wellington,US
Anderson Airfield,Waynesville,US
Windswept Airport,North Baltimore,US
Inspiration Airport,Bend,US
Kolb Airport,Spring City,US
Roseanne Airport,Morrison,US
Aero Saylee Airport,Tilden,US
Mid-Valley Dusters Inc Airport,Alamo,US
Gulf Coast Aviation Airport,Wadsworth,US
West Papoose Lake Airpark,Wasilla,US
Sandhill Ranch Airport,Page,US
Santa Cruz Ranch Airport,Santa Barbara,US
Balsdon Airport,Grimes,US
Redlands Airport,Hotchkiss,US
Boulder Creek Airstrip,Donnelly,US
Campbell Field,Veedersburg,US
Duff Airport,Chavies,US
B T & K H Ranch Airport,Dry Creek,US
Sheridan's Strip,Ponchatoula,US
Airbatco Field,Mulliken,US
Promise Land Farms Airport,Linn,US
S&L Edwards Airport,Columbus,US
Lynch Field,Granby,US
Broadway Airfield,Landis,US
Fredericks Ranch Airport,Halliday,US
Bengtsson Field,Gilboa,US
Compton Airport,Canby,US
Pennfield Farm Airport,Spring Mills,US
4 Holes Field,Orangeburg,US
Shirley Williams Airport,Kingsland,US
Stone Field,Louisville,US
Mc David Ranch Airport,Llano,US
White Oak Airport,Fredericksburg,US
Big Hill Airport,Eagle Rock,US
Stoiber Airport,Spencer,US
Hfs Airport,Robstown,US
3 Mill Ranch Airport,Mountain Home,US
Davidson Strip,Talkeetna,US
Thunder Ridge Ranch Airport,Flippin,US
Willow Valley Airport,Mohave Valley,US
Hell'Er High Water Airport,Zenia,US
Hermitage Airport,Groveland,US
Fox Creek Airport,Priest River,US
Koafm Airport,Galesburg,US
Waldmeister Farm Airport,St Peters,US
Box Field,Sunflower,US
Pester Airport,Hingham,US
Glover Airport,Seaboard,US
Mitchell Field,Amherst,US
Negrich Field,Mayfield,US
Rugg Ranches Airport,Pilot Rock,US
Boober Airport,New Richmond,US
Plane Country Airport,Strasburg,US
Belleview Landing Airport,South Coffeyville,US
Gederos Airport,Coquille,US
Chambers Airport,Tunkhannock,US
Quihi Creek Vineyard Airport,Hondo,US
Darnell's Landings Airport,Church Hill,US
Windsong Farm Airport,Woodville,US
American Falconry Airport,Casper,US
Ghost Apache Airport,Cotulla,US
Bear Cove Farm Airport,Homer,US
Crystal Airport,Llano,US
Hidden Valley Airport,Valley Center,US
Plunkett Aviation Services Inc Airport,Lake Providence,US
Venissat Airstrip,Gueydan,US
Brown Field,Marshville,US
Jantzen Airport,Madrid,US
Savannah Airport,Savannah,US
Ricker Ranch Airport,Hinton,US
Gould Strip,Cotulla,US
Wildcat Airport,Sterling City,US
Phillips Corporation Airport,Angleton,US
Byrd Creek Airport,Columbia,US
Canadian River Ranch Airport,Adrian,US
Highland Airport,Eagle River,US
Heird Hill Farm Airport,Hensley,US
Mile Hi Airport,New Raymer,US
Strayhorn Ranch Airport,Fort Myers,US
Ranchaero Grand Vista Airport,Brooksville,US
Everidge Airport,Pinehurst,US
Flylander Farm Airport,Summerville,US
Flying Thunderbolt Ranch Airport,Emmett,US
Ebert Field,Ashton,US
Mann Airport,Merom,US
Flying Z Ranch Airport,Durand,US
Maxwell Airport,Baldwin City,US
Sons Private-Commercial Airport,Norwood,US
66 Ranch Airstrip,Ennis,US
Windemere Airport,Fayetteville,US
Harman Airport,Calumet,US
Homan Airport,State College,US
Whites Airport,La Ward,US
Hensarling Airport,Madisonville,US
Armstrong Ranch Airport,Armstrong,US
Cub Field,Panton,US
Oakbrook Airport,Fort Atkinson,US
Luv Field,Taylor,US
Bartos Farm Airport,Lubbock,US
Castle Mountain Airstrip,Chickaloon,US
Whirlwind Aviation Airport,Fisher,US
Rimrock Airport,Rimrock,US
Mc Kinnon Airpark,Walnut Hill,US
Ski Valley Airpark,Mc Call,US
Countryside Airport,Jennings,US
Rock Cut Farms Airport,Leaf River,US
Morrison Field,Lexington,US
Blackbriar Airport,Pelham,US
Turnbull Airport,Bloomfield,US
Coyote Run Airport,Pond Creek,US
Lookingglass Airport,Roseburg,US
Blue Haven Airport,Harrisonville,US
4M Ranch Airfield,Langtry,US
Kevin Lee Berry Field,Rocksprings,US
Tri-County Aerodrome,Trenton,US
Al's Field,Gore,US
West Valley Airport,Yakima,US
Circle A Ranch Airport,Hazelhurst,US
Spring Ranch Airport,Cisco,US
Maravillas Gap Ranch Airport,Marathon,US
Secluded Lake Airport,Talkeetna,US
Pleasant View Farm Airport,Elberta,US
Sids Place Airport,De Witt,US
El Peco Ranch Airport,Madera,US
Rancho Tehama Airport,Red Bluff,US
Air Dusters Inc Airport,Roggen,US
Watson Farm Airport,Quincy,US
R7 Aero Airport,Fruitland,US
Reinoehl Field,Lena,US
Walnut Creek Airport,Somonauk,US
N & N Airport,Manhattan,US
Cub Landing Center Airport,Posen,US
Willow Ridge Airport,Hastings,US
Gray Field,Philadelphia,US
Firebuster Airport,Columbus,US
Trump Mtn Airport,Attica,US
Forty Niner At Middle Tract Airport,Windsor,US
Westmoreland Airport,Shelter Island,US
Sky Ranch Airport,West Jefferson,US
Land's Inn Ranch Airport,Dayville,US
Gap View Airport,Stone Church,US
Lauderdale Airport,Caldwell,US
K Star Ranch Airport,Brenham,US
Cougar Mountain Airfield,Yelm,US
Mccasland Ranch Airport,Star,US
Inigok Airport,Deadhorse,US
St John Homestead Airport,Wasilla,US
Long Lake Airport,Long Lake,US
Mankomen Lake Airport,Mankomen Lake,US
Wolf Lake Airport,Palmer,US
Aleknagik Mission Strip,Aleknagik,US
Napaimute Pioneer Airfield,Napaimute,US
Tibbetts Airport,Naknek,US
Treeo Airport,Daphne,US
J5 Mike Airport,Woodville,US
Bonner Field,Summerdale,US
Leon's Landing Airport,Flat Rock,US
Milton Airport,Huntsville,US
T W Spear Memorial Airport,Lapine,US
Shurley Field,Cabot,US
Red Oak Airport,Cabot,US
Rice Field,Corning,US
Richland Creek Airport,Snowball,US
Parsons Field,Kingman,US
Leroy Airport,Willcox,US
Funny Farm Airport,Brentwood,US
Johnsen Airport,Chico,US
Antelope Valley Ranch Airport,Williams,US
Glen-Aspen Airport,Carbondale,US
Griffin Field,Walsh,US
Ambrosich Field,Elbert,US
Rockin G Ranch Airport,Umatilla,US
Croom A Chobee Airport,Bushnell,US
Tranquility Bay Strip,Fort Myers,US
The Wright Place Airport,Homestead,US
Flanders Field,Polk City,US
Turkey Scratch Plantation Airport,Lamont,US
Escape Ranch Airport,Kenansville,US
Fellsmere Airport,Fellsmere,US
Ridge Landing Airport,Frostproof,US
Schwartz Farms Inc Airport,Sarasota,US
Gore Airport,Haines City,US
Hodges Field,Americus,US
Thacker Field,Concord,US
R M Harris Airport,Eton,US
Peterson Field,Plains,US
Chattahoochee Air Park,Douglasville,US
Kitchens Field,Griffin,US
Andrews Airport,Arlington,US
Larry Watson Memorial Airport,Cumming,US
Viola Farm Airport,Attapulgus,US
Whitehall Airport,Montrose,US
Walker Field,West Liberty,US
De Ford Airport,Delphi,US
Oleo Airport,Fillmore,US
Willis Airport,Greenfield,US
Wayne Ziller Jr Airport,Fairbury,US
Thrifty Acres Airport,Stillman Valley (Byron),US
Kuebler Airport,St Elmo,US
Frank's Flying Service Airport,Morrison,US
Rendleman Airport,Murphysboro,US
Unzicker Airport,Benson,US
Wilson Airport,Wallace,US
Ball Field,Bourbon,US
Riley Field,Attica,US
Wawasee Airport,Syracuse,US
Smith Airport,Hecker,US
Hattan Farms Airport,Minonk,US
Litchfield Airport,Seymour,US
Leigh Farm Airport,Sparland,US
Weidner Airport,Bunker Hill,US
Amar Farms Airport,Wellsville,US
Ingels Aerodrome,De Soto,US
Rhodes Airfield,Winfield,US
Thomsen Field,Hartford,US
Bursch Private Airport,Bird City,US
Dinkel Airport,Victoria,US
Steele's Bottom Airport,Warsaw,US
Creek Side Landing Airport,Glasgow,US
Moseley Field,Calhoun,US
Weavers Run Airport,West Point,US
Sargents Field,West Liberty,US
Overton Airport,Clinton,US
Ranken Airport,Steward,US
Staton Airport,Steward,US
Willadae Farms Airport,Sycamore,US
Colonial Acres Airport,Sycamore,US
Mears Creek Airfield,Lusby,US
Bunting's Field,Berlin,US
Ward's Airport,Oakland,US
Carey Field,Bishopville,US
Clements Airport,Clements,US
Hunting Creek Farm Airport,Prince Frederick,US
Moxley's Airport,Dublin,US
Catoctin Crosswind Airport,Thurmont,US
Ijamsville Airport,Frederick,US
Worthington Valley Airport,Owings Mills,US
Air Rahe Airport,Petersburg,US
Witbeck Aerodrone Airport,Farwell,US
Witham Field,Croswell,US
Hintzman Airport,New York Mills,US
Wehrman Airport,Montgomery City,US
Newcomb Hereford Ranch Airport,Lancaster,US
Jj Gyro Park Airport,Gerald,US
Mark Twain Air Park,Louisiana,US
Crop Care Airport,Mound City,US
Martens Airport,Atherton,US
Friends Field,Lone Jack,US
Payne Airport,Pelahatchie,US
Dogwood Acres Airport,Raymond,US
Jeter Field,Sladen,US
Spearman Field,Shannon,US
Bird Nest Airport,Lucedale,US
Providence Airpark,Canton,US
Kreikemeier Airport,Belgrade,US
West Wind Airfield,Reed Point,US
Ring Rock Ranch Airport,Williston,US
Peterson Airstrip,Antler,US
Berg Strip,Berthold,US
Boyd's Hawks Creek Airport,Mocksville,US
Noles Field,Angier,US
Windsor Farms Airport,Linden,US
Bear Creek Airport,Mt Pleasant,US
Triple M Airport,Cape Carteret,US
Peacock Airport,Garner,US
Buffalo Creek Airport,Concord,US
Lz Carroll Airport,Gold Hill,US
Knutson Airport,Thompson,US
Sanden Airport,Wyndmere,US
Regier Brothers Airport,Madrid,US
Mc Millan Ranch Airport,Milburn,US
Malone M-Bar Ranch Airport,Palisade,US
Holzfaster's Airport,Paxton,US
Windward Farms Airport,Rosemont,US
Peters Airport,Somerville,US
Cary Field,Greenwich,US
Evans Airways Airport,Evans,US
Woodford Airfield,Fabius,US
Harvs Airport,Macedon,US
Mountain View Airpark,Beekmantown,US
South Cairo Airport,South Cairo,US
Bowman Airport,Piqua,US
Sky Haven Airport,Madison,US
Bieber Field,North Lima,US
Huffman Farm Airport,Archbold,US
Brocker Field,Canfield,US
Baisden Airport,Coalton,US
1904 Private Runway Airport,Hennessey,US
Rush Springs Airstrip,Rush Springs,US
Chuck's Airport,Cashion,US
Justice Field,Stillwater,US
Springbrook Airport,Rogue River,US
Lambert Field,Albany,US
Schrock Airport,Corvallis,US
Fly 'N' W Airport,Salem,US
Stargazer Field,Sandy,US
Lusardi Field,Salem,US
Wagoner Airport,Salem,US
Country Squire Airpark,Sandy,US
Sauers-Haven Airport,New Berlin,US
Ponderosa Airport,Lock Haven,US
Hiawatha Airport,Starlight,US
Sunburst Field,Lancaster,US
Russo Airstrip,Pipersville,US
Flying M Ranch Airport,Grove City,US
Merritt Field,Eagles Mere,US
Swift Run Field,New Oxford,US
Mountain Top Airport,Thompson,US
Wexford Landing Airport,Aiken,US
Dan's Airport,Rapid City,US
Prairie Aire Field,Damon,US
Warschun Ranch Airport,Denton,US
V-Bar Airport,China Spring,US
"Costello Island, Inc Airport",Graham,US
Pea Patch Airport,Hempstead,US
Comanche Caves Ranch Airport,Hunt,US
Polyanna Ranch Airport,Blooming Grove,US
Lewis Private Airport,Del Rio,US
Taurus Mesa Airport,Alpine,US
Francis Ranch Airport,Meridian,US
Devil's River Ranch Airport,Del Rio,US
Squirrel Creek Ranch Airport,D'Hanis,US
Melton Field,Blaine,US
Happy Landings Airport,Birchwood,US
Buck Creek Ranch Airport,Crossville,US
Hawks Nest Airport,Moscow,US
Cotton Field,Eads,US
Tommy's Field,Greenville,US
Holder Field,Cookeville,US
Island Bend Farms Airport,Bath Springs,US
Goebel Field,Mountain Home,US
Allison Ranch Airport,Fort Stockton,US
Rusty's Flying Service Airport,D'Hanis,US
Slack Airport,Mont Belvieu,US
Stage Coach Hills Airport,Westlake,US
Forest Hill Airport,Petty,US
Kilgore Airport,Kilgore,US
Addington Field,Krum,US
Starr Airport,Arrington,US
Christian's Airport,Richmond,US
Pleasantdale Field,Rixeyville,US
Cool Water Airport,Ashland,US
King Fisher Field,Pennington Gap,US
Robbie Campbell Memorial Airfield,Fredricksburg,US
B & G Farms Airport,Royal City,US
Brown's Cape Horn Airport,Skamania,US
Cricket Field,Little Rock,US
Windsock Airport,Lopez,US
Riverside Airport,Deming,US
Port Orchard Airport,Port Orchard,US
Wissota Airport,Chippewa Falls,US
Bancroft East Airport,Rio,US
Turner Airport,Tomahawk,US
Carlson Airport,Eau Claire,US
Cornell Municipal Airport,Cornell,US
Lakewood Airpark,Lakewood,US
Geis Field,Fredonia,US
David Randall Airport,Balsam Lake,US
Digger Dougs Airport,Salem,US
Heaven's Landing Airstrip,Medley,US
Card Airfield,Kenedy,US
Owen Field,Clyde,US
Apache Pass Airport,Rockdale,US
Pfeffer & Son Farms Airport,Waller,US
Coyote Field,Corsicana,US
Felton Field,Paradise,US
Scrappin Valley Airport,Wiergate,US
H Young Ranch Airport,Willow City,US
Robin's Landing Airport,Point Mackenzie,US
Zoltak Landing Airport,Jay,US
Mallory Field,Valdosta,US
Way West Airport,Bainbridge,US
Midland Airport,Antioch,US
Ropkey Field,Crawfordsville,US
Clemens Airport,Parsons,US
Zanzibar Farm Airport,Paris,US
Fly Wm Airport,Laurel,US
Ervin Airfield,Kannapolis,US
Aerodrome Les Noyers Airport,Jamestown,US
Goering Ranches / Chocheta Estates Airport,Bend,US
Pegasus Air Park,Stroudsburg,US
Moltz Airport,Geronimo,US
Paris Landing Airpark,Paris,US
Hughes Ranch Airport,Quemado,US
Birch Creek Landing Airport,Talkeetna,US
Ardmore Airport,Ardmore,US
Byrds Backcountry Airstrip,Ozark,US
Burks Airport,Helena,US
Vetters Sky Ranch Airport,Galt,US
Tex Merritt Private Airstrip,Leesburg,US
Chiefland Sky Ranch Airport,Chiefland,US
Little Weiser Airport,Little Valley,US
Barnard Airport,Elmo,US
Red Oak Landing Airport,Sunset,US
Beaver Creek Airport,Chesterville,US
Plattsburg Airpark,Plattsburg,US
Phillip R Bunn Airport,Zebulon,US
Eagle Creek Airport,Beggs,US
Barstool Ranch Airport,Waxahachie,US
Glendale Field,Columbia,US
Hoes Ranch Airport,Austin,US
Skyview Airport,Manassas,US
Evergreen Sky Ranch Airport,Black Diamond,US
Gallinger Airport,Oshkosh,US
Whiterik Field,Fruitland,US
Crag Mountain Airport,Sutton,US
X-1 Ranch Upper Headquarters Airport,Seligman,US
Adelanto Airport,Adelanto,US
Mountain View Ranch Airport,Monument,US
Bent Willies Airport,Lake Wales,US
Lake Clinch Airpark,Frostproof,US
Denham Rla Airport,Windsor,US
Strebig Airport,Angola,US
Bland Airport,Eudora,US
Air Castle Airport,Paris,US
Bruce Beard Airport,Bell City,US
Anderson Field,Kennedy,US
Rainbow Avn Stol Airport,Kingsville,US
Epley Airport,Jacksonville,US
Richtsmeier Airport,Hunter,US
Collins Field,Sylvan Beach,US
Derksen Airport,Goldston,US
Bedson's Land Base Airport,Honeoye Falls,US
Area 52 Airport,Alexandria,US
Wildcat Airport,Tamaqua,US
Disney Farm Stol Airport,Beechgrove,US
Honn Farm Airport,Benge,US
Johns Field,Athens,US
Galt's Gulch Airport,Touchet,US
Klinkerman Airport,Wichita Falls,US
Lakewood Airstrip,Sterling,US
Oms Uas Test Range,Kingman,US
Lofty Redwoods Airport,Anchor Bay,US
Thayer Aviation Airport,Grimes,US
Rons Field,Two Buttes,US
Charlottes Field,Tallahassee,US
Dawson Field,Cave Spring,US
Tama Airport,Tama,US
Steinman Airport,Woodburn,US
Steil Airport,Tiskilwa,US
Hartman Farms Field,Kokomo,US
Weaver Ranch Airport,Hesston,US
Liberty-Casey County Airport,Liberty,US
Pass Creek Airport,Belgrade,US
Mynatt Field,Lumberton,US
Starns Brothers Airport,Ashland,US
Barker Private Stol Airport,Asheville,US
Smiths Land Base Airport,Honeoye Falls,US
Charloe Airport,Paulding,US
Thompson Private Airport,Tuttle,US
Horse Feathers Airport,Midland,US
The Salmon  Farm Airport,Painter,US
Heyoka Field,Eau Claire,US
Mcintyre Flying Airport,Angleton,US
Kornegay Private Airport,San Benito,US
Winfield Airpark,Altus,US
Somerton Airport,Somerton,US
Lake Riverside Estates Airport,Anza,US
Akin Airport,Placerville,US
Lm-Ets Airport,Orlando,US
Caldwell Field,Bunker Hill,US
Rothrock Airport,Streator,US
Michael Airport,Wellsville,US
Rudenberg Field,Murray,US
Cunningham Field,Natchitoches,US
Wolf River Airport,Rossville,US
Cliff Dow Airport,New Gloucester,US
Pingston Aeroworks Airport,Bryon,US
Herrmann-Faulk Airfield,Silex,US
Brown Field,Skidmore,US
Dillard Airport,Winfall,US
Bethany Airport,Reidsville,US
Buehler Airport,Paulding,US
George P Shanks Airport,Waxahachie,US
Argonaut Airstrip,Collierville,US
Flyplassen Airport,Woodville,US
Flaherty Airport,Valley View,US
Bar C Ranch Airport,Del Rio,US
Lawrence Airstrip,Wasilla,US
Silver Wings Field,Eureka Springs,US
Potters Field,Stanfield,US
Strain Ranch Airport,Arbuckle,US
Parts And Sparks Airport,Bunnell,US
Rostex Airport,Tennga,US
Spear Valley Airport,Sandpoint,US
Ebert Field Rla Airport,Ashton,US
Ringneck Ranch Airport,Tipton,US
T & M Airfield,Port Barre,US
Sky Soaring Airport,Union,US
Highland View Field,Searsmont,US
Britz Airport,Buckman,US
Tightsqueeze Field,Jonesburg,US
Pete's Port Airport,Killdeer,US
Fivepoints Field,Oakboro,US
Ridgeview Airport,Jamestown,US
Aero Flight Center Airport,East Palestine,US
Gilstrap Field,Inola,US
Higley Field,Guthrie,US
Muddy Creek Airport,Corvallis,US
Sency Airport,Treskow,US
Falls Landing Airport,Rock Hill,US
Matt Doyle Airpark,Texas City,US
Flyin Armadillo Airport,Jacksboro,US
Stonecipher Airport,Beaumont,US
Shipley Field,Tremonton,US
Wilkinson Ranch Airport,Yakima,US
Cranmoor Airstrip,Nekoosa,US
Pritchard Field,Eau Claire,US
Frontier Airport,Spofford,US
Hinkes Airport,Mc Grath,US
Beechwood Airpark,Athens,US
Mauldin Airstrip,Tonopah,US
Morris Ag Air Sw Airport,Blythe,US
North American Farms Airport,Malone,US
Buchanan Airport,Jay,US
Lee Creek Airport,Caledonia,US
Casad Industrial Park Airport,New Haven,US
Liannimal's Landing Airport,Thomasboro,US
Old Hickory Ranch Airport,Keithville,US
Wade Airport,Waterman,US
Russell Field,Easton,US
Lothert's Farm Strip,Morton,US
Flying E Field,Fulton,US
Wheat Field,Tryon,US
Therriaults Landing Airport,Middleton,US
Maynard's Airport,Kendall,US
Winding Creek Airport,Cashion,US
Hoge Farm Airport,Tinicum,US
Elgin Intracontinental Airport,Elgin,US
Anchorage Farm Field,Warrenton,US
Jaks Field,Mosinee,US
Cheat River Island Airport,Rowlesburg,US
Fly8Ma Pilot Lodge Airport,Big Lake,US
Baswell Airport,Loxley,US
Sandy Ridge Farms Airport,Ashdown,US
La Cholla Airpark,Tucson,US
Boron Airstrip,Boron,US
Van Vleck Airport,Rancho Murieta,US
Lake X Airport,St Cloud,US
Blue Ridge Skyport Airport,Blue Ridge,US
Reimer Aerodrome,Jamestown,US
Dozier Airport,Fairfield,US
Get Away Runway Airport,Emmett,US
Prairie Creek Airport,Leesville,US
Dyer's Landing Airport,Fryeburg,US
Historic Acme Skyport Airport,Acme,US
Wodohodsky Ranch Llc Airport,Dixon,US
Flying K Field,Hamilton,US
Sossamon Field,Bryson City,US
Odegaard Airport,Kindred,US
Cole Memorial Airport,Merriman,US
Monte Prieto Ranch Airport,Claunch,US
Logan's Chance Airport,Lawrenceville,US
Victor Curtis Airport,Mansfield,US
Prade Ranch Airport,Leakey,US
Raven's Nest Airport,Huntsville,US
Frank Toole Memorial Field,Trinity,US
Wemmering Airport,Hillsville,US
Crown Creek Ranch Airport,Northport,US
Ausmus Airport,New Braunfels,US
Mission Mtn Airport,Moran,US
Fairview East Airport,Wasilla,US
Sugar Creek Airport,Bentonville,US
Chapman Ranch Airstrip,Young,US
Borrego Air Ranch Airport,Borrego Springs,US
Southerly Airport,Dundee,US
Blackwater Landing Airport,Gainesville,US
Diewold Airport,Burlington,US
Eagles Nest Airport,Boggstown,US
Charles Park Rla Airport,Stanford,US
Hilltop Airport,Spencerville,US
Burger's Valley Airport,Salina,US
Willow Island Airpark,Finchville,US
Sydal Acres Airport,Wilson,US
Galt Ranch Airport,White Sulphur Springs,US
Arkmo Airport,Jane,US
Fox Haven Plantation Airport,Rutherfordton,US
Chase Field,Hookerton,US
Rattlesnake Island Airport,Put In Bay,US
Umpqua Airport,Roseburg,US
Pax-Terra Caelum Airport,Meyersdale,US
Cherry Grove Airport,Green Sea,US
Harrison Field,Denison,US
Stol-It Farm Airport,Linden,US
Tailspin Estates Airport,Brock,US
Walnut Hill Airport,Calverton,US
Dye Seed Ranch Inc Airport,Pomeroy,US
Riegleman Field,Hustisford,US
Kubik Ranch Airport,Rocksprings,US
Mc Entire's Lazy V Ranch Airport,Sterling City,US
Penderosa Airport,Wasilla,US
Hodges Airport,Jonesboro,US
Becker Field,Battle Ground,US
Robin Airport,Chino Valley,US
James Brothers Airport,Pleasant Grove,US
Nilhas Aero Ranch Airport,Pierce,US
Big Cypress Airfield,Immokalee,US
Bellevue Farms Airport,Williamsburg,US
Ruder Airport,Maple Park,US
Lamb Ranch Airport,Mildred,US
Samuels Springs Airport,Deatsville,US
Cox-Coyour Memorial Field,Roosevelt,US
Mclean Brothers Airport,Gibsonville,US
Bent-Wing Airport,Lockport,US
Kelch Airport,Bethel,US
J P Reilly Airport,Friendsville,US
Wynnburg Airport,Ridgely,US
Benjamin Franklin Airport,Godley,US
Little Wheel Field,Cottage Grove,US
Trading Bay Production Airport,Trading Bay,US
Airway Airport,North Pole,US
Snowshoe Lake Airport,Glennallen,US
Todds Strip,Wasilla,US
Colberg Airport,Palmer,US
Memory Lake Airport,Wasilla,US
Grandview Subdivision Airport,Palmer,US
Flying X Ranch Airport,Montevallo,US
Big River Airpark,Muscle Shoals,US
John H Hataway Airport,Kinston,US
Chinitna West Glacier Airport,Homer,US
Tillar Airport,Tillar,US
Turrell Flying Service Airport,Turrell,US
Baseline Airport,Holly Grove,US
Keller Airfield,Weiner,US
Hostetler's Airfield,Green Forest,US
Pegasus Airpark,Queen Creek,US
Motown Airport,Mobile,US
Carranza Farm Airstrip,Stanfield,US
Regeneration Airport,Fort Thomas,US
Ludlow Airport,Barstow,US
Agro-West Airport,Five Points,US
Howard /Private/ Airport,Ione,US
Grupe Ranch Airport,Mariposa,US
Robert Oliver Airpark,Santa Margarita,US
Gene Wash Reservoir Airport,Parker Dam,US
Northshore Airport,Arvin,US
Table Mountain Field,Auberry,US
Vosburgh Airfield,Cuyama,US
Windy Plains Airport,Cheyenne Wells,US
Spruce Point Tree Farm Llc Airport,Austin,US
Spickard Farm Airport,Byers,US
La Garita Creek Ranch Airport,La Garita,US
Pleasant Valley Airport,Oak Creek,US
Thomson Field,Bethlehem,US
Mile Creek Airport,Old Lyme,US
Flying Palomino Ranch Airport,Fruitland Park,US
Manatee Springs Airport,Old Town,US
Ron Wood Airport,Clarksville,US
Chinsegut Airport,Brooksville,US
Dusty Airpatch Airport,Dade City,US
Ezell Airport,Keaton Beach,US
Byrd Air Field,Elkton,US
Gary Stark Airport,Okeechobee,US
Twelve Oaks Airport,Hernando,US
Chipola Airpark,Greenwood,US
Vanguard Landing Airport,Waynesboro,US
Lyons Landing Airport,Whitesburg,US
Eagles Landing Airport,Williamson,US
Air Acres Airport,Woodstock,US
Pinebrook Estates Airport,Griffin,US
Roney Farms Airport,Lilly,US
Rayworth Landing Airport,Carrollton,US
Peachtree Landings Airport,Fort Valley,US
Kramer Airfield,Sulphur Springs,US
Layne Field,New Winchester,US
Koester Field,St. Wendel,US
Jacobi Airport,Palmyra,US
Aero Plaines Airport,Youngstown,US
Panther Field,Pinckneyville,US
Hope Field,Mazon,US
Redeker Airport,Milford,US
Woodley 2 Airport,Walnut,US
Yoder Field,Lagrange,US
Wyckoff Airstrip,Valparaiso,US
Stangland Airport,Wolflake,US
Corman Acres Airport,Lake City,US
Mc Pherson Airport,Carthage,US
Dittemore Field,Troy,US
Birddog Field,Plainville,US
Goans Field,Fort Scott,US
Tracy Airport,Manhattan,US
Jack Poore Airport,Mc Donald,US
Papaws Landing Airport,Shelbyville,US
Standard Field,Elkton,US
Seven Springs Farms Airport,Cadiz,US
Hp Field,Graham,US
Harold Reynolds Airport,Salvisa,US
Kent's Flying Service Airport,Moreauville,US
Ron Airport,Sunset,US
Beckerman Field,Mount Carmel,US
Hilvety Airport,Moweaqua,US
Kroenlein Airport,Moweaqua,US
Mayhall Airport,Murdock,US
Gordon Brown Airport,Trivoli,US
Funny Farm Airport,Union,US
Hugh Van Voorst Airport,Union Hill,US
Arkla Flyers Inc Airport,Mer Rouge,US
Ammons Airport,Zwolle,US
Pasport Airport,West Brookfield,US
Oak Grove Farm Airport,Federalsburg,US
Arcadia Farms Airport,Princess Anne,US
Wilds Field,Cedar Springs,US
Harrisville Airport,Harrisville,US
Williams Field,Jackson,US
Nary Ntl-Shefland Field,Nary,US
Hoiland Field,Bagley,US
Barnes Airport,Lindstrom,US
Chanlin Field,Middle River,US
Vansickle-Davis Airport,Hurdland,US
Pilots Point Airport,Shell Knob,US
Rollang Field,Rolling Fork,US
Porter Airport,Columbia,US
Mint Julep Airpark,Picayune,US
Dee's Airport,Brandon,US
Ball Airport,Okolona,US
Unrau Airport,Wolf Point,US
Gjerde International Airport,Drexel,US
Sky Ranch Ii Airport,Ironton,US
Semchenko Airport,Max,US
Tara Airbase Airport,Mocksville,US
Sugar Valley Airport,Mocksville,US
Reed Mine Airport,Locust,US
The Duchy Airport,Chapel Hill,US
Deck Airport,Hillsboro,US
Eickhoff Strip,Shubert,US
Diamond Bar Jones Airport,Stapleton,US
Snyder Ranch Airport,Sutherland,US
Herr Mountain Airport,Stanton,US
Toggenburg Farms Airport,Newark,US
Nautical Mile Airport,Fort Plain,US
Treichler Farm Airport,Wales,US
Stonewall Pastures Airport,Meridale,US
Stanwix Heights Airport,Rome,US
Gardiner Airport,Gardiner,US
Oakhaus Landing Airport,Raymond,US
Furey Airport,Malvern,US
Hamrick Airport,Willshire,US
Mcknight Airport,Johnstown,US
Kits Airport,Hydro,US
Christopher M Rippee Memorial Airport,Non,US
Pacer Field,Goldsby,US
Perkins Airport,Thomas,US
Hsh Airstrip,Luther,US
Willsee Airport,Lexington,US
Backachers Ranch Airport,Selma,US
Siletz Airport,Siletz,US
Flying T Ranch Airport,Sprague River,US
Juniper Air Park,Bend,US
Hatch Airport,Stayton,US
Lone Oaks Ranch Airport,Stayton,US
Blomster Field,Carmichaels,US
Broadt Personal Use Airport,Mainville,US
Double D Skyranch Airport,St John'S,US
Nesspor Airport,Phoenixville,US
Shield Farm Airport,Russell,US
Jarrett Airport,Ivyland,US
Lincoln Farms Airport,Calvin,US
"Hamilton Aircraft, Inc Airport",Seminole,US
Charping Airport,Temple,US
Pearson Ranch Private Airport,Yoakum,US
Creasy Airport,Santa Fe,US
Deer Meadow Ranch Airport,Athens,US
Seagoville Airport,Seagoville,US
Comanche Ranch Airport,Eagle Pass,US
Rawls Ranch Airport,Marfa,US
Bleakley Ranch Airport,Dripping Springs,US
Alexander Ranch Airport,Dripping Springs,US
Perkins-Prothro Cimarron Ranch Airport,Kerrick,US
Iron Mountain Ranch Airport,Marathon,US
Renz Ranch Airport,Eagle Lake,US
Windmill Hill Airport,Johnson City,US
Mcgraw's Backyard Airport,Greenback,US
One Grand Field,Cookeville,US
Knapp Pecan Orchard Airpark,Dawson,US
J & H Airport,Wildorado,US
Bear Creek Ranch Airport,New Braunfels,US
Hidden Valley Airpark,Shady Shores,US
Bar Triangle Airport,Mason,US
Grove Hill Airport,Leonard,US
Matts Airport,Richmond,US
Chimney View Airport,Fredericksburg,US
Black Bridge Airport,Natural Bridge Station,US
Sourdough Airport,Tonasket,US
Dorman Field,Mesa,US
Butler Field,Everson,US
Boisselle Airport,White Swan,US
Rules Roost Airport,Wapato,US
Wild Hair Airport,Centerville,US
Hogan's Corner Airport,Ocean Shores,US
Springbrook Airport,Springbrook,US
Plainfield International Airport,Plainfield,US
Der Schwarzwald Airport,Waterloo,US
Larson Airport,Marinette,US
Haymeadow Airport,Merrill,US
Independence Airport,Independence,US
Ermis-Ridgeview Airport,Coleman,US
Eberle Ranch Airport,Dane,US
Knight Sky Airport,Wausau,US
Ottman Landing Airport,Maiden Rock,US
Hunter's Creek Airport,Kinckerboker,US
Lz Juliet Bravo Airport,Valley Mills,US
Comanche Ridge Ranch Airport,Mason,US
Venable Airpark,Aubrey,US
Kimball Farm Service Inc Airport,Hereford,US
Wits End Ranch Airport,Van,US
Old Reb Airport,Mercedes,US
L Davis Ranch Airport,Brackettville,US
Southern View Aviation Airport,Viola,US
Junior Smith Airport,Elaine,US
Chp Academy Airport,Bryte,US
Flying B Farm Airport,Arnoldsville,US
Village Oaks Airport,Blue Grass,US
Beulah Land Farm Airport,Biggsville,US
Nelson Private Airport,Browns,US
Alley Field,Douglass,US
Hannah Plantation Airport,Tallulah,US
Maybee Airport,Maybee,US
Fuhr Flying Svc Airport,Seaforth,US
Lucky Weasel Airport,Alba,US
Star Hill Golf Club Airport,Cape Carteret,US
Flemming Field,Kinsman,US
Zorn Acres Airport,Milan,US
Lawles Airport,Hydro,US
Whitaker Airport,Oakland,US
Tierra Linda Ranch Airport,Kerrville,US
P-K Ranch Airport,Bellville,US
Letties Landing Airport,Centerville,US
Skyline Ranch Airport,Georgetown,US
Pl Fuller Rough Creek Ranch Airport,Snyder,US
The Valley Airport,Cotter,US
Pea Patch Aerodrome,Blythe,US
Flying W Ranch Airport,Priest River,US
Wilkerson's Airport,Scottsburg,US
Jim & Peg Airport,Dwight,US
West Branch Airport,Eureka,US
Schroder Airport,Owenton,US
Carl Ensor Airport,Grainville,US
Southern Comforts Aerodrome,Parkton,US
Thomas Browne Airpark,Glassboro,US
Jetway Airport,Ravenna,US
Lemons Airstrip,Marlow,US
The Citadel Airport,Sisters,US
A G A Farms Airport,Perkasie,US
Lynch's Landing Airport,Nottingham,US
Eagle Landing Airport,Avinger,US
Kezer Air Ranch Airport,Springtown,US
High View Farm Airport,Berryville,US
Dinnerbell Airport,Eden,US
Skywest Airpark,Mobile,US
Banks Ranch Airport,Busch,US
Jalapeno Ranch Airport,Bouse,US
Flying Pear Ranch Airport,Caliente,US
Flyjivefly Airport,Lake Wales,US
Seven Lakes Airport,Jackson,US
Ferris Field,Marengo,US
Fowler Field /Pvt/ Airport,Greentown,US
Dexter Field,Cottonwood Falls,US
Rogers Airfield,Ravenna,US
Tow's Field,Erath,US
Field Of Dreams Airport,North Dighton,US
Sandy Point Airport,Prince Frederick,US
Taylors Falls Airport,Taylors Falls,US
Washburn Farm Airport,Grain Valley,US
Morten Airport,Larimore,US
West Airport,Mount Pleasant,US
Willard Field,Bremen,US
Shreveport North Airport,Wellsville,US
Hawken Air One Airport,Elgin,US
Flack Field,Decatur,US
Los Cerrito Airport,Uvalde,US
Grasso Salvage Airport,Holland,US
Flying H Air Ranch Airport,Nacogdoches,US
J F Ranch Airport,Clairette,US
Kucera Residence Airport,Big Lake,US
Stokes Airport,Earle,US
Desert Air Sky Ranch Airport,North Shore,US
G3 Ranch Airport,Capay,US
Meadowlark Field,Livermore,US
Hendricks Field At West Creek Ranch Airport,Gateway,US
Sullivan Field,Alachua,US
Link Field,Alachua,US
Westbrook Airport,Lumpkin,US
Hoskins Field,Caldwell,US
Woods Field,Franklin,US
Emerick Airport,Marengo,US
Little York Airport,Little York,US
Heinen Airport,Seneca,US
Milo Field,Milo,US
Weideman International Airport,Two Harbors,US
Inmon Field,Ecru,US
Blains Airport,Billings,US
Fiddleair Airport,Newton Grove,US
Windshear Airport,Youngstown,US
White's Airport,Darbyville,US
Providence Landing Airport,Madisonville,US
Dow Ranch Airport,Kerens,US
Boyle R & D Airport,Colbert,US
Flying H Airport,Monroe,US
Jcj Farm Airport,Lott,US
Byram Ranch Airport,Henly,US
Carpentiers Strip,Point Mackenzie,US
Smith Field,Ward,US
Goodyear Blimp Base Airport,Carson,US
Woodstock Airport,South Woodstock,US
Naked Lady Ranch Airport,Stuart,US
Big 'T' Airport,Senoia,US
Wcc Airport,Tallapoosa,US
Walpole Airport,Marengo,US
Minnow Creek Airport,Sylvan Grove,US
Coal Field,Lexington,US
Booze Island Airport,St Joseph,US
Edwards 2 Airport,Leland,US
Fields Airport,Pleasant Garden,US
Z P Field,Mandan,US
Antone Ranch Airport,Mitchell,US
Plum Valley Airport,Amity,US
Apache Springs Airport,Kerrville,US
Hallelujah Farm Airport,Pulaski,US
Bird Dog Landing Airport,Forestburg,US
Fairview Landing Airport,Wasilla,US
Pleasant Hill Airport,Newark,US
Al Divine Airport,Caruthers,US
Bottimore Ranch Airport,Herald,US
Wkr Airport,Fort Collins,US
Southern Seaplane Airport,Belle Chasse,US
Willow Bee Farm Airfield,Piney Point,US
Ricks Field,Wendell,US
Malone Airfield,Matthews,US
Maverick Hill Airport,Senatobia,US
Apex Airport,Quaker Street,US
Curtis And Curtis Airport,Forrest,US
Chautauqua Lake Airpark,Mayville,US
Wiita Farms Airport,Sharon Center,US
Windwood Farm Airport,Bells,US
Roach Farm Airport,Fall Branch,US
Martin Ranch Airport,Carta Valley,US
Flying Eagle Ranch Airport,Salt Flat,US
Grayson Airport,Scottsville,US
Wissler's Airport,Tenino,US
Stol Airport,Prescott,US
Whoopy Hollow Aerodrome,Wiota,US
Barnes Air Field,Barnes,US
Hoerler Farms Airport,Siloam Springs,US
Rancho San Simeon Airport,Cambria,US
J R's Airport,Crystal River,US
Sawyer Farm Airport,Blakely,US
Wind Ridge Airport,Grangeville,US
Aerogrange Airport,Marengo,US
Oakes Field,Charlottesville,US
Mc Grew Airport,Clarkson,US
Schexnayder Airport,Erwinville,US
East Lake Airport,Kalamazoo,US
Howard's Airport,Clara City,US
Ahlers Acres Airport,Foristell,US
Hood Field,Dover,US
Cornelius Farm Airport,Madrid,US
Old Boston Airport,Williamsburg,US
Gorman-Green Airport,Wooster,US
Mc Laughlin Farm Airport,Durant,US
The Flying Few Airport,Greer,US
The Landings Airport,Granbury,US
Basham Field,Morrison,US
Loma De Cometa Airport,Cometa,US
Symon Airport,Shoreham,US
J-3 Cub Field,Watertown,US
Mathews Airport,Henrietta,US
Baylie Airport,Westminster,US
South Hollywood Airport,Wasilla,US
Wedington Woods Airport,Fayetteville,US
Chapman Farms Airport,Chowchilla,US
Davis Airport,Colusa,US
Highline Farm Airstrip,Bracewell,US
Bald Eagle Airfield- Myakka Head Airport,Zolfo Springs,US
Appalachee Bluff Riverfront Airpark,Monroe,US
Mitchell Airport,Marseilles,US
Sunny Ridge Landing Airport,Crittenden,US
Willows Landing Airport,Union Bridge,US
Pinelli Airport,Marcellus,US
Pagel's Field,Atwater,US
Ski Harbor Airport,Pittsburg,US
Air Cover Airport,Frankford,US
Waldie Farms Airport,Marion,US
Mount Pleasant Landing Strip,Hainesburg,US
George Airport,Sheridan,US
Flying J Ranch Airport,Peggs,US
Mc Gee Airport,Donald,US
Masser Field,Sacramento,US
Lanes Landing Airport,Ruffin,US
Fisher Ranch Airport,Killeen,US
Fleck Airport,Decatur,US
John R Armstrong Memorial Field,Emory,US
Greenbluff Meadows Airport,Mead,US
Accurate Airport,Necedah,US
J-L Ranch Airport,Bowie,US
Heart Of Dixie Aero Estates Airport,Greenville,US
Luginbuel Hee Haw Airport,Lincoln,US
Music Mountain Air Ranch Airport,Hackberry,US
Lake California Air Park,Cottonwood,US
Porter Ranch Airport,Kennedy Meadows,US
Maran Airport,Fountain,US
Rapoport Ranch Airport,Sandpoint,US
Stichnoth Airport,Milford,US
Alley Oop Airport,Wheatfield,US
Casa De Aero Park Airport,Hampshire,US
Willys Lake Airport,Sterling,US
Double C Field,Benton,US
Myrtle Grove Airport,Waterproof,US
Stanton Hill Aerodrome,Atwater,US
Winstead '76' Airport,Leasburg,US
Hall-Feld Airport,Davey,US
Thibert Field,Morristown,US
Flying H Ranch Airport,Hope,US
Don's Place Airpark,Hamburg,US
Narrigan Grass Strip,Claysville,US
Norris Raun Ranch Airport,El Campo,US
Mc Mahon Field,Zillah,US
Utley Airport,Bastrop,US
Medlock Field,Davis,US
Unicorn Place Airport,Defuniak Springs,US
David Gillespie Airport,Marseilles,US
Chiles Airpark,Chiles,US
Lakeview Airport,Cub Run,US
Maas Airstrip,New Boston,US
Yaggie Pvt Airport,Breckenridge,US
Brilhart's Farmport Airport,Higbee,US
Flying H Airport,Lambert,US
Blazer Airport,Easton,US
Hall Airport,Farmington,US
Clute's Hilltop Airport,Forest City,US
Tengesdal Airport,Maxbass,US
Schulze's Airport,Chatfield,US
Green Country Airpark,Fairland,US
Dick Fisher Airport,Gaston,US
Hurst Airport,Newmanstown,US
Dean Airport,Corpus Christi,US
Deer Pasture Airport,Lampasas,US
White Airport,Killeen,US
Green Lake Ranch Airport,Bloomington,US
Brushy Creek Airport,Whitesboro,US
Platinum Mine Airport,Platinum,US
Sleepers Strip,Point Mackenzie,US
Butler Aviation Airport,Kenai,US
Fire Island Airport,Anchorage,US
Rainbow Heights Estates Airstrip,Wasilla,US
Tulakes Airport,Wasilla,US
Cizek North Airport,Wasilla,US
Flying Tigers Winery & Resort Airport,Heflin,US
Lay Landing Airport,Vincent,US
Big Sky Farms Airport,Speed,US
Hawthorn Pines Airport,Chatom,US
Cypress Creek Airpark,El Paso,US
Elder Airstrip,Cave Springs,US
Tidwell Flying Service Airport,Carlisle,US
Pine Mountain Airpark,Flippin,US
Wisky Ranch/Chevlon Airport,Heber,US
Flying Diamond Airport,Tucson,US
Triple R Ranch Airport,Macdoel,US
Valley Vista Airport,Yucca Valley,US
Eagle Ridge Ranch Airport,Railroad Flat,US
Depue Airport,Lenwood,US
Burnham Field,Wellington,US
Mesawood Airport,Cedaredge,US
Maga Field,Wiggins,US
Skywagon Ranch Airport,Berthoud,US
Happy Butt Airport,Byers,US
Windy Acres Airport,Chiefland,US
Big Oaks Ranch Airport,Chuluota,US
Blanket Bay Airport,Yeehaw Junction,US
Hilson Field,Eustis,US
Payson Ranch Airport,Punta Gorda,US
Sylvanmir Farms Airport,Keaton Beach,US
Ames Field,Trenton,US
Saw Whet Farms Airport,Bell,US
Stoney Point Field,Cumming,US
Fagundes Field,Haralson,US
Spring Valley Farm Airport,Loganville,US
Kolibri Airport,Whitesburg,US
Flying W Farms Airport,Carrollton,US
Rainbow Field,Woodland,US
M K Field,Hogansville,US
Wells Field,Corydon,US
R S  Auto Airport,Lockridge,US
Regan Ranch Airport,Coeur D'Alene,US
Willis Site Nr 2 Airport,Greenfield,US
Bergs Airport,Lizton,US
Godahavit Airport,Wheatland,US
Phyllis Field,Huntley,US
Foxfield Aerodrome,Lanark,US
Keil Airport,Dongola,US
Kingfield Airport,Knoxville,US
Kleinik Airport,Nokomis,US
Geldean Airport,Walnut,US
Whelen Airport,Waldron,US
Wyandotte Airport,Lafayette,US
Fischer Field,Waldron,US
Pegasus Farms Airfield,Monrovia,US
Mcminn Airport,Rushville,US
Day Aero-Place Airport,Urbana,US
Trisler Airport,Homer,US
Stevenson Private Airport,Selden,US
Bussen Airport,Sharon Springs,US
Bug Field,Haven,US
Towanda Farms Airport,Towanda,US
Flying C Farms Airport,Shelbyville,US
Adair Airport,Fountain Run,US
Jeffries Farm Airport,Louisville,US
Cottonwood Airport,Lake Providence,US
Dyer Airport,Oakdale,US
Church Point Flyers Airport,Church Point,US
Williams Flying Service Airport,Winnsboro,US
Wildy Field,New Athens,US
Smith Airport,New Berlin,US
Fischer's Airport,New Memphis,US
Meadowbrook Airport,Amesbury,US
Harp Airport,Wolfsville,US
Pembroke Farm Airport,Conowingo,US
D'Angelo Airport,Golts,US
Delmarvair Airport,Pittsville,US
Abbotts Airport,East Sumner,US
Jensen Field,Millington,US
Curt's Place Airport,Zeeland,US
Landing Strip De Rey Rey Airport,Buchanan,US
J P's Field,Zeeland,US
Sky Blue Airfield,Ponsford,US
Sodbuster Strip,Goodhue,US
Benson Airport,White Bear Township,US
Blackhawk Airport,Old Monroe,US
Ste Genevieve Flying Club Airport,Ste Genevieve,US
Flying 'E' Airport,Houston,US
Wixted Airport,Osceola,US
Riverside Landings Airport,Ozark,US
Woodbridge Airport,Brandon,US
Kaehr Airport,Brandon,US
Flying Shamrock Airport,Mexico,US
Carp Farms Airport,Norborne,US
Craddock Field,Licking,US
Chase Airstrip,Hebron,US
Marsh Brothers Airstrip,Newburg,US
Cox-Grantham Airfield,Grantham,US
Little Mountain Airport,Denver,US
Wilhelm Airport,Kannapolis,US
Eastover Air Ranch Airport,Fayetteville,US
Brown Airport,Taylorsville,US
Thompson Farms Airport,Whitakers,US
Circle P Farm Airport,Newport,US
Marchmont Plantation Airpark,Advance,US
Moss Hill Airport,Kinston,US
Larson Airport,Fullerton,US
Lisburg Airport,Argusville,US
Fugleberg Farm Airport,Portland,US
Skinningsrud Airport,Berthold,US
Van Boening Airport,Wallace,US
Beaver Landing Airport,Tekamah,US
Lee Field,Bartley,US
Hoppy's Airport,Benkelman,US
Knapp Airport,Schenevus,US
Patton Valley Airport,Nebo,US
Old Port Royal Airport,Corning,US
Airy-Acres Airport,Interlaken,US
West Township Airport,Knox,US
Piolis Brookside Airport,Kerhonkson,US
Sky Wagon Ranch Llc Airport,Klamath Falls,US
Missler-Bellevue Airport,Bellevue,US
Aring Field,Bowling Green,US
Nietz Airport,Bowling Green,US
Kemps Field Of Dreams Airport,Covington,US
John Reid Airport,Tahlequah,US
Redhills Airport,Chickasha,US
Johnson Field,Meno,US
Bryan Brothers Ranch Airport,Welch,US
Mulberry Hill Airport,Stillwater,US
Pointers Airport,The Dalles,US
Chenoweth Airpark,The Dalles,US
Tailwheel Airport,Prineville,US
Wonder Airport,Wonder,US
Schmidt Airport,Boring,US
Knokey Field,Lebanon,US
Hackenburg-Penny Hill Airport,Montgomery,US
Scandia Air Park,Russell,US
Botsford Aerodrome,Shippensburg,US
Tall Pines Airfield,Lock Haven,US
Mc Donald's Airport,Brandonville,US
Champ Field,Knoxville,US
Tyler Airport,New Milford,US
Xpoint Airport,Edgemont,US
Rocking R Ranch Airport,Eldorado,US
Flying Tiger Field,Leonard,US
Culp Airport,Lawrence,US
Spears Ranch Airport,Jarrell,US
Anderson Ranch Airport,Dilley,US
Skalitsky Airport,Edcouch,US
Hahns Airport,Edna,US
Circle Wc Ranch Airport,Bogata,US
Kubecka Flying Service Inc Airport,Edna,US
6666 Ranch Airport,Guthrie,US
Mc Neill Ranch Airport,Wayside,US
Weakleys Field,Pleasantview,US
The Aviation Valley Airport,Tullahoma,US
Levairport Airport,Pulaski,US
St Somewhere Airport,Grand Junction,US
Dripping Springs Farm Airport,Burns,US
True Airport,Plainview,US
Worrell Airport,Kempner,US
Dauenhauer Field,Boyd,US
Stampede Valley Airport,Moffat,US
Rabb And Nobra Airport,Industry,US
Yancey Creek Ranch North Airport,Lampasas,US
Snowden Field,Mason,US
Rancho Sabino Grande Airport,Utopia,US
Whitfield Airport,Kress,US
Jtj Ranch Airport,Corsicana,US
Flying L Airpark,Mansfield,US
Stovall Ranch Nr 4 Airport,Marathon,US
Loury Lester Airpark,Martinsville,US
Summit Airport,Salem,US
Bush Airport,Woolwine,US
Gower Field,Olympia,US
Ochoa Field,Othello,US
Wilding Farm Airport,Shaw Island,US
Carr Airport,Pasco,US
Cub Acres Airport,Prairie Farm,US
Winch Airfield,Wisconsin Rapids,US
St Croix Riviera Airport,River Falls,US
Bountiful Acres Airport,Delavan,US
Saxon Airport,Saxon,US
Drew 9 Airport,Birchwood,US
Airwolfe Airport,Stockholm,US
Fountain Prairie Airport,Columbus,US
Circle Ranch Airport,Fredericksburg,US
Zadow Air Airport,Waller,US
Luscombe Acres Airport,Alvarado,US
Pfeffer 2 Airport,Waller,US
Eugene's Dream Airport,Springtown,US
Harmony Field,Elmendorf,US
Bangerter Field,Soldotna,US
Randal Field,Gosnell,US
Wee Bee Sky Ranch Airport,Vero Beach,US
Nasby Airport,Shelbyville,US
Lewis Airfield,Milan,US
Bannon Field,Douglass,US
Vine Grove Airport,Vine Grove,US
Adams Number 1 Airport,Pontiac,US
Lovers Lane Airport,Garden City,US
Martindale Executive Airpark,Paschall,US
Oak Creek Airport,Sawyer,US
Parker Airport,Asbury,US
Ruby's Landing Airport,Newton Grove,US
Old 66 Strip,Miami,US
Sanders Personal Use Airport,Sugar Grove,US
Zoch Airport,Centerville,US
Claassen Airport,Blue Ridge,US
Roberts Roost Airport,Sparta,US
Big Bend Valley Airport,Terlingua,US
Looney Airstrip,New Boston,US
Restoration Ranch Airport,Wimberley,US
Bluff Park Farm Airport,Wasilla,US
Diamond C Airport,Gentry,US
Gunnersfield Ranch Airport,Delevan,US
Stonehenge Airport,Williamstown,US
Sunrise Acres Airport,Petersburg,US
Lost Airfield,Church Point,US
Riverode Farms Airport,Pontiac,US
Twin Eagles Airport,Naples,US
Johnston Airport,Belleville,US
Famuliner Farms Airport,Wakenda,US
K & D Airport,Elon College,US
Neuwirth Airstrip,Lawton,US
Cerny Airport,Seneca,US
Schulteis Field,New Oxford,US
Chumchal Farms Airport,Wharton,US
Moursund Ranch Airport,Round Mountain,US
Kraschenbern Airport,Baileyton,US
Fairmount Airport,Fairmount,US
Grier Airport,Boerne,US
Red Star Airport,Murchison,US
Comanche Hills Ranch Airport,Lampasas,US
Caddo Lndg Airport,Glenwood,US
Iron Mountain Pumping Plant Airport,Desert Center,US
Gator Airpark,St Cloud,US
Barbour Island Airport,Shellman Bluff,US
River View Field,Demotte,US
Hillbillies Airport,Beverly,US
Carr Airport,Williamsburg,US
Foley Airport,Princeton,US
Philbrick Mountain Airport,Ellsworth,US
Northwoods Airport,Watersmeet,US
Sunnys Field,Leslie,US
Berg Field,Northwood,US
Otero Mill Airport,La Luz,US
No Fly Zone Airport,Casstown,US
Ochs Private Airport,Madras,US
Pierce Field,Port O'Connor,US
Chaparrosa Ranch Airport,La Pryor,US
Galaxy Ranch Airport,Sheridan,US
Stiffs Airpark,Beasley,US
Whitaker's Landing Airport,Paris,US
Dogwood Airport,Cabot,US
Dunton Ranch Airport,Kingman,US
Bear Valley Airport,Bear Valley,US
Julian Hinds Pump Plant Airstrip,Desert Center,US
Flying D Ranch Airport,Walsenburg,US
Brookins Air Strip,Chiefland,US
Harris Field,Mason City,US
Benham Airport,Lyons,US
Brooks Field,Brooks,US
Swan Creek Airport,Rock Hall,US
Olmstead Landing Strip,Masonville,US
Thompson Drag Raceway Airport,Thompson,US
Rick's Airport,Montville,US
Spring Creek Ranch Airport,Tishomingo,US
Ribbon Ridge Airport,Newberg,US
Gilbert Airport,York,US
Finkhaven Airport,Trout Run,US
Reynolds Ranch Airport,Bayview,US
Moore Pvt Airport,Azle,US
South Trap Airport,Christoval,US
Sandy Creek Airport,New Waverly,US
7 Bays Airport,Davenport,US
Vetterkind Strip,New Auburn,US
Mc Gregor Airport,Hooper,US
Tres Amigos Airport,Garden City,US
Second F Airport,Garden City,US
Maud Road Strip,Palmer,US
Freedom Field,Woodson,US
Rancho San Marcos Airport,Tombstone,US
Camatta Ranch Airstrip,Paso Robles,US
Westberg-Rosling Farms Airport,Roggen,US
Clarksville Airport,Clarksville,US
Jefferson Landings Airport,Monticello,US
Johnson Airport,Luthersville,US
Corn Alley 2 Airport,El Paso,US
Ensminger Airport,Moran,US
Terry Field,Cunningham,US
Promised Landings Airport,Prairieville,US
Koala-T Field,Hawk Point,US
Metz Field,Northwood,US
Sunside Airport,Cairo,US
New Salem Aerodrome,Farmington,US
Pegasus Airpark,Guthrie,US
Flat Top Ranch Airport,Walnut Springs,US
Hog Lot Landing Airport,Hixson,US
Fort Clark Springs Airport,Brackettville,US
Gun Barrel City Airpark,Gun Barrel City,US
Henley Airport,Kenai,US
The Bluffs Airport,Henderson,US
Mrw Farms Airfield,Nunn,US
Oakesdale Airport,Oakesdale,US
Brownville Airport,Arcadia,US
Sandy Creek Airpark,Panama City,US
Fulton Field,Covington,US
7Up Ranch Airport,Bartlett,US
Hisle Field,Winchester,US
Norton Field,Riley,US
Galler's Airport,Elysian,US
Meylor Landing Airport,Stokesdale,US
Heaton Airport,Fort Calhoun,US
Hamptonville Airport,Hamptonville,US
Reiss Game Farm Airport,Olean,US
Hickerson Airport,Springfield,US
Soltis Field,Marion,US
Marther Field,Albion,US
Coleman Cattle Company Nr 1 Airport,Ackerly,US
Womack Farm Airport,Waco,US
Venus Airport,Venus,US
Leona Ranch Airport,Brackettville,US
Port Elsner Airport,White Salmon,US
Smies Airport,Cedar Grove,US
Nicholson Airport,West Union,US
Rocking B Cattle Airport,Coldspring,US
Rowland Dusters Airport,Lasara,US
Pogo Mine Airstrip,Delta Junction,US
Johnson Field,Mountain Home,US
Hoy Airstrip,Bennett,US
Peavy Farms Airport,Havana,US
Landings East Sylvania Airport,Sylvania,US
Ries Airport,Laotto,US
Vintage Field,Newton,US
Buzzard's Roost Airport,Lawrenceburg,US
Cool Creek Airport,Kentwood,US
Hemmingsen Airport,Erskine,US
Pathfinder Field,Raeford,US
Odom's Roost Airport,Newcastle,US
Postoak Airport,Lampasas,US
Big Tank Ranch Airport,Salt Flat,US
Luckie Farms Airport,Everett,US
High Lonesome Airport,Rosanky,US
Tidewater Airport,Wasilla,US
Benoit Airfield,Hot Springs,US
Daulton Airport,Madera,US
Baker & Hall Airport,Dunlap,US
Toland Airport,Milner,US
Ashley Airport,Meridian,US
Riverbend Ranch Airport,Augusta,US
One Oak Airport,Mount Sterling/Owingsville,US
Doren Field,Cedar Springs,US
Klamar Field,Gatzke,US
Ferguson Airport,Billings,US
Winnabow Airport,Winnabow,US
Flying Eagle Airport,Reno,US
Nardo Airport,Allison Park,US
Gilfert Airport,Benfer,US
Sword's Landing Airport,Greenville,US
Foggy Bottom Airport,Winnsboro,US
Darnell's Field,Church Hill,US
Flying R Ranch Airport,New Braunfels,US
Circle W Ranch Airport,Weatherford,US
Xl Ranch Airport,Winnie,US
Garrett Ranch Airport,Danbury,US
Lakewood Airport,North Pole,US
C T S Airport,Willow,US
Cedar Crest Airstrip,Diamond City,US
Mac's Field,Homestead,US
Pomona Landing Airport,Pomona Park,US
C&R Farm Airport,Carrollton,US
Fox Station Airport,La Fontaine,US
Naquin Field,Raceland,US
Eric's Field,Falmouth,US
Carls Airport,South Rockwood,US
Hagens Airport,Gatzke,US
Snouffer Field,Lynchburg,US
Stony Branch Airport,Jasper,US
Fuquay/Angier Field,Fuquay/Varina,US
Flying F Airport,Pendleton,US
Valley City Flying Club Airport,Valley City,US
Crowley Ranch Airstrip,Crowley,US
Ranch-Aero Airport,Bigfoot,US
Earhart Landing Airport,Madison,US
Rassawek Airstrip,Columbia,US
Center Island Airport,Center Island,US
Wayport Airport,Millsap,US
Smith Aviation Inc Airport,Danevang,US
Huttunen Strip,Wasilla,US
Franke Field,Jacksonville,US
Sentiel Airport,Marana,US
Milhous Ranch Airport,North San Juan,US
Midway Lake Airport,Plant City,US
Good Dog Landing Airport,Chiefland,US
Coates Airport,Fort Gaines,US
Clear Creek Int Airport,Kooskia,US
Harter Flying Field,Greenfield,US
Hartwell Ranch Airport,Hillview,US
Lucas Field,Nicholasville,US
Davis Field,Jerome,US
Paul Field,Gatzke,US
Faries Field,Williamsville,US
Thornton Field,Seminary,US
Johny Creek Airport,Baker,US
Dunham Airport,Smithville,US
Ball Airport,Louisburg,US
Wyatt Airport,Elizabeth City,US
Smith-Stewart Field,Vienna,US
Wilson Ranch Airport,Sperry,US
Green Sea Airport,Green Sea,US
Arrowhead Airport,Lagarto,US
Tallows Field,Celina,US
Spring Creek Field,Iredell,US
Perkey Airport,Eagle Rock,US
Rnr Farms Airport,Cathlamet,US
Moose Creek Farm Airport,Argyle,US
West Ranch Airport,Ellensburg,US
Hacienda Rio Lindo Ranch Airport,Ozona,US
Silverton Municipal Airport,Silverton,US
Hillside Airstrip,Susitna,US
Snettisham Airport,Snettisham,US
Gaede Airport,Soldotna,US
Jack Fish Landing Airport,Wasilla,US
Dahler Homestead Airport,Soldotna,US
Dan France Airport,Soldotna,US
Crosswinds Landing Airport,Wasilla,US
Vinduska Airport,Palmer,US
Peterson Field,Steele,US
Liberty Field,Pinckard,US
Pratt Landing Airport,Madrid,US
Horak Airport,Elberta,US
Hammer Field,Eureka Springs,US
Wards Airport,Eudora,US
Verser's Landing Airport,Greers Ferry,US
Runsick Flying Service Airport,Colt,US
Rbc Airport,Jonesboro,US
Riddell Field,Elaine,US
Shiloh Airport,Holly Grove,US
Cullen Airport,Jonesboro,US
Rancho Relaxo Airport,Pearce,US
Abraham Ranch Airport,Lucerne Valley,US
Paradise Lakes Airport,Bakersfield,US
Perryman Airport,Placerville,US
Parkland Airport,Erie,US
Ranger Ranch Airport,Montrose,US
Buffalo Airport,Franktown,US
Koch Field,Arriba,US
Vantage View Airport,Rush,US
West Pueblo Airport,Pueblo West,US
Sugar Loaf Shores Airport,Key West,US
Lykes Moore Haven Airport,Moore Haven,US
Flying L Airport,Fort Denaud,US
Lakeview Airstrip,Monticello,US
Drake Ranch Airport,Hernando,US
Loxahatchee Airport,Lake Worth,US
Estherbrook Aerodrome,Madison,US
Haller Airpark,Green Cove Springs,US
Spruce Creek Airport,Daytona Beach,US
Lazy S Farm Airport,High Springs,US
Dragonfly Airport,Fort Pierce,US
Alyssas Animal Sanctuary Air Park,Valdosta,US
Hacienda De Gay Airstrip,Garfield,US
Danville Airpark,Danville,US
Berry Hill Airport,Stockbridge,US
Smisson Field,Whitesburg,US
Rough Country Airport,Greenville,US
Mitchell Field,New Hampton,US
Mussman Airport,Grant Park,US
Flying Q Farm Airport,Marengo,US
Edward Getzelman Airport,Hampshire,US
Friends Field,Serena,US
Flying Crown Airport,Hamilton,US
Garrett Field,Poseyville,US
Myers Farm Airport,Livonia,US
Gary Johnson Field,West Lebanon,US
The Last Resort Airport,Springport,US
Aero Estates Airport,Belleville,US
Hooterville Airport,Clinton,US
Koppie Airport,Gilberts,US
Hammock Field,Alhambra,US
Flying T Airport,Oskaloosa,US
Cloud Airport,Overbrook,US
Youvan Airport,Arma,US
Bent Nail Ranch Airport,Horton,US
Deep Creek Airport,Manhattan,US
Kennedy Airport,Minneola,US
Moore Short Field Landing Airport,Topeka,US
Eagle Field,Bentley,US
Soggy Bottom Farm Airport,Winchester,US
Spring Creek Airpark,Albany,US
Valverda Strip,Maringouin,US
Birdwin Airport,Port Sulphur,US
Kibs Air Park,Bristol,US
Chute N Gators Airport,Bell City,US
Jasper County Flying Club Airport,Newton,US
Delhotal Airport,West Brooklyn,US
Magennis Farm Airport,Federalsburg,US
Boomers Field,Pocomoke,US
Kent Fort Manor Airport,Stevensville,US
Tilghman Whipp Airport,Tilghman,US
Stevens Field,Sebec,US
Southwest Lakes Airpark,Sawyer,US
Thrall Lake Airport,Vicksburg,US
Wightman Airport,Oakley,US
Walker Airport,Cooper,US
Letts Field,Vassar,US
Caldbeck Field,Spring Valley,US
Mille Lacs Lake Airport,Garrison,US
Johnson Airport,Argyle,US
Willis Airport,Thief River Falls,US
Wood Acres Airport,Perry,US
B S Ranch Airport,Pineville,US
Buckhorn Airport,Bakersfield,US
Mcguire Airfield,Golden City,US
Laughlin Airport,Foster,US
Eagle Crest Estates Airport,Canton,US
Maidment Field,Byhalia,US
Cloud 9 Airport,Canton,US
Freebird Airport,Bolton,US
Petes Airport,Dexter,US
Ingebretson Airspray Airport,Mayville,US
Sjule Pvt Airstrip,Souris,US
Stag Air Park,Burgaw,US
Pine Island Airport,Corolla,US
Kenly Airport,Kenly,US
Crooked Creek Airport,Bunn,US
Lewis Airstrip,Walnut Cove,US
Spencer Field,Asheboro,US
Wolberg's Private Airport,Dickinson,US
Forest Airport,Langdon,US
Lierley Farms Airport,Paxton,US
Ne Hitchcock Airport,Culbertson,US
Stoe Creek Farm Airport,Canton,US
Dave's Aerodrome,Cedarville,US
Valley View Airport,Middleburgh,US
Ridge Road West Airport,Spenceport,US
Blueberry Field,Treadwell,US
Morin Airport,Sherburne,US
Mesa Verde Ranch Strip,Alamogordo,US
Geyser Ranch Airport,Ely/Pioche,US
Gar Field,Esperance,US
Sherwood Farm Airport,Johnsonville,US
Iwan Airfield,Amsterdam,US
Skydive Greene County Inc Airport,Xenia,US
Rauhaus Field,Valley City,US
Canal Fulton Airport,Canal Fulton,US
Obi One Airport,Delaware,US
Mahoning County Joint Vocational School Airport,Canfield,US
Heathcliff Airpark,Loudonville,US
Curtis Airport,Chardon,US
Blevins Airport,Ayersville,US
Bea-D Airport,Graytown,US
Massengill Airport,Nashport,US
Gregg Airport,Edmond,US
Scott Airport,Mangum,US
Waters Home Airport,Hydro,US
Panhandle Airport,Optima,US
Jim Pettijohn Memorial Airport,Marlow,US
Minam Lodge Airport,Cove,US
Arnold Airstrip,Crane,US
Flying Squirrel Ranch Airport,Lostine,US
Pineridge Ranch Airport,Sisters,US
Green Acres Air Park,Hood River,US
Inshallah International Airport,Seneca,US
Parson Landing Airport,Oregon City,US
Warren Airpark,Warren,US
Charles G Kalko Airport,Honesdale,US
Null Farms Airport,Punxsutawney,US
Carrar Farm Airport,Montrose,US
Tidmore Airport,Minersville,US
Blue Knob Valley Airport,Newry,US
Quarterway Airport,Plainview,US
V Bar Airstrip,Fairfield,US
Weber Ranch Airport,Caldwell,US
Skyview Ranch Airport,Junction,US
Flying M Ranch Airport,Reklaw,US
Kelley Crop Service Airport,Fannett,US
Double D Farms Airport,Warrenton,US
Cage Ranch Airport,Falfurrias,US
Lometa Air Strip,Lometa,US
Flying J Ranch Airport,Leakey,US
Stovall Ranch Nr 1 Airport,El Campo,US
Moore Field,Mission,US
El Quinto Ranch Airport,Cotulla,US
Boening Brothers Airport,Floresville,US
Blue Bird Field,Pleasantview,US
Krashinsky Airfield,Pelham,US
Stones River Airport,Murfreesboro,US
Pegasus Field,Oakland,US
Flying D Airport,Hickory Valley,US
Alison Air Park,San Marcos,US
Sanctuary Ranch Airport,Crossroads,US
Hefner Farms Airport,Bovina,US
Danaher Airport,Wichita Falls,US
Hillcrest Airport,Keller,US
Ryan Aerodrome,Midland,US
Flying K Airport,Amarillo,US
Ashford Field,Old Boston,US
Long Island Airport,Long Island,US
Hannah Field,Monterey,US
Lost Griz Aerodrome,Warrenton,US
Big Andy Airport,Port Angeles,US
Westwind Airport,Everson,US
Humbert Airport,Ford,US
Stuart Island Airpark,Stuart Island,US
Turkey Bluff Airport,Ferryville,US
Higgins Airport,Rio,US
Lewis Airport,Black River Falls,US
Syvrud Airport,Brooklyn,US
Weatherbee Field,Wyocena,US
Springhill Field,Richland Center,US
Crispy Cedars Airport,Brussels,US
Sagebrush Airport,Justin,US
Buckshot Ranch Airport,Troy,US
Polly Ranch Airport,Friendswood,US
Arrington Ranch Airport,Skellytown,US
Indian Springs Ranch Airport,Fredericksburg,US
Sunflower Ranch Airport,Tyler,US
King Airport,Helena,US
Bacchi Valley Industries Airport,Lotus,US
Simonson Field,Pueblo,US
Brady Ranch Airport,Indiantown,US
Murphy's Landing Airport,Grantville,US
Loeppert Cpl Aero Airport,Shirland,US
Diamond H Airport,Parsons,US
David Lowe Airport,Sacramento,US
Red Hawk Airport,Effie,US
Seiferd Field,Carthage,US
Troy Field,Crosby,US
Foster Farm Airport,Sagaponack,US
Griffin/Sloas Airport,Warren,US
Bison Hill Airport,Norman,US
Wilderness Airport,Bly,US
Hanover Airpark Inc Airport,Hookstown,US
Comstock Field,Aberdeen,US
Big T Airport,Lenoir City,US
M Y Ranch Airport,Crockett,US
Holly Springs Airport,Richmond,US
Spring Creek Airport,Spring Lake,US
Knight Trow Ranch Airport,Canton,US
Mc Kinley Country Airport,Trapper Creek,US
Wfk Airport,Jonesboro,US
Skydive San Joaquin Valley Airport,Bakersfield,US
Mesa 1 Airport,Steamboat Springs,US
Lucky Lairds Landing Airport,Villa Rica,US
Illinois Antique Airfield,Minier,US
Blackhawk Airport,Meriden,US
Otterbach Farm Airport,Mendota,US
French Field,Ellsworth,US
Ewen Landing Field,Jeffers,US
Cox Field,Tabor City,US
Millers Airstrip,Deering,US
Oldstown Flying Tails Airport,Cortland,US
Pilots Landing Airport,Early,US
Southfork Airport,Bristol,US
Rancho Deluxe Airport,Edna Hill,US
Ferguson Airport,Rocky Mount,US
Buttermilk Air Strip,Florence,US
Barton Airport,Barton,US
Ridgeline Airpark,Green Valley,US
Fort Bragg Airport,Fort Bragg,US
Paces South Farms Airport,Wadley,US
Landings Condominium Airport,Huntley,US
Greg Post Farms Airport,Mapleton,US
Woodledge Farm Airport,Crestwood,US
Lookout Point Airport,Transylvania,US
Red Pine Grove Airport,Clayton Lake,US
Pineview Air Airport,Sanford,US
Drc Airport,Mullen,US
Skeen Ranch Airport,Picacho,US
Big Sandy Landing Airport,Canton,US
Hoelscher Ag Airport,San Angelo,US
Rememberance Airport,Lubbock,US
Elmdale Airpark,Abilene,US
Root Field,Verona,US
Triple S Ranch Airport,Whitelaw,US
Magee Creek Aerodrome,Rice,US
Circle P Ranch Airport,Floresville,US
Tolovana Hot Springs Airport,Fairbanks,US
Lake Montaza Airport,Okeechobee,US
Nassau Airport,Yulee,US
Brock Airpark,Bainbridge,US
Oltman-Shuck Airport,Minonk,US
Goodenough Airport,Peru,US
Prairie Airport,Irvington,US
Stol Creek Airport,Whitewater,US
Lindauer Airport,New Athens,US
Jolley Field,Pelahatchie,US
Wootens Airport,Statesville,US
Adams Strip,Pleasant Hill,US
Sweetbriar Airport,Murry Spur,US
Highland Ridge Field,Lafayette,US
Moore Ranch Airport,Gordon,US
Texas A & M - Rellis Airport,Bryan,US
Jones Airport,Dorchester,US
Tr Zato Airport,Spur,US
Blessings Landing Air Ranch Airport,Pinckard,US
Bud Pierce Memorial Airport,Stockton,US
St Mary's Airpark,St. Mary'S,US
Clarks Field,Hillsboro,US
Cowboys Air Ranch Airport,Forest Township,US
Rooster Field,Cameron,US
Hooker County Airport,Mullen,US
Skyview Airport,Rush,US
Pettijohn Acres Landing Airport,Marlow,US
B Bar Ranch Airport,Selma,US
Flying Fajita Airport,Moody,US
W4 Ranch Airport,Morgan,US
Elkins Field,Andersonville,US
Camp Longhorn Airport,Buchanan Dam,US
D And B Airpark,Elma,US
Moore Ranch Airport,Douglas,US
Lang Ranch Airport,Mountain Home,US
North Exuma Airport,Deland,US
Thomas Farms Airport,Jay,US
Aiken Field,Talmo,US
Durbin Airport,Sullivan,US
Sanders Airport,Winchester,US
Deer Run Airpark,New Castle,US
Dewind Field,Zeeland,US
Meyers Freedom Flight Hardy Airport,Hardy,US
Campbell Field,Randolph,US
High Acres Airport,Sardinia,US
Lockhart Field,Cashion,US
Allens Airstrip,Bly,US
Old Kingsbury Aerodrome,Kingsbury,US
Tellico Plains Municipal Airport,Tellico Plains,US
Rutherford Ranch Airport,Buda,US
Cub Bear Airport,Emerald,US
Windmillcreek Airport,Krum,US
Seven J Stock Farm Airport,Crockett,US
Ernst Field,Hemet,US
Lazy W Airport,Berthoud,US
Country Landings Airport,Bell,US
Flying G Ranch Airport,Tunnel Hill,US
Wenona Rla Airport,Wenona,US
Michael Pfister Airport,Roanoke,US
Coberly Airport,Gove,US
Spring Airport,Kentwood,US
Downwind Acres Airport,Willis,US
Moose City Airport,Polebridge,US
Craft Airport,Hertford,US
Orum Aerodrome,Blair,US
Bordner Airport,Bowling Green,US
Reed Field,Bethel,US
Seesholtz Airport,Bloomsburg,US
Matthews Ranch Airport,Santo,US
Dumplin Field,Dandridge,US
Flying J Airport,Bulverde,US
Kapowsin Field,Kapowsin,US
Terhark Airport,Elkhorn,US
Gesin Ranches Airport,Sweetwater,US
Soloy Strip,Wasilla,US
The Flying Z Airport,Pueblo,US
Alma Airport,Alva,US
Bushby Airport,Minooka,US
Hayland Airport,Dorrance,US
Erickson Airport,Roosevelt,US
Richters Airport,East Lynne,US
Maloney Airport,Tupelo,US
Brocks Airport,Roseboro,US
Columbia Airstrip,Columbia,US
Lake Air Ranch Airport,Norwalk,US
Moondance Ranch Airport,Beatty,US
Waltman Airport,Chicora,US
Mospino Airport,Needville,US
Rainey Airport,Obion,US
Fainting Goat Airport,Blum,US
Cottonwood Farm Airport,Crozet,US
Quale Airport,Cottage Grove,US
Valhalla Airport,Mosinee,US
Cinco B Ranch Airport,Medina,US
Dutch Landing Strip,Sterling,US
Grapevine Airstrip,Roosevelt,US
Tranquila Airport,Yoder,US
Epic Field,Hamilton,US
Gaitros Stol Airport,Cerro Gordo,US
Seib Airport,Poseyville,US
Blickhan Lndg Area Airport,Quincy,US
Block Airport,Pearl City,US
Beaven Field,Easton,US
Eagle Ii Airport,Lewiston,US
Strayhorn Hay Field,Senatobia,US
Corriher Field,Salisbury,US
Goodman Strip,Milton,US
Black Rock City Airport,Gerlach,US
Zelazny Airport,Shelby,US
Boice Field,Marlow,US
Tallman Airport,Lebanon,US
Mc Coy Airport,Clinton,US
Indian Springs Airport,Landisville,US
Figure 2 Ranch Airport,Van Horn,US
Scott Airfield,Wingate,US
Piney Creek Airport,Altamont,US
Shady Lane Ranch Airport,Pilot Point,US
Belmont Farm Airport,Culpeper,US
Hawk's Nest Airport,Isle Lamotte,US
Nicolet Airport,Green Bay,US
Ottos Airfield,Verona,US
Top Fun Ranch Airport,Anna,US
Ranch At Double Gates Airport,Coleman,US
Lincoln Village Airpark,Wasilla,US
Halter Ranch Airport,Paso Robles,US
Milhon Airport,Martinsville,US
Fox Field,Vassalboro,US
Bishop's Landing Airport,Westline,US
Strickland Field,Fair Bluff,US
Poleschook Airport,Minot,US
Mccardles Airport,Blair,US
Strawberry Fields Airport,Mays Landing,US
Georgia Rd Field,Mocksville,US
Maxson Airfield,Alexandria Bay,US
Circle C Airport,Berlin Center,US
Neversweat Too Airport,Sallisaw,US
Mucky Flat Airport,Eagle Point,US
Hidden River Airport,Edinburg,US
Tuschen Airport,Jonesdale,US
Hidden Ridge Ranch Airport,Clifton,US
Jacobus Field,Gulkana,US
Cartys Airstrip,Kenai,US
Roland Norton Memorial Airstrip,Selawik,US
Fort Crosby Airport,Trapper Creek,US
Little Susitna Airport,Susitna Station,US
North Cubs Strip,Wasilla,US
Tok 2 Airport,Tok,US
Charles C Killough Field,Talladega,US
Fricks Field,Boaz,US
Hazel Green Acres Airport,Hazel Green,US
Sanca Farm Skyport Airport,Robertsdale,US
Isaacson Airport,Medical Lake,US
Totty Field,Oakland,US
Lizzy Lizard Airport,Portal,US
Osborne Airport,Victorville,US
Wallom Field,Lodi,US
Basin Field,Elizabeth,US
Lake Wohlford Resort Airport,Escondido,US
Moller Airport,Maxwell,US
Widner Airport,Hotchkiss,US
Colorado Antique Field,Niwot,US
Koenig Airport,Yuma,US
Pine View Airport,Elizabeth,US
Clark Field,Raiford,US
New Smyrna Beach Airport,Samsula,US
Flying H Airport,Lake Placid,US
Blackwater Airfield,Munson,US
Lykes Brighton Airport,Okeechobee,US
Hutson Airfield,Hastings,US
Mc Donald's Field,Arcadia,US
Kiever Airport,Belleview,US
Back Achers Airport,Belleview,US
George T Mc Cutchan Airport,Harold,US
Griswold Airport,Jay,US
Gum Creek Airport,Roopville,US
Leesburg Spraying Airport,Leesburg,US
Sikes Farm Airport,Collins,US
S & S Landing Strip,Griffin,US
Falcons Aerie Airport,Carrollton,US
Brook Bridge Aerodrome,Vaughn,US
Pfeifer Field,Riverside,US
Lewis And Clark Airstrip,Salmon,US
Norris Field,Liberty,US
Holt Field,Hoagland,US
Adkins Airport,Harvard,US
Kirkpatrick Airport,Harvard,US
Alms Rla Airport,Sullivan,US
O'Connor Field,Pecatonica,US
Robinson Field,Greenwood,US
Brush Creek Airport,Butlerville,US
Marcidale Airport,Amo,US
Kilsoquah Farm Airport,Roanoke,US
Raymond Classen Memorial Airport,Danforth,US
Morgan Farms Airport,Ulysses,US
Neu Field,Basehor,US
Davis Airfield,Hiawatha,US
Rans Airport,Hays,US
Blue Sky Airport,Parsons,US
Pine Sod Ranch Airport,Stilwell,US
Prairie Cottage Airport,Chapman,US
Cherry Hill Airport,Pleasureville,US
Cummings Farms Airfield,Franklin,US
Caintuckee Airport,Independence,US
Crow Island Airport,Stow,US
Suzie Field,Woodbine,US
Spiering Airport,Greensboro,US
Flying H Farm Airport,Libertytown,US
Burgess Field,Nanjemoy,US
Deerfield Airport,Leonardtown,US
Mattawan Airpark,Mattawan,US
Bass Lake Airport,Steuben,US
Winters Field,Chelsea,US
Aslesen Airport,Halstad,US
Breezy Point Airport,Breezy Point,US
Lightfoot Farms Airport,Vesta,US
Minske Field,Princeton,US
Life Farm Airport,Springfield,US
Curtis Field,Richmond,US
Mans Field,Annapolis,US
Bean Lake Airport,Rushville,US
Henderson Airport,Greenwood,US
Godspeed Airpark,Fulton,US
Elk Meadows Ranch Airport,Townsend,US
Minglewood Airport,Alexandria,US
Tappen Airstrip,Tappen,US
Hashbarger Farm Airstrip,Hope,US
Dean Field,Cameron,US
Twin Airpark,Caroleen,US
Twin Silos Airport,Pittsboro,US
Brooks Field,Siler City,US
Parker Field,Maysville,US
Lake Ridge Aero Park Airport,Durham,US
W N C  Air Museum Airport,Hendersonville,US
Amble - Tiger North Farms Airport,Sarles,US
Heyde Airport,Manvel,US
Ausk Strip,Chaffee,US
J Vining Airport,Chaffee,US
Sprague Airport,Courtenay,US
Smith Field,Champion,US
Bornemeier Airstrip,Elmwood,US
X1 Ranch Airport,Ericson,US
Franklin's Plainview Airport,Franklin,US
C A M P Airport,Fullerton,US
Bethany Airpark,Bethany Center,US
Suntime Airport,West Burlington,US
North Fork Airport,Afton,US
Mariaville Aerodrome,Duanesburg,US
Oneida Lake Strip,Oneida,US
Hawks Field,Utica,US
Zimmerman Landing Airport,Vickery,US
Bald Eagle Field,Stockport,US
York Aerodrome,Columbiana,US
Urban Airport,Cortland,US
Allen Airport,Cortland,US
Clum Airport,Thornville,US
Morkassel Field,Idaho,US
Lamle Airport,Okeene,US
Warbonnet Airport,Blanchard,US
Baker Airstrip,El Reno,US
Black I Ranch Airport,Carrier,US
Grass Strip,Chandler,US
Nelson High Point Airport,Amber,US
Petes Airpark,Wetumka,US
Kingston Airpark,Stayton,US
Riverview Ranch Airport,Days Creek,US
Pilot Butte Airport,Bend,US
Grabhorn's Airport,Scappoose,US
Gates Airport,Corvallis,US
Numidia Airport,Numidia,US
Dee Jay Airport,Ono,US
Deer Meadows Airstrip,Weatherly,US
G A E Airport,Mifflinburg,US
Sunny Rest Airport,Palmerton,US
Hallett's Airport,Bangor,US
Mc Cauley's Airport,Venus,US
John B Connally Ranch Airport,Floresville,US
Whatley Flying Service Airport,Seadrift,US
Flying X River Ranch Airport,Spicewood,US
Short Stop Airport,Farmersville,US
Bufords Field,Huntington,US
Tee Pee Creek Airport,Matador,US
Richie Rich Airport,Wills Point,US
J-Bar Ranch Airport,Crane,US
H & F Properties Airport,Crystal City,US
Tradewind Ag Airport,El Campo,US
Parker Airport,Eads,US
Pleasant Grove Airpark,Shelbyville,US
Raby Airpark,Farragut,US
Flaglor Airport,Mosheim,US
Nobuzzn Airport,Springfield,US
Rachel's Landing Airport,Murfreesboro,US
Short Creek Airport,Dover,US
Hamilton Ranch Airport,Bruni,US
Retta Airport,Burleson,US
Henrietta Airport,Henrietta,US
Bruner Airport,Latexo,US
Stol Field,Joshua,US
Wyatt 3-Rivers Airport,Glen Rose,US
Rnk Ranch Airport,Del Rio,US
Hub Field,Jewett,US
Freeman Ranch Airport,Rocksprings,US
Harkey Ranch Airport,Mason,US
Slate River Airpark,Buckingham,US
Lotus International Airport,Buckingham,US
Flatwoods Airport,Lovingston,US
Valley View Airport,Nokesville,US
Buffalo Ridge Airport,Amherst,US
Flying B Airport,Rainier,US
Christensen Field,Royal City,US
Mcguire Field,St John,US
Wood Airport,Wisconsin Dells,US
Dillenburg's Airport,Shawano,US
Runway Leasing Inc Nr 1 Airport,Plainfield,US
Runway Leasing Inc Nr 2 Airport,Plover,US
Wolf River Landing Strip,Black Creek,US
Funk Aerodrome,Luxemburg,US
Mave's Lakeview Road Airport,Ellison Bay,US
Snowshoe Airport,Mingo,US
Talbott Field,Gerrardstown,US
Lazy T Ranch Airport,Ten Sleep,US
Blackjack Field,Aubrey,US
Yacht Club Airport,Hamilton,US
Bemaroy Airport,Pear Valley,US
Ayers Field,Bellevue,US
J A Knolle Airport,Sandia,US
Reese Airpark,Lubbock,US
Rust Field,Waring,US
Alos Field,Jonesboro,US
Fowler's Airport,Linden,US
Diamond M Ranch Airport,Elk Creek,US
Citrus Hedging Ranch Airport,Okeechobee,US
Paxton Airport,Okeechobee,US
Missouri Valley Airport,Missouri Valley,US
Mc Daniel's Field,Martinsville,US
Sunset Strip Airpark,Topeka,US
Sharp Field,Minden,US
Zinck Airport,Rumford,US
Bishman Airport,Princeton,US
Steele Farms Airport,Hollandale,US
Hopewell Airpark,Canandaigua,US
Joe Cimprich Airport,Camden,US
Rocky Point Airport,Sasakwa,US
Adams Airport,Coneville,US
Brandes Air Field 2 Airport,Sealy,US
Wt Airpark,Waelder,US
Callaghan Ranch Airport,Callaghan,US
Hen & Bacon Airport,Orange,US
Waldron Airstrip,East Sound,US
Heritage Acres Airport,Laona,US
Tg Farms Airport,New Berlin,US
Crumrod Airport,Elaine,US
Flying Frog Field,Moreland,US
Strietelmeier Flying Field,Columbus,US
St Joseph's Landing Airport,St. Mary'S,US
Koch Airport,Eunice,US
Duclos Airport,Red Bud,US
North Omaha Airport,Omaha,US
Manitou Field,Spencerport,US
Stine Field,Wooster,US
The Flying Cowboy Airport,Altus,US
Rhines Roost Airport,Canton,US
Britts Crosswind Airport,Liberty Hill,US
Powder Mill Field,Ashland City,US
Songbird Ranch Airport,Rosharon,US
Paisano Ranch Airport,Calliham,US
Miller Airport,Bedford,US
Christensen Bros Wahluke Strip,Mattawa,US
Gottschalk Field,Nekoosa,US
Riverview Airpark,Chelan,US
Crosscut Field,Big Sandy,US
Stark Field,Merkel,US
Westlake Farms Airport,Stratford,US
Moronis Airport,Meridian,US
Lake Creek Ranch Airport,Hillside,US
Midville International Airport,Midville,US
H R Weisser Airport,Milford,US
Pumpkin Field,Clay City,US
Buzzport Airport,Passadumkeag,US
Brutlag Farms Airport,Wendell,US
Dbear Ranch Airport,Conner,US
Parks Field,Smithville,US
Flying B Farm Landing Strip,Kingwood Township,US
Bloecher Farm Airport,Strykersville,US
Horning Farms Airstrip,Marlow,US
Hawkins Field,Cooperstown,US
Bartsch Airport,New Wilmington,US
Macks Patch/Derrick Field,Aiken,US
Drennan Farm Airport,Los Fresnos,US
Chaney San Francisco Ranch Airport,Marathon,US
Freedom Field,Bradyville,US
New Quarter Farm Airport,Gloucester,US
Knight Aire Airport,Merrill,US
Morgenroth Airport,Victoria,US
T R Funk Inc Airport,Raymondville,US
Tyone Creek 907Au Camp Airport,Tyone Creek,US
Inde Motorsports Ranch Airport,Willcox,US
Antelope Airpark,Lake George,US
Psycho Field,Baker,US
Lund Airport,Jewell,US
Ronnebaum Airfield,Seneca,US
Knollwood Farm Airport,Elkton,US
Hoppe Sky Ranch Airport,Mankato,US
Carr Creek Airport,Ellington,US
Shelby Air Service Airport,Shelby,US
Masonry Field,Bigfork,US
Raleigh East Airport,Knightdale,US
Jantzen Airport,Coweta,US
Mayhew Ranch Nr 1 Airport,Marathon,US
Center Field,Gray,US
Scott Ranch Airport,Buffalo Springs,US
Underline Ok Airport,Springtown,US
Galloway Farms Airport,Gregory,US
Stock Island Airport,Panama City,US
Pine Shadows Airpark,Fort Myers,US
Furfaro Rla Airport,St Jacob,US
Adams Pvt Airport,Royalton,US
Clark Field,Macksville,US
Woosley Airport,Rumsey,US
Conquest Field,Centreville,US
Viking Airport,Raeford,US
St Bernard Field,Union Springs,US
Umpqua Rv Park Fly In Airport,Elkton,US
Reece Field,San Angelo,US
Airborne Acres Airport,Campbellsville,US
Hidden Springs Ranch Airport,Sulphur Springs,US
Evridge Farms Airport,Midkiff,US
River Bend Ranch Airport,Brady,US
Wishkah River Ranch Airport,Aberdeen,US
The Farm Airport,Mondovi,US
Cole Ranch Airport,Victoria,US
Brown's Homestead Airport,Big Lake,US
Mann Ranch Airport,Rye,US
Spirit Of Suwannee Airport,Live Oak,US
South Point Airport,La Belle,US
Mcintosh Field,Whitesburg,US
Deer Creek Airport,Lewiston,US
Henderson Airport,Rosiclare,US
Jan Knipe Airport,Warsaw,US
Fuller Airfield,Maple Hill,US
Evad Enterprises Llc Airport,Luther,US
Green Berry Airport,Eagle Rock,US
Lightner Ranch Airport,Verdigre,US
Cummings Airfield,Wales Center/Cowlesville/,US
Barcus Field,Claremore,US
Flournoy Valley Airport,Roseburg,US
Buckeye Field,Williston,US
Thunder Creek Airport,Utopia,US
Blue Ridge Field,Clarksville,US
Rob Airport,Loving,US
Chupadera Ranch Airport,Carrizo Springs,US
Buck Hollar Airport,Danville,US
Black Diamond Airport,Black Diamond,US
Wisersky Airport,Stoughton,US
Bent Oak Airport,Bay Minette,US
Logan Airport,Bennet,US
Duette Training Facility Airport,Duette,US
Wings Field,Williston,US
3-M's Airport,Williamson,US
Flying H Ranch Airport,Priest River,US
Gerbick Airport,Lena,US
Hildreth Air Park,Sidell,US
Palmer Field,Glasco,US
Woosley Field,Calhoun,US
Powers Propair Service Airport,Laurel,US
Green Airfield,St. James,US
Riverbend Airport,Arcadia,US
Millers Place Airport,Buffalo,US
Cable Creek Ranch Airport,Ukiah,US
Bodine Airport,Sterling City,US
Mt Bakewell Airfield,Bakewell,US
Bowen Lake Ranch Airport,Grand Saline,US
Garrett Farms Airport,Danbury,US
Beiter Airport,Ellensburg,US
Jim & Julie's Airport,Everett,US
Cedar Creek Ranch Airport,Saratoga,US
Gnaws Farm Airport,Pecos,US
High Ridge Association Airport,Palmer,US
Zamora Airport,Woodland,US
Love Field,Weirsdale,US
B Tree Farms Airport,Gillsville,US
Volkens Field,Carson,US
Wingit Field,Augusta,US
Cabin Creek Landing Airport,Marion,US
Bybee Field,Nyssa,US
Hi Country No 2 Airport,Prairie City,US
Kite Field,Jonesborough,US
Gdap Air Ranch Airport,Willis,US
San Pedro Ranch Airport,Carrizo Springs,US
Singleton Airport,Warm Springs,US
Basin City Airfield,Mesa,US
North Fork Airport,Thorp,US
Tilghman Airport,Van Alstyne,US
Golden Eagle Airpark,Homer,US
Eastland Airport,Homer,US
Circle T Airport,Indian Springs,US
Rexford Airport,Montezuma,US
Braden Farms Airport,Watseka,US
Tietjes Airport,Elton,US
Up Yonder Airport,Bemidji,US
Woodliff Airpark,Foristell,US
Rosemont Airport,Stevensville,US
Krenzers Airport,West Bloomfield,US
Paine's Airport,Geneva,US
Candy Lake Estate Airport,Avant,US
Deer Creek Airport,Sheridan,US
Cowtown Airport,Govan,US
Hilltop Airport,Glide,US
Landing At River's Edge Airport,Blaine,US
Cabrito Airport,Goldthwaite,US
Three Ninety-Eighth Airport,Waco,US
Moore Creek Airport,Moore Creek,US
El Mirage Field Adelanto Airport,El Mirage,US
Rock Creek Airport,Pueblo,US
Courtney's Landing Airport,Eddyville,US
Cooper Field,Reelsville,US
Colby Airport,Winchester,US
Lawson Field,Crowley,US
Paradise Airport,Yazoo City,US
Fox Field,Hamilton,US
Lazy F Ranch Airport,Wallowa,US
Echtle Field,Castroville,US
Pritchard Airport,Bells,US
Star K Ranch Airport,Agua Nueva,US
Briggs Ranch Airport,Catarina,US
Sundog Airport,Jensen,US
Goins Airport,Two Rivers,US
Xingu Airstrip,Dayton,US
Skotz Airfield,Briggs,US
Blue Ridge Airport,Blue Ridge,US
Elk Ranch Airport,Palmer,US
Airkat Airpark,Haines,US
Sportsmens Paradise Airport,Tok,US
Kako Airport,Russian Mission,US
Nikolai Creek Airport,Tyonek,US
Arctic Angel Airport,Delta Junction,US
Sky Harbor Airport,Anchorage,US
Leisurewood Airstrip,Wasilla,US
Cubdivision Airport,Big Lake,US
Wolf Track Airport,Wasilla,US
Moose Meadows Airport,Sterling,US
Flying Hog Farm Airport,Columbia,US
Catlett Farms Airport,Briggsville,US
Tango 7 Airport,Woodson,US
Over The Top Aviation Airport,Cash,US
Sagebrush Trails Estates Airport,Lake Havasu City,US
North Valley Airport,Dyer,US
Harris River Ranch Airport,Sanger,US
Turlock Airpark,Turlock,US
Christensen Ranch Airport,Hollister,US
Likely Airport,Likely,US
Old Aerodrome,Marysville,US
Spezia Airport,Walnut Grove,US
Van Slyke Field,Watkins,US
Hubbard Airport,Gateway,US
Scherler Private Airstrip,Brandon,US
D Bar D Airport,Elizabeth,US
Devoe Airport,Kersey,US
Bijou Bottom Strip,Kiowa,US
Phylcon Ranch Airport,Mesa,US
Thompson's Goinbroke Aero Ranch Airport,Citra,US
Buddy's Ag Service Airport,Mc Alpin,US
Suwannee Belle Airport,Live Oak,US
Flying W Airranch Airport,Bushnell,US
Saranac Farm Airport,Havana,US
Shady Bend Airport,Bell,US
Oasis Ranger Station-U S Government Airport,Everglades City,US
Finlayson Farm Airport,Greenville,US
Brown Field,Zebulon,US
Briar Patch Airport,Clyo,US
Young Field,Dawson,US
Lowell Field,Americus,US
Brookline - Meadowmere Airport,Milledgeville,US
Chinaberry Ranch Airport,East Dublin,US
Deerfield Landing Airport,Eatonton,US
Neely Farms Airport,Covington,US
Jenkins Creek Ranch Airport,Weiser,US
Mallard Creek Ranch Airport,Elk City,US
Cruzan Field,Arcadia,US
Francis Airport,Holton,US
Villiger Airport,Henry,US
Routh Airport,St Joseph,US
Hep Cats Airport,Steward,US
Weishaupt Airport,Mackinaw,US
Black Airport,Hillsdale,US
Bandmill Field,Decker,US
Zupancic Field,Morgantown,US
Cedar Ridge Airport,Nauvoo,US
Schertz Field,Gibson City,US
Lucky Dog Airport,Dodge City,US
Rose Port Inc Airport,Ionia,US
Lundgren Angus Ranch Airport,Gove,US
Gators Place Airport,Towanda,US
South Fork Airpark,Cheney,US
Tec Field,London,US
Paintsville-Prestonsburg-Combs Field,Paintsville,US
Chandler Airport,Alexandria,US
Skyline Airpark,Amite,US
Hepp Airport,Cutler,US
Tommy's Airpark,Edinburg,US
Bayou Meadows Airport,Darnell,US
Red Beard Dusting Service Airport,Tallulah,US
G W Farm Airport,Denton,US
Newport Woods Airport,Newport,US
Waite Field,Durand,US
Grass Roots Airport,Millington,US
Troll Farm Airport,Cambridge,US
Barnesville Municipal Airport,Barnesville,US
Janssen Airport,Barnesville,US
Merill L Harris Field,Jordan,US
Lawlor-Justus Airport,Faucett,US
Worth Airport,Savannah,US
Wakefield Wings Airport,Sparta,US
Ivy Bend Airport,Stover,US
Beets Airport,Columbia,US
Pale Morning Dun Ranch Airport,Fort Smith,US
Pierces Airport,Belgrade,US
Mikes Aerodrome,Albany,US
Bodmer Airport,Kenmare,US
Flyers Airpark,Linden,US
Edwards Airport,Monroe,US
Willow Creek Airport,Mt Pleasant,US
Eagles Landing Airport,Pittsboro,US
Meylor Field,Greensboro,US
Lewis Field,Hope,US
Hinkle Airport,Cavalier,US
El-Co Airport,Brule,US
Davis Ranch Airport,Hyannis,US
Johnston Field,Lindsay,US
Rothwell Airport,Hyannis,US
Brosius Field,Stapleton,US
Stallone Airport,Harrisonville,US
Halka Nurseries Airport,Fairton,US
High Meadow Farms Airport,Hope,US
Greig Farm Airport,Red Hook,US
Spaceport America Airport,Truth Or Consequences,US
Smoke And Wings Airport,Hillsborough,US
Wolf Pit Airport,Mt. Pleasant,US
Triple F Airpark,Salemburg,US
Buie Field,Red Springs,US
Mason Airway Airport,Treadwell,US
Hines Field,Perth,US
Buckeye Airport,Hebron,US
Bender Airport,Bellville,US
Haar Airport,Elmore,US
Toussaint Airpark,Genoa,US
Lutz Airport,Findlay,US
Ferrell Airport,Findlay,US
Johns Landing Airport,Zanesville,US
Transportation Research Center Of Ohio Airport,East Liberty,US
Flying Eagle Estates Airport,Bartlesville,US
Tomahawk Airport,Caddo,US
Possumhaw Airport,Welch,US
Woods Acres Airport,Henessey,US
R And R Airport,Jones,US
Lafferty Field,Brownsville,US
Shaniko Ranch Airport,Shaniko,US
King's Airport,Milton/Freewater,US
Wooldridge Agstrip Airport,Albany,US
Old Plains Airport,Pennsburg,US
Mcmillin Landingstrip Airport,Wampum,US
Keystone Airport,Fort Hill,US
Malinchak Pvt Airport,Carbondale,US
J T Willie Airport,Worthington,US
Manor Landing Airport,Gettysburg,US
Oakleaf Airport,Hartford,US
Hilltop Ranch Airport,New Braunfels,US
Rogers Airport,Crosby,US
Twin Acres Airport,Scurry,US
Jl Bar Ranch Airport,Sonora,US
Tanner's Airport,Port Lavaca,US
Kalt Ranch Airport,Fulton,US
Rocky Creek Ranch Airport,La Grange,US
Flying G H Ranch Airport,Paige,US
Versailles Aerodrome,Eagleville,US
Meadowlark Airport,Camden,US
Foreman Field,Springfield,US
Askey Field,Culleoka,US
Baskin Airport,Covington,US
Toy Box Airport,Lebanon,US
Bella Vista Ranch Airport,Catarina,US
Goodlett Field,Alvarado,US
Bar S Ranch Airport,Giddings,US
Horan Airport,Plainview,US
Flying H Ranch Airport,Liberty Hill,US
Camp Bullis Als (Cals) Airport,San Antonio,US
Beggs Ranch Airport,Post,US
Hitex Airport,Pottsboro,US
Bath Alum Airport,Warm Springs,US
Holly Point Airport,Mathews,US
Franwood Farms Inc Airport,New Market,US
Saunders Field,Richmond,US
Jucapa Farms Airport,Winchester,US
Piper Canyon Airport,Goldendale,US
Albritton Airport,Buckley,US
Black Otter Airport,Hortonville,US
Flying Dollar Ranch Airport,Maribel,US
Buchholz Farm Airport,Morrison,US
Faken Airport,New Berlin,US
Tamarack Airport,Palmyra,US
Kitty Hawk Estates Airport,Polar,US
Fletcher Airport,Spring Prairie,US
Carlson Airport,Superior,US
Courtney Plummer Airport,Winneconne,US
Voyager Village Airstrip,Webster,US
Lodi Lakeland Airport,Lodi,US
Oostburg Airport,Oostburg,US
Antique Aerodrome,De Pere,US
Chimera Aerodrome,Venus,US
The Landing Airport,Hill,US
Mc Keon Aviation Airport,Denison,US
Sudan Airport,Sudan,US
Shump Airport,Talkeetna,US
Ugashik Narrows Airport,King Salmon,US
Sixmile Lake Airport,Anchorage,US
Busch Creek Airport,Talkeetna,US
Eagles Roost Airport,Big Lake,US
Treasure Chest Airport,Kenai,US
Delta Daves Airport,Delta Junction,US
Shelby Strip,Palmer,US
Trio Estates Airport,Houston,US
Gus Landing Airport,Houston,US
Timber Trails Airport,North Pole,US
Rothera Point Airport,Rothera Point,AQ
Afutara Aerodrome,Bila,SB
Ulawa Airport,Arona,SB
Uru Harbour Airport,Atoifi,SB
Barakoma Airport,Barakoma,SB
Batuna Aerodrome,Batuna Mission Station,SB
Geva Airport,Liangia,SB
Auki Airport,Auki,SB
Bellona/Anua Airport,Anua,SB
Choiseul Bay Airport,,SB
Ballalae Airport,Ballalae,SB
Fera/Maringe Airport,Fera Island,SB
Honiara International Airport,Honiara,SB
Babanakira Airport,Mbambanakira,SB
Avu Avu Airport,,SB
Ngorangora Airport,Kirakira,SB
Santa Cruz/Graciosa Bay/Luova Airport,Santa Cruz/Graciosa Bay/Luova,SB
Munda Airport,,SB
Nusatupe Airport,Gizo,SB
Mono Airport,Stirling Island,SB
Parasi Airport,Parasi,SB
Rennell/Tingoa Airport,Rennell Island,SB
Sege Airport,Sege,SB
Santa Ana Airport,Santa Ana Island,SB
Marau Airport,Marau,SB
Suavanao Airport,Suavanao,SB
Yandina Airport,Yandina,SB
Kagau Island Airport,Kagau Island,SB
Gatokae Airport,Gatokae,SB
Ringi Cove Airport,Ringi Cove,SB
Ramata Airport,Ramata,SB
Anchor River Airpark,Anchor Point,US
Alaska Airpark,Sterling,US
Bear Creek 1 Airport,Bear Creek,US
Breeden Airport,Sterling,US
Denali Airport,Mckinley Park,US
Longmere Lake Air Strip,Soldotna,US
Thomas Strip,Willow,US
Wingsong Estates Airport,Delta Junction,US
Ak-10 Airstrip,Willow,US
High Vista Airport,Nikiski,US
Flying Crown Airport,Anchorage,US
Chena Hot Springs Airport,Chena Hot Springs,US
Turinsky Airstrip,Point Mackenzie,US
Sunset Strip,Wasilla,US
Glacierview Strip,Homer,US
Carl's Landing Airport,Talkeetna,US
Cd-3 Airstrip,Nuiqsut,US
Nushagak Airport,Dillingham,US
Lakloey Air Park,Fairbanks,US
Hilltop Airport,Chugiak,US
Piper Landing Airport,Wasilla,US
Solomon State Field,Solomon,US
Valley Flying Crown Airport,Wasilla,US
Chena Marina Airport,Fairbanks,US
Reids Landing Airport,Houston,US
Strawberry Point Airport,Cordova,US
Swift Creek Airport,Mccarthy,US
Herendeen Bay Airport,Herendeen Bay,US
Point Mac Airport,Point Mackenzie,US
South Gasline Airport,Sterling,US
Nixon Fork Mine Airport,Mc Grath,US
Greg'N Sage Airport,North Pole,US
Talkeetna Village Strip,Talkeetna,US
Grebe Lake Airport,Wasilla,US
Abi Airport,Palmer,US
Shawn Field,Wasilla,US
Taylor Airport,Taylor,US
Sky Ranch At Pioneer Peak Airport,Palmer,US
Big Creek Airport,King Salmon,US
Moen's Ranch Airport,Fairbanks,US
Stony Mountain Lodge Airport,Lime Village,US
Stro's Airport,Wasilla,US
Moose Run Airstrip,Soldotna,US
King Ranch Airport,Sutton,US
Fort Jensen Airport,Jensens,US
Stephan Lake Lodge Airport,Talkeetna,US
Pat-Mar Strip,Palmer,US
Scooters Airport,Skwentna,US
Green's Strip,Wasilla,US
Hunter Creek Airport,Palmer,US
Skid Marks Airport,Willow,US
Minuteman Strip,Willow,US
Long Lake Airport,Willow,US
Lonely Air Station,Lonely,US
Jewell Airport,Willow,US
Mcgahan Industrial Airpark,Nikishka,US
Upper Hannum Creek Airport,Hannum Creek,US
Candle 2 Airport,Candle,US
East Alsek River Airport,Yakutat,US
All West Airport,Delta Junction,US
Malnarick Park Airport,Houston,US
Gannon's Landing Airport,Wasilla,US
Scooters Landing Strip,Sterling,US
Birchwater Airport,Wasilla,US
Kramer Airport,Big Lake,US
Eagle Nest Airport,Palmer,US
Black Spruce Airport,Houston,US
Shirley Lake Airport,Willow,US
Martin Airport,Palmer,US
Grouse Ridge Airport,Palmer,US
Twin Lake Airport,Big Lake,US
Randy Briggs Mem Field,Ugashik,US
Boswell Bay Airport,Boswell Bay,US
Buck Creek Airport,Buck Creek,US
Grand Home Airport,Wasilla,US
Strickland/Smalley Field,Akron,US
Mccall Airport,Somerville,US
Sehoy Airport,Hurtsboro,US
Perdido Winds Airpark,Elberta,US
Cloudmont Airpark,Mentone,US
Frerichs Airport,Gurley,US
Turkey Creek Airport,Pinson,US
Lazy Eight Airpark Llc Airport,Wilsonville,US
Parker Field,Gardendale,US
Headquarters Airport,Centre,US
New Horizon Airport,Blountsville,US
Rocky Springs Airpark,Bremen,US
Flying Bk Ranch Airport,Cedar Bluff,US
Sturdy Oak Farm Airport,Perdido,US
Elam's Landing Airport,Moulton,US
Mc Ginnis Airport,Loxley,US
Freedom Field,Slocomb,US
Henley Ranch Airport,Geiger,US
Moundville Airport,Moundville,US
Belforest Field,Daphne,US
Flying C's Plantation Airport,Crawford,US
Shields Airport,Elberta,US
Dugger's Field,Ashville,US
Elk Haven Airport,Rogersville,US
Striplin Airfield,Hartford,US
Vaughn Airport,Seminole,US
Willow Point Airport,Our Town,US
Grimes Field,Semmes,US
Mayfield (Pvt) Airport,Maplesville,US
Smart Road Airport,Troy,US
Velox Airport,Robertsdale,US
Ban Farm Airport,Lillian,US
Sommerset Strip,Opelika,US
Hawk Field,Harpersville,US
Big Sky Airport,Huntsville,US
Evans Field,Wilmer,US
Elkwood Airpark,Hazel Green,US
Av Ranch Airport,Klondyke,US
Alaska View Airport,Skwentna,US
Dorcol Airport,Palmer,US
Stark Airstrip,Fairbanks,US
Frog Pond Airport,Jonesboro,US
Nauru International Airport,Yaren District,NR
Centerville Airstrip,Centerville,US
John Harris Field,Chickala,US
Cantrell Farms Airport,Conway,US
Gravette Field,Gravette,US
Greenwalt Company Airport,Hazen,US
Ozark Aerodrome,Rogers,US
Mc Donald's Strip,Rose Bud,US
Pearson Field,Bigelow,US
Burns Aerodrome,Palestine,US
Tommy's Flying Service Inc Airport,Sherrill,US
Lollars Creek Farm Airport,Wesley,US
Pine Village Airport,Mayflower,US
Brickey Airport,Morrilton,US
Flying W Airport,Texarkana,US
Penrose Airport,Mc Crory,US
Flying G Ranch Airport,Tillar,US
Poe's Airport,Conway,US
Landers Loop Airport,Dover,US
Circle S Farms Airport,Lowell,US
Hubbards Airport,Marvell,US
Rohrscheib Airport,Helena,US
Carpenter Field,Jonesboro,US
Gaylons Airport,Elaine,US
Afore Airstrip,Afore,PG
Aitape Airport,Aitape,PG
Amanab Airport,Amanab,PG
Andakombe Airport,Andekombe,PG
Aiome Airport,Aiome,PG
Kompiam Airport,,PG
Ambunti Airport,Ambunti,PG
Awaba Airport,Awaba,PG
Aiyura Airport,Aiyura Valley,PG
Baimuru Airport,Baimuru,PG
Baindoung Airport,,PG
Buka Airport,Buka Island,PG
Bialla Airport,Bialla,PG
Balimo Airport,Balimo,PG
Bulolo Airport,Bulolo,PG
Blackwara Airport,,PG
Cape Gloucester Airport,Cape Gloucester,PG
Chimbu Airport,Kundiawa,PG
Dahamo Airstrip,Dabo,PG
Debepare Airport,Debepare,PG
Derim Airport,Derim,PG
Dusin Airport,Dusin,PG
Daru Airport,Daru,PG
Edwaki Airport,Yellow River Mission,PG
Fane Airport,Fane Mission,PG
Finschhafen Airport,Buki,PG
Frieda River Airport,Frieda River,PG
Goroka Airport,Goronka,PG
Gobe Airport,Gobe,PG
Garasa Airport,Au,PG
Garaina Airport,Garaina,PG
Gurney Airport,Gurney,PG
Gusap Airport,Gusap,PG
Girua Airport,Popondetta,PG
Gasmata Island Airport,Gasmata Island,PG
Green River Airport,Green River,PG
Guwasa Airport,Guwasa,PG
Haia Airport,,PG
Kimbe Airport,Hoskins,PG
Aropa Airport,Kieta,PG
Losuia Airport,Losuia,PG
Kabwum,,PG
Kandrian Airport,Kandrian,PG
Kiunga Airport,Kiunga,PG
Kikori Airport,Kikori,PG
Kerema Airport,Kerema,PG
Kokoda Airport,Kokoda,PG
Kaintiba Airport,Kaintiba,PG
Kuri Airport,Kuri,PG
Kavieng Airport,Kavieng,PG
Kawito Airport,Kawito,PG
Londolovit Airport,Londolovit,PG
Lake Murray Airport,Lake Murray,PG
Lowai Airstrip,Lowai,PG
Lumi Airport,Lumi,PG
Menyamya Airport,Menyamya,PG
Madang Airport,Madang,PG
Mount Hagen Kagamuga Airport,Mount Hagen,PG
Mindik Airport,Mindik,PG
Mok Airport,Mok,PG
Mougulu Airport,Mougulu,PG
Mendi Airport,,PG
Momote Airport,,PG
Moro Airport,Moro,PG
Misima Island Airport,Misima Island,PG
Negarbo(Negabo) Airport,Negarbo,PG
Manguna Airport,Manguna,PG
Nuku Airport,Nuku,PG
Lae Nadzab Airport,Nadzab,PG
Ogeranang Airport,,PG
Omora Airport,Omora,PG
Pindiu Airport,Pindiu,PG
Puri Airport,Puri,PG
Panakawa Airport,,PG
Port Moresby Jacksons International Airport,Port Moresby,PG
Karawari Airstrip,,PG
Rumginae Airport,,PG
Karimui Airport,Karimui,PG
Suabi Airport,,PG
Simberi Airport,Simberi Island,PG
Sila Airport,Sila Mission,PG
Simbai Airport,Simbai,PG
Sasereme Airport,Sasereme,PG
Sturt Island Airport,,PG
Suki Airport,Suki,PG
Tari Airport,Tari,PG
Tabubil Airport,Tabubil,PG
Telefomin Airport,Telefomin,PG
Tapini Airport,Tapini,PG
Tadji Airport,Aitape,PG
Tokua Airport,Tokua,PG
Tekin Airport,Tekin,PG
Tufi Airport,Tufi,PG
Vanimo Airport,,PG
Wabo Airport,Wabo,PG
Wapenamanda Airport,,PG
Wanigela Airport,,PG
Wewak International Airport,Wewak,PG
Wonenara Airport,Wonenara,PG
Wasu Airport,Wasu,PG
Woitape Airport,Fatima Mission,PG
Wau Airport,Wau,PG
Outback Ranch Airstrip,Wenden,US
Cliff Dwellers Airport,Marble Canyon,US
Sawtooth Airport,Eloy,US
Lakeside Airpark,Gila Bend,US
Dusty Wings Field,Wellton,US
Big Chino Airstrip,Paulden,US
Schu Ranch Airport,Maricopa,US
Ammon Airport,Willcox,US
Circle H Ranch Airport,Douglas,US
Woods Bay Winery Airport,Willcox,US
Four Pillars Airport,Huachuca City/Tombstone,US
Tri-Rotor Ag Services Airport,Somerton,US
Evelyn Field,Palominas,US
Big Springs Ranch Airport,Prescott,US
Thunder Ridge Airpark,Morristown,US
Serene Field,Maricopa,US
Roesner Ranch Airport,Morristown,US
Massey Farm Airport,Yucca,US
Sheepy Hollow Ranch Airport,Salome,US
Hidden Valley Airport,Maricopa,US
China Peak Observatory Airport,Klondyke,US
Morgan Ranch Airstrip,Prescott,US
Aileron Orchards Airport,Dolan Springs,US
Triangle Airpark,White Hills,US
Pilots Rest Airport,Paulden,US
Curry Ridge Airport,Wellton,US
G M Ranch Airport,Stanfield,US
Twin Hawks Airpark,Redrock,US
Rio Vista Hills Airport,Wickenburg,US
Double Circle Ranch Airport,Clifton,US
Big Sandy Airport,Kingman,US
Northstar Airport,Crown King,US
Arizona Bay Airport,Maricopa,US
Mogollon Airpark,Overgaard,US
Tonopah Airport,Tonopah,US
Eloy Farms Airstrip,Eloy,US
Hangar Haciendas Airport,Laveen,US
X Bar 1 Ranch (Lower) Airport,Kingman,US
Aasiaat Airport,Aasiaat,GL
Narsarsuaq Airport,Narsarsuaq,GL
Neerlerit Inaat Airport,Neerlerit Inaat,GL
Danmarkshavn Landing Strip,Danmarkshavn,GL
Nuuk Airport,Nuuk,GL
Ilulissat Airport,Ilulissat,GL
Kulusuk Airport,Kulusuk,GL
Station Nord Landing Strip,,GL
Maniitsoq Airport,Maniitsoq,GL
Mestersvig Airport,Mestersvig,GL
Paamiut Airport,Paamiut,GL
Qaqortoq Airport,Qaqortoq,GL
Qaanaaq Airport,Qaanaaq,GL
Kangerlussuaq Airport,Kangerlussuaq,GL
Sermiligaaq Heliport,Sermiligaaq,GL
Sisimiut Airport,Sisimiut,GL
Thule Air Base,Thule,GL
Upernavik Airport,Upernavik,GL
Qaarsut Airport,Uummannaq,GL
Arngerdareyri Airport,Arngerdareyri,IS
Alftaver Airport,Alftaver,IS
Akureyri Airport,Akureyri,IS
Bakki Airport,Bakki,IS
Bíldudalur Airport,Bíldudalur,IS
Borgarfjordur eystri Airport,Borgarfjordur eystri,IS
Baeir Airport,Baeir,IS
Bakkafjordur Airport,Bakkafjordur,IS
Hjaltabakki Airport,Blönduós,IS
Budardalur Airport,Budardalur,IS
Breiðdalsvík Airport,Breiðdalsvík,IS
Dagverdara Airport,Dagverdara,IS
Djúpivogur Airport,Djúpivogur,IS
Egilsstaðir Airport,Egilsstaðir,IS
Einholtsmelar Airport,Einholtsmelar,IS
Fáskrúðsfjörður Airport,Fáskrúðsfjörður,IS
Fludir Airport,Fludir,IS
Fagurhólsmýri Airport,Fagurhólsmýri,IS
Forsaeti Airport,Forsaeti,IS
Geysir Airport,Geysir,IS
Grundarfjörður Airport,Grundarfjörður,IS
Gunnarsholt Airport,Gunnarsholt,IS
Gjögur Airport,Gjögur,IS
Grímsey Airport,Grímsey,IS
Grimsstadir Airport,Grimsstadir,IS
Herdubreidarlindir Airport,Herdubreidarlindir,IS
Hveravellir Airport,Hveravellir,IS
Hólmavík Airport,Hólmavík,IS
Hella Airport,Hella,IS
Hornafjörðu Airport,Höfn,IS
Hvolsvollur Airport,Hvolsvollur,IS
Hrafnseyri Airport,Hrafnseyri,IS
Holt Airport,Flateyri,IS
Húsavík Airport,Húsavík,IS
Hrauneyjarfoss Airport,Hrauneyjarfoss,IS
Hrisey Airport,Hrisey,IS
Husafell Airport,Husafell,IS
Ísafjörður Airport,Ísafjörður,IS
Kaldarmelar Airport,Kaldarmelar,IS
Kerlingafjoll Airport,Kerlingafjoll,IS
Keflavik International Airport,Reykjavik,IS
Kroksfjard-Arnes Airport,Kroksfjard-arnes,IS
Kirkjubaejarklaustur Airport,Kirkjubaejarklaustur,IS
Kópasker Airport,Kópasker,IS
Sauðárkrókur Airport,Sauðárkrókur,IS
Mulakot Airport,Mulakot,IS
Melgerdismelar Airport,Melgerdismelar,IS
Melanes Airport,Melanes,IS
Tungubakkar Airport,Tungubakkar,IS
Nyjidalur Airport,Nyjidalur,IS
Norðfjörður Airport,Norðfjörður,IS
Ólafsfjörður Airport,Ólafsfjörður,IS
Reykholar Airport,Reykholar,IS
Rif Airport,Rif,IS
Raufarhöfn Airport,Raufarhöfn,IS
Reykjavik Airport,Reykjavik,IS
Mývatn Airport,Reykjahlíð,IS
Reykjanes Airport,Reykjanes,IS
Sanda Airport,Sanda,IS
Selfoss Airport,Selfoss,IS
Steinasandur Airport,Steinasandur,IS
Stora-Holt Airport,Stora-Holt,IS
Siglufjörður Airport,Siglufjörður,IS
Skogasandur Airport,Skogasandur,IS
Svinafell Airport,Svinafell,IS
Sprengisandur Airport,Sprengisandur,IS
Storikroppur Airport,Storikroppur,IS
Sandskeid Airport,Sandskeid,IS
Stykkishólmur Airport,Stykkishólmur,IS
Skalavatn Airport,Skalavatn,IS
Þingeyri (Thingeyri) Airport,Þingeyri,IS
Torsmork Airport,Torsmork,IS
Þórshöfn (Thorshofn) Airport,Þórshöfn,IS
Thorisos Airport,Thorisos,IS
Vatnsnes Airport,Vatnsnes,IS
Varmahlid Airport,Varmahlid,IS
Vik Airport,Vik,IS
Vestmannaeyjar Airport,Vestmannaeyjar,IS
Vopnafjörður Airport,Vopnafjörður,IS
Pristina International Airport,Lipjan,XK
Flying M Airport,Planada,US
Flying N Ranch Airport,Cottonwood,US
Machado Dusters Airport,Stratford,US
Bates Field,Alturas,US
Scheidel Ranch Airport,Pleasant Grove,US
Round Mountain Ranch Airport,Klamath River,US
Bodad Airport,Chilcoot,US
Sunrise Dusters Airport,Robbins,US
Eagles Nest/David Wardall Field,Ione,US
Limberlost Ranch Airport,Rough And Ready,US
San Joaquin Airport,San Joaquin,US
Ala Doble Airport,Esparto,US
San Rafael Airport,San Rafael,US
Belos Cavalos Airport,Santa Rosa,US
Quinn Airport,Selma,US
Mc Conville Airstrip,Lake Elsinore,US
Sequoia Ranch Airport,Springville,US
Jones Farms Airport,Stratford,US
The Sea Ranch Airport,The Sea Ranch,US
Deer Creek Ranch Airport,Vina,US
Mc Millan Airport,Camp Roberts,US
Monterey Bay Academy Airport,Watsonville,US
Valley Crop Dusters Inc Airport,Westley,US
Sun Hill Ranch Airport,Helendale,US
Vanderford Ranch Company Airport,Yuba City,US
Skydive California Airport,Tracy,US
Flying T Ranch Airport,Ramona,US
San Ardo Field,San Ardo,US
Skylark Airport,Lake Elsinore,US
Cadiz Airstrip,Cadiz,US
Paradise Skypark Airport,Paradise,US
Christy Airstrip,Santa Barbara,US
St. Andre-Avellin,St. Andre Avellin,CA
Invermere Airport,Invermere,CA
Trail Airport,Trail,CA
Merritt Airport,Merritt,CA
Tsacha Lake Airport,Tsacha Lake,CA
Tsuniah Lake Lodge Airport,Tsuniah Lake Lodge,CA
Regina / Aerogate,Brora,CA
Chilko Lake (Tsylos Park Lodge) Airport,Chilko Lake,CA
Courtenay Airpark,Courtenay,CA
Valemount Airport,Valemount,CA
Wiley Airport,Eagle Plains,CA
Art Sutcliffe Field,Creston,CA
Anahim Lake Airport,Anahim Lake,CA
Cayley A J Flying Ranch Airport,Cayley,CA
Fort Ware Airport,Fort Ware,CA
Delta Heritage Air Park,Delta,CA
Douglas Lake Airport,Douglas Lake,CA
Fort MacKay/Albian Aerodrome,Albian Village,CA
Duncan Airport,Duncan,CA
Alhambra / Ahlstrom,,CA
Houston Airport,Houston,CA
Sechelt-Gibsons Airport,Sechelt-Gibsons,CA
Ingenika Airport,Ingenika,CA
Springhouse Airpark,Springhouse,CA
Nakusp Airport,Nakusp,CA
Crawford Bay Airport,Crawford Bay,CA
Arthur (Arthur South),,CA
Moose Lake (Lodge) Airport,Moose Lake,CA
Barkerville Airport,Barkerville,CA
Atwood / Coghlin Airport,Atwood,CA
Qualicum Beach Airport,Qualicum Beach,CA
Port Mcneill Airport,Port Mcneill,CA
Oliver Airport,Oliver,CA
Vanderhoof Airport,Vanderhoof,CA
One Hundred Mile House Airport,One Hundred Mile House,CA
Mcbride Airport,Mcbride,CA
Beausejour/Av-Ranch Airpark,,CA
Oak Hammock Air Park,Oak Hammock,CA
Scum Lake Airport,Scum Lake,CA
Axe Lake,,CA
Likely Airport,Likely,CA
Gang Ranch Airport,Gang Ranch,CA
Cache Creek-Ashcroft Regional Airport,Cache Creek,CA
Beaverley Airport,Beaverley,CA
Ospika Airport,Ospika,CA
Tipella Airport,Tipella,CA
Osoyoos Airport,Osoyoos,CA
Bella Bella (Campbell Island) Airport,Bella Bella,CA
Ford Bay Airport,Ford Bay,CA
Nahanni Butte Airport,Nahanni Butte,CA
Elko Airport,Elko,CA
Belwood (Baird Field),,CA
Mabel Lake Airport,Mabel Lake,CA
Green Lake Airport,Green Lake,CA
Helmet Airport,Helmet,CA
Prairie Creek Airport,Prairie Creek,CA
Echo Valley Airport,Echo Valley,CA
Quesnel Lake Airport,Quesnel Lake,CA
Mile 422 (Alaska Highway) Airport,Toad River,CA
Gordon Field,Fort Nelson,CA
Radium Hot Springs Airport,Radium Hot Springs,CA
Elkin Creek Guest Ranch Airport,Elkin Creek,CA
Telegraph Creek Airport,Telegraph Creek,CA
Midway Airport,Midway,CA
Tsay Keh Airport,Tsay Keh,CA
Fort Langley Airport,Fort Langley,CA
Kemess Creek Airport,Kemess Creek,CA
Woodcock Airport,Woodcock,CA
Kaslo Airport,Kaslo,CA
Clinton / Bleibler Ranch,Clinton,CA
Mule Creek Airport,Mule Creek,CA
Briercrest South Airport,Briercrest South,CA
Port Alberni Airport,Port Alberni,CA
Tsetzi Lake (Pan Phillips) Airport,Tsetzi Lake,CA
Quilchena Airport,Quilchena,CA
Eddontenajon / Iskut Village Airport,Eddontenajon,CA
Kitimat Airport,Kitimat,CA
Fort Grahame Airport,Fort Graham,CA
Bob Quinn Lake Airport,Bob Quinn Lake,CA
Belwood (Wright Field),,CA
Prince George (North Cariboo Air Park) Airport,Prince George,CA
Tungsten (Cantung) Airport,Tungsten,CA
Tumbler Ridge Airport,Tumbler Ridge,CA
Fraser Lake Airport,Fraser Lake,CA
Cable Head Airpark,Cable Head,CA
Williams Harbour Airport,Williams Harbour,CA
Apple River Airport,Apple River,CA
Winterland Airport,Winterland,CA
Springdale Airport,Springdale,CA
Woodstock Airport,Woodstock,CA
Postville Airport,Postville,CA
Mount Pleasant Airport,Mount Pleasant,CA
Juniper Airport,Juniper,CA
Black Tickle Airport,Black Tickle,CA
Porters Lake Airport,Porters Lake,CA
Edmonton/Morinville (Currie Field),,CA
Scottsfield Airpark,Scottsfield,CA
Weyman Airpark,Burtt's Corner,CA
Moncton / McEwen Airport,Moncton,CA
Upper Kent Airport,Upper Kent,CA
Charlottetown Airport,Charlottetown,CA
Cortes Island (Hansen Airfield) Airport,Cortes Island,CA
Boston Brook Airport,Boston Brook,CA
Grand Falls Airport,Grand Falls,CA
St. Lewis (Fox Harbour) Airport,St. Lewis,CA
Owen Sound (Cook Field),Owen Sound,CA
Candle Lake Airpark,Candle Lake,CA
Christina Lake,,CA
Sevogle Airport,Sevogle,CA
Port Au Choix Airport,Port Au Choix,CA
Grand Manan Airport,Grand Manan,CA
Exploits Valley Botwood Airport,Exploits Valley,CA
Chute-St-Philippe Airport,Chute-St-Philippe,CA
Port Hope Simpson Airport,Port Hope Simpson,CA
Caniapiscau Airport,Caniapiscau,CA
Debert Airport,Debert,CA
Florenceville Airport,Florenceville,CA
St. Stephen Airport,St. Stephen,CA
Chipman Airport,Chipman,CA
Havelock Airport,Havelock,CA
Courtenay (Smit Field) Airport,Courtenay,CA
Cookstown Airport,Cookstown,CA
Bell Island Airport,Bell Island,CA
Waterville / Kings County Municipal Airport,Waterville,CA
Stanley Airport,Stanley,CA
Brockway Airport,Brockway,CA
Sussex Airport,Sussex,CA
East Gore Eco Airpark,East Gore,CA
Rigolet Airport,Rigolet,CA
Clarenville Airport,Clarenville,CA
Margaree Airport,Margaree,CA
Thorburn Airport,Thorburn,CA
Lowe Airstrip,Cotopaxi,US
Scenic Mesa Ranch Airport,Hotchkiss,US
Tinnes Airport,Lamar,US
Shkyview Airport,Gardner,US
Yoder Airstrip,Bennett,US
Chapman Field,South Fork,US
Morris Airport,Deer Trail,US
J & S Airport,Bennett,US
High Plains Airport Airport,Simla,US
Sprague Airport,Loveland,US
Aero Bear Field,Calhan,US
Tall Timber Airport,Indian Hills,US
Castle Lakes Airport,Lake City,US
Pond's Field,Berthoud,US
Flyin' B Ranch Airport,Elizabeth,US
Cuchara Ranch Airport,Walsenburg,US
Morning Shadows Ranch Airport,South Fork,US
Valley Airport,Valley,CA
Pokemouche Airport,Pokemouche,CA
St. Andrews Codroy Valley Airport,St. Andrews,CA
Bristol Airport,Bristol,CA
Dawson Creek (Flying L Ranch) Airport,Dawson Creek,CA
St-Quentin Airport,St-Quentin,CA
Ste-Agnes-de-Dundee Airport,Ste-Agnes-de-Dundee,CA
Englehart (Dave's Field),Englehart,CA
Dungannon,,CA
Deerhurst Resort Airport,Huntsville,CA
Finlay Air Park,Finlay,CA
Clearwater Airport,Clearwater,CA
Strathmore (D.J. Murray) Airport,Strathmore,CA
Diavik Airport,Diavik,CA
Ostergard's Airport,Drumheller,CA
Buctouche Airport,Buctouche,CA
Doaktown Airport,Doaktown,CA
Dunnville Airport,Dunnville,CA
Downs Gulch Airport,Downs Gulch,CA
Baddeck (Crown Jewel) Airport,Baddeck,CA
Fogo Airport,Fogo,CA
Bridgewater / Dayspring Airpark,Bridgewater,CA
Olds-Didsbury Airport,Olds-Didsbury,CA
Hardisty Airport,Hardisty,CA
Cardston Airport,Cardston,CA
Colville Lake Airport,Colville Lake,CA
Fairview Airport,Fairview,CA
Fox Lake Airport,Fox Lake,CA
Hinton / Jasper-Hinton Airport,Hinton,CA
Oyen Municipal Airport,Oyen,CA
Fox Creek Airport,Fox Creek,CA
Taber Airport,Taber,CA
Highwood Airport,De Winton,CA
Hinton / Entrance Airport,Hinton,CA
Wabasca Airport,Wabasca,CA
Edmonton / Twin Island Airpark,Edmonton,CA
Viking Airport,Viking,CA
Belwood (Ellen Field),,CA
Bow Island Airport,Bow Island,CA
Airdrie Airport,Airdrie,CA
Forestburg Airport,Forestburg,CA
Acme Airport,Acme,CA
Lacombe Airport,Lacombe,CA
Drumheller Municipal Airport,Drumheller,CA
Chipewyan Lake Airport,Chipewyan Lake,CA
North Seal River Airport,North Seal River,CA
Cu Nim Airport,Black Diamond,CA
Ponoka Industrial Airport,Ponoka Industrial,CA
De Winton South Calgary Airport,De Winton,CA
Red Earth Creek Airport,Red Earth Creek,CA
Provost Airport,Provost,CA
Stettler Airport,Stettler,CA
Claresholm Industrial Airport,Claresholm,CA
Elk Point Airport,Elk Point,CA
Braeburn Airport,Braeburn,CA
Killam-Sedgewick Airport,Killam,CA
East Linton (Kerr Field),,CA
Hanna Airport,Hanna,CA
Valleyview Airport,Valleyview,CA
Two Hills Airport,Two Hills,CA
Eleonore,,CA
Whati Airport,Whati,CA
Innisfail Airport,Innisfail,CA
Swan Hills Airport,Swan Hills,CA
Bassano Airport,Bassano,CA
Three Hills Airport,Three Hills,CA
High River Airport,High River,CA
Cold Lake Regional Airport,Cold Lake,CA
Vauxhall Airport,Vauxhall,CA
Barrhead Airport,Barrhead,CA
Ross International Airport,Coutts,CA
Janvier Airport,Janvier,CA
Warner Airport,Warner,CA
Camrose Airport,Camrose,CA
Del Bonita / Whetstone International Airport,Del Bonita,CA
Grande Cache Airport,Grande Cache,CA
Castor Airport,Castor,CA
Drayton Valley Industrial Airport,Drayton Valley,CA
Fort McMurray / Mildred Lake Airport,Fort McMurray,CA
St-Esprit,,CA
Westlock Airport,Westlock,CA
Conklin (Leismer) Airport,Conklin,CA
Fort Simpson Island Airport,Fort Simpson Island,CA
Jean Marie River Airport,Jean Marie River,CA
Beaverlodge Airport,Beaverlodge,CA
Trout Lake Airport,Trout Lake,CA
Edra Airport,Edra,CA
Vegreville Airport,Vegreville,CA
Mayerthorpe Airport,Mayerthorpe,CA
Tofield Airport,Tofield,CA
Snare River Airport,Snare River,CA
St. Paul Airport,St. Paul,CA
Milk River Airport,Milk River,CA
Wetaskiwin Regional Airport,Wetaskiwin,CA
Carmacks Airport,Carmacks,CA
Brant (Dixon Farm) Airport,Brant,CA
Fort Macleod Airport,Fort Macleod,CA
Chapman Lake Airport,Chapman Lake,CA
Edmonton / Cooking Lake Airport,Edmonton,CA
Fort Vermilion Airport,Fort Vermilion,CA
Carcross Airport,Carcross,CA
Grande Airport,Grande,CA
Taltheilei Narrows Airport,Taltheilei Narrows,CA
Hespero Airport,Hespero,CA
Trout Lake Airport,Trout Lake,CA
Namur Lake Airport,Namur Lake,CA
Edmonton / Josephburg Airport,Edmonton,CA
Steen River Airport,Steen River,CA
Macmillan Pass Airport,Macmillan Pass,CA
Rockyford Airport,Rockyford,CA
Rimbey Airport,Rimbey,CA
Foremost Airport,Foremost,CA
Grimshaw Airport,Grimshaw,CA
Bjorgum Farm Airport,Bjorgum Farm,CA
Christina Basin Airport,Christina Basin,CA
Jean Lake Airport,Jean Lake,CA
Great Bear Lake Airport,Great Bear Lake,CA
Marek Farms Airport,Marek Farms,CA
Consort Airport,Consort,CA
Debolt Airport,Debolt,CA
John D'Or Prairie Airport,John D'Or Prairie,CA
Fort Mackay / Firebag,Suncor Energy Site,CA
Steen Tower Airport,Steen Tower,CA
Fox Harbour Airport,Fox Harbour,CA
Warburg / Zajes Airport,Warburg,CA
Bashaw Airport,Bashaw,CA
Fontas Airport,Fontas,CA
Calling Lake Airport,Calling Lake,CA
Olds (Netook) Airport,Olds,CA
Empress McNeill Spectra Energy Airport,Empress,CA
Johnson Lake Airport,Johnson Lake,CA
Birch Mountain Airport,Birch Mountain,CA
Donnelly Airport,Donnelly,CA
Hamburg Airport,Apache,CA
Teepee Airport,Teepee,CA
Boyle Airport,Boyle,CA
Fort Macleod (Alcock Farm) Airport,Fort Macleod,CA
La Crete Airport,La Crete,CA
Sundre Airport,Sundre,CA
Mcquesten Airport,Mcquesten,CA
Glendon Airport,Glendon,CA
La Biche River Airport,La Biche River,CA
Wainwright Field 21 Airport,Wainwright,CA
Whitehorse / Cousins Airport,Whitehorse,CA
Milk River (Madge) Airport,Milk River,CA
Cheadle Airport,Cheadle,CA
Silver City Airport,Silver City,CA
Pelly Crossing Airport,Pelly Crossing,CA
Edmonton / Gartner Airport,Edmonton,CA
Bawlf (Blackwells) Airport,Bawlf,CA
Alban Airport,French River,CA
Red Deer Forestry Airport,Red Deer Forestry,CA
Ogilvie River Airport,Ogilvie River,CA
Spirit River Airport,Spirit River,CA
Loon River Airport,Loon River,CA
Twin Creeks Airport,Twin Creeks,CA
Clearwater River Airport,Clearwater River,CA
Wilderman Farm Airport,Blackie,CA
Finlayson Lake Airport,Finlayson Lake,CA
Hyland Airport,Hyland,CA
Pelican Airport,Pelican,CA
Zama Lake Airport,Zama Lake,CA
Chipman Airport,Chipman,CA
Garden River Airport,Garden River,CA
Irma Airport,Irma,CA
Beiseker Airport,Beiseker,CA
Mobil Bistcho Airport,Mobil Bistcho,CA
Margaret Lake Airport,Margaret Lake,CA
Gordon Lake Airport,Gordon Lake,CA
Muskeg Tower Airport,Muskeg Tower,CA
Taltson River Airport,Taltson River,CA
Calgary / Okotoks Air Park,Calgary,CA
Doig Airport,Doig,CA
Manning Airport,Manning,CA
Vulcan Airport,Vulcan,CA
Chestermere (Kirkby Field) Airport,Chestermere,CA
Grist Lake Airport,Grist Lake,CA
Winters Aire Park Airport,Indus,CA
Pine Lake,Pine Lake,CA
Turner Valley Bar N Ranch Airport,Turner Valley Bar N Ranch,CA
Schlenker Airport,Medicine Hat,CA
Sundre / Goodwins Farm Airport,Sundre,CA
Bishell's Airport,Carstairs,CA
Edmonton / Goyer Field,,CA
Gahcho Kue,,CA
Harrow Airport,Harrow,CA
Eaglesham (South) Airport,Eaglesham,CA
George Lake Aerodrome,,CA
Goose Lake Aerodrome,,CA
Grand Valley / Luther Field,,CA
Grand Valley (Black Field),,CA
Grand Valley (Martin Field),,CA
Hayes Camp Aerodrome,,CA
Ottawa / Manotick (Hope Field),Manotick,CA
Harbour Grace Airport,Harbour Grace,CA
Spiritwood / H & M Fast Farms,,CA
Highgate (South),,CA
Morden Airport,Morden,CA
Nestor Falls Airport,Nestor Falls,CA
Arcola Airport,Arcola,CA
Friendship Field,Carman,CA
Steinbach Airport,Steinbach,CA
Moosomin Airport,Moosomin,CA
Gods Lake Airport,Gods Lake,CA
Kyle Airport,Kyle,CA
Craik Airport,Craik,CA
Davidson Municipal Airport,Davidson,CA
Central Butte Airport,Central Butte,CA
Shaunavon Airport,Shaunavon,CA
Hafford Airport,Hafford,CA
Laurie River Airport,Laurie River,CA
Cudworth Municipal Airport,Cudworth,CA
Birch Hills Airport,Birch Hills,CA
Leader Airport,Leader,CA
Dore Lake Airport,Dore Lake,CA
Weyburn Airport,Weyburn,CA
Snow Lake Airport,Snow Lake,CA
Glaslyn Airport,Glaslyn,CA
Paradise Hill Airport,Paradise Hill,CA
Ashern Airport,Ashern,CA
Ile-a-la-Crosse Airport,Ile-a-la-Crosse,CA
West Poplar Airport,West Poplar,CA
Biggar Airport,Biggar,CA
Eatonia (Elvie Smith) Municipal Airport,Eatonia,CA
Wrong Lake Airport,,CA
Gilbert Plains Airport,Gilbert Plains,CA
Maidstone Airport,Maidstone,CA
Ferland Airport,Ferland,CA
Leask Airport,Leask,CA
Glenboro Airport,Glenboro,CA
Wildwood / Loche Mist Farms Airstrip,,CA
Deloraine Airport,Deloraine,CA
Cabri Airport,Cabri,CA
Macklin Airport,Macklin,CA
Gunisao Lake Airport,Gunisao Lake,CA
Beauval Airport,Beauval,CA
Esterhazy Airport,Esterhazy,CA
Gull Lake Airport,Gull Lake,CA
Preeceville Airport,Preeceville,CA
Hatchet Lake Airport,Hatchet Lake,CA
La Loche Airport,La Loche,CA
Winnipeg / Lyncrest Airport,Winnipeg,CA
Altona Municipal Airport,Altona,CA
Kasba Lake Airport,Kasba Lake,CA
Radisson Airport,Radisson,CA
Ituna Airport,Ituna,CA
Gravelbourg Airport,Gravelbourg,CA
Frontier Airport,Frontier,CA
Arborfield Airport,Arborfield,CA
Kamsack Airport,Kamsack,CA
Assiniboia Airport,Assiniboia,CA
Corman Air Park,Saskatoon,CA
Little Churchill River / Dunlop's Fly-In Lodge Airport,Little Churchill River,CA
Kerrobert Airport,Kerrobert,CA
Camsell Portage Airport,Camsell Portage,CA
Bird River (Lac Du Bonnet) Airport,Bird River,CA
Charlot River Airport,Charlot River,CA
Lampman Airport,Lampman,CA
Carlyle Airport,Carlyle,CA
Maple Creek Airport,Maple Creek,CA
Arnes Airport,Arnes,CA
Tanquary Fiord Airport,Tanquary Fiord,CA
Big Sand Lake Airport,Big Sand Lake,CA
Luseland Airport,Luseland,CA
The Pas / Grace Lake Airport,The Pas,CA
Eston Airport,Eston,CA
Gladstone Airport,Gladstone,CA
Canora Airport,Canora,CA
Mccreary Airport,Mccreary,CA
Naicam Airport,Naicam,CA
Malcolm Island Airport,Malcolm Island,CA
Cluff Lake Airport,Cluff Lake,CA
Moose Jaw Municipal Airport,Moose Jaw,CA
Killarney Municipal Airport,Killarney,CA
Carman (South) Airport,Carman,CA
Matheson Island Airport,Matheson Island,CA
Knee Lake Airport,Knee Lake,CA
Cumberland House Airport,Cumberland House,CA
Melita Airport,Melita,CA
Homewood Airport,Homewood,CA
Leoville Airport,Leoville,CA
Macdonald Airport,Macdonald,CA
Humboldt Airport,Humboldt,CA
Minnedosa Airport,Minnedosa,CA
Arborg Airport,Arborg,CA
Edam Airport,Edam,CA
Neilburg Airport,Neilburg,CA
Otter Lake Airport,Otter Lake,CA
Neepawa Airport,Neepawa,CA
Summer Beaver Airport,Summer Beaver,CA
Grand Rapids Airport,Grand Rapids,CA
Melville Municipal Airport,Melville,CA
Oxbow Airport,Oxbow,CA
Loon Lake Airport,Loon Lake,CA
Pelican Narrows Airport,Pelican Narrows,CA
Russell Airport,Russell,CA
Cigar Lake Airport,Cigar Lake,CA
Rosetown Airport,Rosetown,CA
Souris Glenwood Industrial Air Park,Souris Glenwood,CA
Tisdale Airport,Tisdale,CA
Sandy Bay Airport,Sandy Bay,CA
Strathclair Airport,Strathclair,CA
Portage La Prairie (North) Airport,Portage La Prairie,CA
Melfort Airport,Melfort,CA
Shellbrook Airport,Shellbrook,CA
Zhoda Airport,Zhoda,CA
St. Francois Xavier Airport,St. Francois Xavier,CA
Southend Airport,Southend,CA
Patuanak Airport,Patuanak,CA
Wapekeka Airport,Angling Lake,CA
Roblin Airport,Roblin,CA
Silver Falls Airport,Silver Falls,CA
Lanigan Airport,Lanigan,CA
Rockglen Airport,Rockglen,CA
Somerset Airport,Somerset,CA
Pangman Airport,Pangman,CA
Porcupine Plain Airport,Porcupine Plain,CA
Kipling Airport,Kipling,CA
Roland (Graham Field) Airport,Roland,CA
Kirkfield / Balsam Lake Airfield,,CA
Slate Falls Airport,Slate Falls,CA
Quill Lake Airport,Quill Lake,CA
Unity Airport,Unity,CA
Radville Airport,Radville,CA
Goodsoil Airport,Goodsoil,CA
Macgregor Airport,Macgregor,CA
De Lesseps Lake Airport,De Lesseps Lake,CA
Riverton Airport,Riverton,CA
Manitou Airport,Manitou,CA
Kakabeka Falls Airport,Kakabeka Falls,CA
Rocanville Airport,Rocanville,CA
Debden Airport,Debden,CA
Spiritwood Airport,Spiritwood,CA
Lumsden (Colhoun) Airport,Lumsden,CA
Rosenort Airport,Rosenort,CA
Hanley Airport,Hanley,CA
Starbuck Airport,Starbuck,CA
Molson Lake Airport,Molson Lake,CA
Lemberg Airport,Lemberg,CA
St. Brieux Airport,St. Brieux,CA
Scobey Border Station Airport,Coronach,CA
Estevan (South) Airport,Estevan,CA
Eastend Airport,Eastend,CA
Steinbach (South) Airport,Steinbach,CA
Selkirk Airport,Selkirk,CA
Wunnumin Lake Airport,Wunnumin Lake,CA
Shoal Lake Airport,Shoal Lake,CA
Little Bear Lake Airport,Little Bear Lake,CA
Regina Beach Airport,Regina Beach,CA
Sioux Narrows Airport,Sioux Narrows,CA
Jan Lake Airport,Jan Lake,CA
Easterville Airport,Easterville,CA
Opapimiskan Lake Airport,Opapimiskan Lake,CA
Fillmore Airport,Fillmore,CA
Nekweaga Bay Airport,Nekweaga Bay,CA
Spring Valley (North) Airport,Spring Valley,CA
Squaw Rapids Airport,Squaw Rapids,CA
North Spirit Lake Airport,North Spirit Lake,CA
Lucky Lake Airport,Lucky Lake,CA
Erickson Municipal Airport,Erickson,CA
Vermilion Bay Airport,Vermilion Bay,CA
McArthur River Airport,Mcarthur River,CA
Pine Dock Airport,Pine Dock,CA
Ste. Rose Du Lac Airport,Ste. Rose Du Lac,CA
Lundar Airport,Lundar,CA
Virden (Gabrielle Farm) Airport,Virden,CA
Outlook Airport,Outlook,CA
Cudworth Airport,Cudworth,CA
Bryant Airport,Estevan,CA
Wadena Airport,Wadena,CA
Cree Lake (Crystal Lodge) Airport,Cree Lake,CA
Shepherd's Landing Airport,Kincardine,CA
Hartney Airport,Hartney,CA
Wakaw Airport,Wakaw,CA
Treherne Airport,Treherne,CA
Cut Knife Airport,Cut Knife,CA
Imperial Airport,Imperial,CA
Grenfell Airport,Grenfell,CA
Watrous Airport,Watrous,CA
Kelvington Airport,Kelvington,CA
North of Sixty Airport,Obre Lake,CA
Churchbridge Airport,Churchbridge,CA
Wawota Airport,Wawota,CA
Davin Lake Airport,Davin Lake,CA
Warren / Woodlands Airport,Warren,CA
Fisher Branch Airport,Fisher Branch,CA
Dinsmore Airport,Dinsmore,CA
Big River Airport,Big River,CA
Whitewood Airport,Whitewood,CA
Arkayla Springs Airport,Cochrane,CA
Willow Bunch Airport,Willow Bunch,CA
Elk Island Airport,Elk Island,CA
Louise Municipal Airport,Crystal City-Pilot Mound,CA
Winkler Airport,Winkler,CA
Eagle Field,Dos Palos,US
Skyway Estates Airport,Elk Grove,US
Jones/Ag-Viation Airport,Biggs,US
7R Ranch Airport,Cuyama,US
Camino Airstrip,Goffs,US
Pauma Valley Air Park,Pauma Valley,US
Latierra Airport,Murrieta,US
Quail Lake Sky Park Airport,Gorman/Lancaster,US
Ranchaero Airport,Chico,US
Skyotee Ranch Airport,Rosamond,US
Bonny Doon Airport,Santa Cruz,US
Ahlem Farms Airport,Hilmar,US
L'Assomption Airport,L'Assomption,CA
Holland Landing Airpark,Holland Landing,CA
Lethbridge / Anderson Field,Lethbridge,CA
Lancaster Airpark,Bainsville,CA
Plattsville (Lubitz Flying Field),,CA
London / Chapeskie Field,London,CA
Lower East Pubnico (La Field) Airport,Lower East Pubnico,CA
Liege / CNRL Airport,Liege,CA
Fort McMurray / Legend Airfield,,CA
Lethbridge / J3 Airfield,,CA
Lucknow Airpark,Lucknow,CA
Leamington Airport,Leamington,CA
Beaverlodge / Clanachan Field,,CA
Fort McMurray / South Liege Airfield,,CA
Stayner (Clearview Field),,CA
Lewvan (Farr Strip) Airport,Lewvan,CA
Laurel / Whittington,,CA
Mattawa Airport,Mattawa,CA
Meadowbank Airport,Meadowbank Gold Mine,CA
Edmonton / Calmar (Maplelane Farm),,CA
Lethbridge (Mercer Field),,CA
Quamichan Lake (Raven Field) Airport,Quamichan Lake,CA
Minto,,CA
Manic-5,,CA
Edmonton/Morinville (Mike's Field),,CA
Matawatchan,,CA
Borges - Clarksburg Airport,Clarksburg,US
Vineyard Oaks Farm Airport,Lemoore,US
Las Serpientes Airport,Knightsen,US
Mercey Hot Springs Airport,Firebaugh,US
Harvard Airport,Yermo,US
J-B Airport,Farmington,US
Kelso Valley Airport,Mojave,US
Flying B Ranch Airport,Franklin,US
Double Creek Airpark,Manton,US
Flying Bull Airport,Modesto,US
Exeter Airport,Exeter,US
Desert Center Airport,Desert Center,US
Hearst San Simeon Airstrip,San Simeon,US
River Highlands Ranch Airport,Grass Valley,US
Heritage Field,Stockton,US
Walter's Camp Airport,Palo Verde,US
Del Mar Farms Airport,Patterson,US
Highgate Airport,Highgate,CA
Springwater Barrie Airpark,Springwater,CA
Emsdale Airport,Emsdale,CA
Tomvale Airport,Plevna,CA
Brampton Airport,Brampton,CA
Guelph Airport,Guelph,CA
Stanhope Municipal Airport,Haliburton,CA
Bearskin Lake Airport,Bearskin Lake,CA
Iroquois Falls Airport,Iroquois Falls,CA
Essex Airport,Essex,CA
Pendleton Airport,Pendleton,CA
Lindsay Airport,Lindsay,CA
Dwight Airport,,CA
Niagara South Airport,Niagara Falls,CA
Natuashish Airport,Natuashish,CA
Fort Erie Airport,Fort Erie,CA
Orillia Airport,Orillia,CA
Parry Sound Area Municipal Airport,Parry Sound,CA
Fort McMurray / North Liege Airfield,,CA
Brockville - Thousand Islands Regional Tackaberry Airport,Brockville,CA
Port Elgin Airport,Port Elgin,CA
Nobel / Lumsden Air Park,,CA
Wyevale (Boker Field) Airport,Wyevale,CA
Nueltin Lake Airport,Nueltin Lake,CA
Melbourne Airport,Melbourne,CA
Kingfisher Lake Airport,Kingfisher Lake,CA
Shelburne / Fisher Field,Shelburne,CA
Gananoque Airport,Gananoque,CA
Arnprior Airport,Arnprior,CA
Nampa / Hockey,,CA
Iroquois Airport,Iroquois,CA
Greenbank Airport,Greenbank,CA
Welland / Niagara Central Airport,Welland,CA
Tobermory Airport,Tobermory,CA
Carleton Place Airport,Carleton Place,CA
Arnstein Airport,Arnstein,CA
Alexandria Aerodrome,Alexandria,CA
Straffordville Airport,Straffordville,CA
Kincardine Airport,Kincardine,CA
Morrisburg Airport,Morrisburg,CA
Ogoki Post Airport,Ogoki Post,CA
Elmira Airport,Elmira,CA
Picton Airport,Picton,CA
Belleville Airport,Belleville,CA
Markham Airport,Toronto,CA
Hawkesbury Airport,Hawkesbury,CA
Edenvale Aerodrome,Edenvale,CA
Quebec / Neuville Airport,Neuville,CA
Windermere Airport,Windermere,CA
Bancroft Airport,Bancroft,CA
Carey Lake Airport,Carey Lake,CA
Nixon Airport,Nixon,CA
Collingwood Airport,Collingwood,CA
Alliston Airport,Alliston,CA
Barry's Bay / Madawaska Valley Airpark,Barry's Bay,CA
Grimsby Airpark,Grimsby,CA
Flagler Aerial Spraying Inc Airport,Flagler,US
Harrington Ranch Airport,Bennet,US
Aspen Airport,Aspen,US
Denning Airport,Keenesburg,US
Wirth Field,New Raymer,US
Athanasiou Valley Airport,Blackhawk,US
Helling Airport,Idalia,US
Lemons Private Strip,Boulder,US
Granite Mountain Lodge Airport,Salida,US
Van Aire Airport,Brighton,US
Alamosa Outpost Airport,Alamosa,US
Kelly Air Park,Elbert,US
Sky Haven Airport,Byers,US
Chaparral Airport,Kiowa,US
Flying W Ranch Airport,Cedaredge,US
Hildebrandt Airport,Bethune,US
Ashlawn Airport,Longmont,US
Metrogro Farm Airport,Agate,US
Kutcher Airfield,Galeton,US
Tanner Field,Cortez,US
Clear Sky Ag Airport,Arapahoe,US
Juniper Hills Airport,Parachute,US
Las Mesitas Airport,Antonito,US
Ria Airport,Rush,US
Comanche Airfield Llc Airport,Strasburg,US
Flying G Air Ranch Airport,Elbert,US
Campbells Airport,Bennett,US
Circle 8 Ranch Airport,Elizabeth,US
Pinyon Airport,Glade Park,US
Goldys Field,Gypsum,US
Crop Air Airport,Eaton,US
Greenhorn Strip,Colorado City,US
Marshdale Airport,Evergreen,US
Yankee Field,Fort Collins,US
Christman Field,Fort Collins,US
Jjs Airport,Keenesburg,US
Hay Fever Farm Airport,Galeton,US
Horseshoe Landings Airport,Keenesburg,US
Ak Su Airport,Canon City,US
Geary Ranch Airport,Westcliffe,US
Ajc Airport,Greeley,US
Big View Airport,Carr,US
Bigfoot Turf Airport,La Salle,US
Eden Ranch Airport,Hotchkiss,US
Fowler Airport,Fowler,US
Land Airport,Keenesburg,US
Green Acres Airport,Alamosa,US
Idlers Field,Kirk,US
Barber Field,Delta,US
Usaf Academy Bullseye Aux Airfield,Ellicott,US
Trinchera Ranch Airstrip,Fort Garland,US
Perry Park Airport,Larkspur,US
Spring Canyon Airport,Walsenburg,US
True Grit South Airport,Telluride,US
Reed Hollow Ranch Airport,Franktown,US
Comanche Springs Ranch Airport,Strasburg,US
Triple P Ranch Airport,Franktown,US
Orangeville / Brundle Field,,CA
Orangeville / Laurel Airstrip,Orangeville,CA
Simcoe (Dennison Field) Airport,Simcoe,CA
Pilot Butte Airport,Pilot Butte,CA
Paramount Bistcho Airport,Paramount Bistcho,CA
Baldwin Airport,Baldwin,CA
Arthur (Walter's Field),Arthur East,CA
Teeswater (Thompson Field) Airport,Teeswater,CA
Ethel Airport,Ethel,CA
Brussels (Armstrong Field) Airport,Brussels,CA
Hawkesbury (Windover Field) Airport,Hawkesbury,CA
Elk Lake Airport,Elk Lake,CA
Cambridge / Reid's Field,Cambridge,CA
Port Colborne Airport,Port Colborne,CA
South River/Sundridge Airport & Float Plane Base,South River - Sundridge,CA
Bar River Airport,Bar River,CA
Bruce McPhail Memorial Airport,Cobden,CA
Stoney Creek Airport,Stoney Creek,CA
Southampton Airport,Southampton,CA
Elmira (East) Airport,Elmira,CA
Hawkesbury (East) Airport,Hawkesbury,CA
Port Elgin (Pryde Field) Airport,Port Elgin,CA
Fergus (Juergensen Field) Airport,Fergus,CA
Rolph Airport,Deep River,CA
Port Hope (Peter's Field),Port Hope,CA
Fordwich Airport,Fordwich,CA
Stirling Airport,Stirling,CA
Strathroy (Blue Yonder) Airport,Strathroy,CA
Arthur (Peskett Field),,CA
Kars / Rideau Valley Air Park,Kars,CA
Grand Bend Airport,Grand Bend,CA
Thessalon Municipal Airport,Thessalon,CA
POURVOIRIE MIRAGE AERODROME,,CA
Volk Airport,Tottenham,CA
Bradford Airport,Bradford,CA
Pontiac Airpark,Pontiac,CA
Listowel Airport,Listowel,CA
York Airport,York,CA
Lefroy Airport,Lefroy,CA
Ottawa / Embrun Airport,Embrun,CA
Palmerston Airport,Palmerston,CA
Woodstock Airport,Woodstock,CA
Wingham / Richard W. LeVan Airport,Wingham,CA
Fergus (Royland Field),,CA
Elmhirst's Resort Airport,Keene,CA
Lucan Airport,Lucan,CA
Miminiska Airport,Miminiska,CA
Orton / Smith Field,Orton,CA
Killarney Airport,Killarney,CA
Rockton Airport,Rockton,CA
Rodney (New Glasgow) Airport,Rodney,CA
Tyendinaga Mohawk Airport,Tyendinaga,CA
Orangeville / Murray Wesley Kot Field,Orangeville,CA
St. Joseph Island Airport,St. Joseph Island,CA
Mansfield Airport,Mansfield,CA
Poplar Hill Airport,Poplar Hill,CA
Keewaywin Airport,Keewaywin,CA
Fergus (Holyoake Airfield),,CA
Trenton / Mountain View Airport,Mountain View,CA
Cottam Airport,Cottam,CA
Riviere Bonnard Airport,Riviere Bonnard,CA
Riviere Bell Airport,Riviere Bell,CA
Red Deer / South 40 Airstrip,,CA
Red Deer / Truant Airfield,,CA
Edzo Airport,Rae,CA
Curries (Rand Private Airfield),,CA
Edmonton / Villeneuve (Rose Field),Villeneuve,CA
Calgary / Okotoks (Rowland Field),Calgary,CA
Stoney Point (Trepanier),,CA
Westport / Rideau Lakes Airport,Westport,CA
Kirby Lake Airport,Kirby Lake,CA
Reindeer Lake / Lindbergh Lodge Airstrip,,CA
Riding Mountain Airport,Riding Mountain,CA
Stoney Point (Le Cunff) Airport,Stoney Point,CA
R.M. of Pipestone Airport,Reston,CA
Calgary / Christiansen Field,Calgary,CA
Matoush Airport,,CA
Riviere Temiscamie (Air Roberval Ltee) Airport,,CA
Lac Agile (Mascouche) Airport,Lac Agile,CA
Sable Island Landing Strip,Sable Island,CA
St-Mathieu-De-Beloeil Airport,St-Mathieu-De-Beloeil,CA
Shediac Bridge Airport,Shediac Bridge,CA
Drummondville Airport,Drummondville,CA
Lac Etchemin Airport,Lac Etchemin,CA
Sudbury / Coniston Airport,Sudbury,CA
Valleyfield Airport,Valleyfield,CA
Mont Laurier Airport,Mont-Laurier,CA
Lourdes-De-Joliette Airport,Lourdes-De-Joliette,CA
Lachute Airport,Lachute,CA
Montmagny Airport,Montmagny,CA
Poste Montagnais (Mile 134) Airport,Poste Montagnais,CA
Ottawa / Casselman (Shea Field),Ottawa,CA
Joliette Airport,Joliette,CA
St Jean Chrysostome Airport,St-Jean Chrysostome,CA
Ile-aux-Grues Airport,Ile-aux-Grues,CA
Lebel-sur-Quevillon Airport,Lebel-sur-Quevillon,CA
St-Ferdinand Airport,St-Ferdinand,CA
Kanawata Aeroparc Airport,Kanawata,CA
Louiseville Airport,Louiseville,CA
St-Louis-De-France Airport,St-Louis-De-France,CA
Montreal / Mascouche Airport,Montreal,CA
Mansonville Airport,Mansonville,CA
Paquet Airport,St-Raymond,CA
Snap Lake Airport,Snap Lake,CA
King George Airpark,Surrey,CA
Lac a la Tortue Airport,Lac-a-la-Tortue,CA
St-Victor-De-Beauce Airport,St-Victor-De-Beauce,CA
Odessa / Strawberry Lakes Airstrip,Qu'Appelle,CA
Baie-Comeau (Manic 1) Airport,Baie-Comeau,CA
Thetford Mines Airport,Thetford Mines,CA
Ste-Julienne Airport,Ste-Julienne,CA
St-Michel-Des-Saints Airport,St-Michel-Des-Saints,CA
St-Jerome Airport,St-Jerome,CA
Stanhope Airport,Stanhope,CA
Farnham Airport,Farnham,CA
Stony Plain (Lichtner Farms) Airport,Stony Plain,CA
St-Mathias Airport,St-Mathias,CA
Montreal / Aeroparc Ile Perrot,Montreal,CA
Shuswap (Skwlax Field) Airport,,CA
Valcourt Airport,Valcourt,CA
Victoriaville Airport,Victoriaville,CA
La Sarre Airport,La Sarre,CA
Montreal / Les Cedres Airport,Montreal,CA
St-Dominique Airport,St-Dominique,CA
Montreal / St-Lazare Airport,Montreal,CA
St-Lambert-De-Lauzon Airport,St-Lambert-De-Lauzon,CA
Chisasibi Airport,Chisasibi,CA
St Hyacinthe Airport,St-Hyacinthe,CA
Ste-Lucie-De-Beauregard Airport,Ste-Lucie-De-Beauregard,CA
Weymontachie Airport,Weymontachie,CA
Lac-a-la-Tortue (Water Aerodrome) Airport,Lac-a-la-Tortue,CA
Schomberg (Sloan Valley View Farm Airfield),,CA
Richelieu,Richelieu,CA
Grant Airport,St-Mathias,CA
Exeter Airport,Sexsmith,CA
Sorel Airport,Sorel,CA
St-Donat Airport,St-Donat,CA
St-Jovite Airport,Mont-Tremblant,CA
St-Frederic Airport,St-Frederic,CA
Whelan Farms Airport,Bethlehem,US
Skis Landing Area Airport,Colchester,US
Heckler Field,Coventry,US
Devils Hopyard Field,East Haddam,US
Yankee Airstrip,East Killingly,US
Bancroft Airport,East Windsor Hill,US
Wysocki Field,Ellington,US
Laurie Field,Hazardville,US
Rankl Field,Marlborough,US
Sunnyvale Field,North Stonington,US
North Canaan Aviation Facilities Inc Airport,North Canaan,US
Valley Farm Airport,Somers,US
Maplewood Farm Airport,Durham,US
Wings Ago Airstrip,Goshen,US
Spruce Airport,Jewett City,US
Wychwood Field,Mystic,US
Flying Ridge Airstrip,Newtown,US
Good Hill Farm Airport,Roxbury,US
Westford Airstrip,Ashford/Westford,US
Stonington Airpark,Stonington,US
Roberts Farm Airport,East Windsor,US
Green Acres Airport,Bristol,US
Ile aux Coudres Airport,Ile aux Coudres,CA
St Bruno-de-Guigues Airport,St-Bruno-de-Guigues,CA
Tete-a-la-Baleine Airport,Tete-a-la-Baleine,CA
Lac a la Perchaude Airport,Lac a la Perchaude,CA
Causapscal Airport,Causapscal,CA
Dundalk (Tripp Field),,CA
Du Rocher-Perce (Pabok) Airport,Du Rocher-Perce,CA
Thor Lake Airport,,CA
Grandes-Bergeronnes Airport,Grandes-Bergeronnes,CA
Senneterre Airport,Senneterre,CA
Kegaska Airport,Kegaska,CA
Selkirk / Kindy Airstrip,,CA
Treherne (South Norfolk Airpark) Airport,Treherne,CA
Donaldson Airport,Kattiniq,CA
Weller Airport,Stanstead,CA
St-Anselme Airport,St-Anselme,CA
St-Basile (Marcotte) Airport,St-Basile,CA
La Romaine Airport,La Romaine,CA
Fontanges Airport,Fontanges,CA
La Tabatiere Airport,La Tabatiere,CA
Olds / North 40 Ranch Airstrip,,CA
Rougemont Airport,Rougemont,CA
Voisey's Bay,,CA
Fergus (Vodarek Field),,CA
Viking (South) Airport,Viking,CA
White City (Radomsky) Airport,White City,CA
Walter's Falls (Piper Way) Airfield,,CA
Ennadai Lake Airport,Ennadai,CA
Arctic Bay Airport,,CA
Cat Lake Airport,Cat Lake,CA
La Grande-3 Airport,La Grande-3,CA
Fort Frances Municipal Airport,Fort Frances,CA
La Grande-4 Airport,La Grande-4,CA
Alert Bay Airport,Alert Bay,CA
Sault Ste Marie Airport,Sault Sainte Marie,CA
Kasabonika Airport,Kasabonika,CA
Kangirsuk Airport,Kangirsuk,CA
Attawapiskat Airport,Attawapiskat,CA
Liverpool South Shore Regional Airport,Liverpool,CA
Winnipeg / St. Andrews Airport,Winnipeg,CA
Shearwater Airport,Halifax,CA
Lac Du Bonnet Airport,Lac Du Bonnet,CA
St. Anthony Airport,St. Anthony,CA
Tofino / Long Beach Airport,Tofino,CA
Banff Airport,Banff,CA
Kugaaruk Airport,Kugaaruk,CA
Baie Comeau Airport,Baie-Comeau,CA
Bella Coola Airport,Bella Coola,CA
Uranium City Airport,Uranium City,CA
Bonnyville Airport,Bonnyville,CA
CFB Bagotville,Bagotville,CA
Baker Lake Airport,Baker Lake,CA
Campbell River Airport,Campbell River,CA
Brooks Regional,Brooks,CA
Tadoule Lake Airport,Tadoule Lake,CA
Brandon Municipal Airport,Brandon,CA
Brochet Airport,Brochet,CA
Nipawin Airport,Nipawin,CA
Berens River Airport,Berens River,CA
Calgary / Springbank Airport,Calgary,CA
Lourdes de Blanc Sablon Airport,Lourdes-De-Blanc-Sablon,CA
Cartwright Airport,Cartwright,CA
Cambridge Bay Airport,Cambridge Bay,CA
Cornwall Regional Airport,Cornwall,CA
Nanaimo Airport,Nanaimo,CA
James T. Field Memorial Aerodrome,Centralia,CA
Castlegar Airport,Castlegar,CA
Miramichi Airport,Miramichi,CA
Chatham Kent Airport,Chatham-Kent,CA
Charlo Airport,Charlo,CA
Cochrane Airport,Cochrane,CA
Kugluktuk Airport,Kugluktuk,CA
Blue River Airport,Blue River,CA
Chetwynd Airport,Chetwynd,CA
Cross Lake (Charlie Sinclair Memorial) Airport,Cross Lake,CA
Chesterfield Inlet Airport,Chesterfield Inlet,CA
Coronation Airport,Coronation,CA
Chilliwack Airport,Chilliwack,CA
Clyde River Airport,Clyde River,CA
Fairmont Hot Springs Airport,Fairmont Hot Springs,CA
Dawson City Airport,Dawson City,CA
Burwash Airport,Burwash,CA
Princeton Airport,Town of Princeton,CA
Deer Lake Airport,Deer Lake,CA
Dease Lake Airport,Dease Lake,CA
Ross River Airport,Ross River,CA
Dauphin Barker Airport,Dauphin,CA
Dolbeau Lac-Saint-Jean Airport,Saint-Félicien,CA
Nain Airport,Nain,CA
Dawson Creek Airport,Dawson Creek,CA
Empress Airport,Empress,CA
Huronia Airport,Midland,CA
Edmonton International Airport,Edmonton,CA
Arviat Airport,Arviat,CA
Elliot Lake Municipal Airport,Elliot Lake,CA
Manitoulin East Municipal Airport,Manitowaning,CA
Estevan Airport,Estevan,CA
Fort Severn Airport,Fort Severn,CA
Edmundston Airport,Edmundston,CA
Edson Airport,Edson,CA
Eureka Airport,Eureka,CA
Inuvik (Mike Zubko) Airport,Inuvik,CA
Amos Magny Airport,Amos,CA
Fort Albany Airport,Fort Albany,CA
Iqaluit Airport,Iqaluit,CA
Fredericton International Airport,Fredericton,CA
Brantford Municipal Airport,Brantford,CA
Forestville Airport,Forestville,CA
Fort Hope Airport,Fort Hope,CA
La Macaza / Mont-Tremblant International Inc Airport,Riviere Rouge,CA
Flin Flon Airport,Flin Flon,CA
Fort Resolution Airport,Fort Resolution,CA
Fort Simpson Airport,Fort Simpson,CA
Makkovik Airport,Makkovik,CA
Texada Gillies Bay Airport,Texada,CA
Goderich Airport,Goderich,CA
Golden Airport,Golden,CA
Fort Good Hope Airport,Fort Good Hope,CA
Kingston Airport,Kingston,CA
La Grande Riviere Airport,Radisson,CA
Gimli Industrial Park Airport,Gimli,CA
Gods Lake Narrows Airport,Gods Lake Narrows,CA
Gaspe (Michel-Pouliot) Airport,Gaspe,CA
Geraldton Greenstone Regional Airport,Geraldton,CA
Iles-de-la-Madeleine Airport,Iles-de-la-Madeleine,CA
Igloolik Airport,Igloolik,CA
Havre St Pierre Airport,Havre St-Pierre,CA
Kuujjuarapik Airport,Kuujjuarapik,CA
Gillam Airport,Gillam,CA
Grise Fiord Airport,Grise Fiord,CA
Quaqtaq Airport,Quaqtaq,CA
Hudson Bay Airport,Hudson Bay,CA
Vancouver Harbour Airport,Vancouver,CA
Dryden Regional Airport,Dryden,CA
Hope Airport,Hope,CA
Hearst Rene Fontaine Municipal Airport,Hearst,CA
Nemiscau Airport,Nemiscau,CA
Ulukhaktok Holman Airport,Ulukhaktok,CA
Gjoa Haven Airport,Gjoa Haven,CA
John C. Munro Hamilton International Airport,Hamilton,CA
Hornepayne Municipal Airport,Hornepayne,CA
Hopedale Airport,Hopedale,CA
Chevery Airport,Chevery,CA
Hanover / Saugeen Municipal Airport,Hanover,CA
Haines Junction Airport,Haines Junction,CA
Montréal / St-Hubert Airport,Longueuil,CA
Hay River / Merlyn Carter Airport,Hay River,CA
Halifax Robert L. Stanfield International Airport,Halifax,CA
Atikokan Municipal Airport,Atikokan,CA
Digby / Annapolis Regional Airport,Digby,CA
St Augustin Airport,St-Augustin,CA
Ivujivik Airport,Ivujivik,CA
Pond Inlet Airport,Pond Inlet,CA
Island Lake Airport,Island Lake,CA
Jasper Airport,Jasper,CA
Fort Liard Airport,Fort Liard,CA
Fort St James Airport,Fort St. James,CA
St-Jean Airport,Saint Jean,CA
Fort Providence Airport,Fort Providence,CA
Denny Island Airport,Bella Bella,CA
Stephenville Airport,Stephenville,CA
Kamloops Airport,Kamloops,CA
Collins Bay Airport,Collins Bay,CA
Aklavik Airport,Aklavik,CA
Kitchener / Waterloo Airport,Waterloo,CA
Kangiqsujuaq (Wakeham Bay) Airport,Kangiqsujuaq,CA
Key Lake Airport,Key Lake,CA
Schefferville Airport,Schefferville,CA
Akulivik Airport,Akulivik,CA
Waskaganish Airport,Waskaganish,CA
Kirkland Lake Airport,Kirkland Lake,CA
Kindersley Airport,Kindersley,CA
Toronto / Buttonville Municipal Airport,Markham,CA
Aupaluk Airport,Aupaluk,CA
Lac La Biche Airport,Lac La Biche,CA
Kimmirut Airport,Kimmirut,CA
Chapleau Airport,Chapleau,CA
Lansdowne House Airport,Lansdowne House,CA
Lillooet Airport,Lillooet,CA
Meadow Lake Airport,Meadow Lake,CA
Lutselk'e Airport,Lutselk'e,CA
Lloydminster Airport,Lloydminster,CA
La Tuque Airport,La Tuque,CA
Leaf Rapids Airport,Leaf Rapids,CA
Barrie-Orillia (Lake Simcoe Regional Airport),Barrie-Orillia,CA
Alert Airport,Alert,CA
Kangiqsualujjuaq (Georges River) Airport,Kangiqsualujjuaq,CA
Kelowna Airport,Kelowna,CA
Mayo Airport,Mayo,CA
Matane Airport,Matane,CA
Manitouwadge Airport,Manitouwadge,CA
Mary's Harbour Airport,Mary's Harbour,CA
Moose Jaw Air Vice Marshal C. M. McEwen Airport,Moose Jaw,CA
Charlevoix Airport,Charlevoix,CA
Fort McMurray Airport,Fort McMurray,CA
Moosonee Airport,Moosonee,CA
Chapais Airport,Chibougamau,CA
Umiujaq Airport,Umiujaq,CA
Maniwaki Airport,Maniwaki,CA
Montréal (Mirabel) Airport,Mirabel,CA
Ear Falls Airport,Ear Falls,CA
Natashquan Airport,Natashquan,CA
Wemindji Airport,Wemindji,CA
Ottawa / Gatineau Airport,Gatineau,CA
Norway House Airport,Norway House,CA
Hudsons Hope Airport,Hudson's Hope,CA
Langley Airport,Langley,CA
Points North Landing Airport,Points North Landing,CA
Matagami Airport,Matagami,CA
Nejanilini Lake Airport,Nejanilini Lake,CA
Fort Mackay / Horizon Airport,Fort Mackay,CA
Ekati Airport,Ekati,CA
Old Crow Airport,Old Crow,CA
CFB Cold Lake,Cold Lake,CA
Oxford House Airport,Oxford House,CA
High Level Airport,High Level,CA
Oshawa Airport,Oshawa,CA
Rainbow Lake Airport,Rainbow Lake,CA
Owen Sound / Billy Bishop Regional Airport,Owen Sound,CA
Ottawa / Macdonald-Cartier International Airport,Ottawa,CA
Prince Albert (Glass Field) Airport,Prince Albert,CA
Paulatuk (Nora Aliqatchialuk Ruben) Airport,Paulatuk,CA
Port Hawkesbury Airport,Port Hawkesbury,CA
Peace River Airport,Peace River,CA
Southport Airport,Portage,CA
Inukjuak Airport,Inukjuak,CA
Pitt Meadows Airport,Pitt Meadows,CA
Pickle Lake Airport,Pickle Lake,CA
Pikangikum Airport,Pikangikum,CA
Port Menier Airport,Port-Menier,CA
Peawanuck Airport,Peawanuck,CA
Parent Airport,Parent,CA
Peterborough Airport,Peterborough,CA
Prince Rupert Airport,Prince Rupert,CA
Pemberton Airport,Pemberton,CA
Pelee Island Airport,Pelee Island,CA
Puntzi Mountain Airport,Puntzi Mountain,CA
Powell River Airport,Powell River,CA
Puvirnituq Airport,Puvirnituq,CA
Fort Chipewyan Airport,Fort Chipewyan,CA
Burns Lake Airport,Burns Lake,CA
Muskoka Airport,Muskoka,CA
Québec City Jean Lesage International Airport,Quebec City,CA
The Pas Airport,The Pas,CA
Red Deer Regional Airport,Red Deer,CA
Windsor Airport,Windsor,CA
Watson Lake Airport,Watson Lake,CA
Yarmouth Airport,Yarmouth,CA
Kenora Airport,Kenora,CA
Lethbridge Airport,Lethbridge,CA
Moncton / Greater Moncton International Airport,Moncton,CA
Nakina Airport,Nakina,CA
Comox Airport,Comox,CA
Regina International Airport,Regina,CA
St Thomas Municipal Airport,St Thomas,CA
Thunder Bay Airport,Thunder Bay,CA
Grande Prairie Airport,Grande Prairie,CA
Yorkton Municipal Airport,Yorkton,CA
North Battleford Airport,North Battleford,CA
Gander International Airport,Gander,CA
Sydney / J.A. Douglas McCurdy Airport,Sydney,CA
Quesnel Airport,Quesnel,CA
Rae Lakes Airport,Gameti,CA
Resolute Bay Airport,Resolute Bay,CA
Chicoutimi / St-Honoré Airport,Chicoutimi,CA
Riviere-du-Loup Airport,Riviere-du-Loup,CA
Roberval Airport,Roberval,CA
Red Lake Airport,Red Lake,CA
Rocky Mountain House Airport,Rocky Mountain House,CA
Ottawa / Rockcliffe Airport,Ottawa,CA
Ottawa / Carp Airport,Carp,CA
Trois-Rivieres Airport,Trois-Rivieres,CA
Red Sucker Lake Airport,Red Sucker Lake,CA
Rankin Inlet Airport,Rankin Inlet,CA
Revelstoke Airport,Revelstoke,CA
Stratford Municipal Airport,Stratford,CA
Sudbury Airport,Falconbridge,CA
Sherbrooke Airport,Sherbrooke,CA
Squamish Airport,Squamish,CA
Stony Rapids Airport,Stony Rapids,CA
St Georges Airport,St Georges,CA
Smiths Falls-Montague (Russ Beach) Airport,Smiths Falls,CA
Saint John Airport,Saint John,CA
Sanikiluaq Airport,Sanikiluaq,CA
St Leonard Airport,St Leonard,CA
Fort Smith Airport,Fort Smith,CA
St. Catharines Niagara District Airport,Niagara-on-the-lake,CA
Marathon Airport,Marathon,CA
Atlin Airport,Atlin,CA
St. Theresa Point Airport,St. Theresa Point,CA
Summerside Airport,Summerside,CA
Sparwood Elk Valley Airport,Sparwood,CA
Sachs Harbour (David Nasogaluak Jr. Saaryuaq) Airport,Sachs Harbour,CA
Ste Anne Des Monts Airport,Ste-Anne-Des-Monts,CA
Pembroke Airport,Pembroke,CA
Tillsonburg Airport,Tillsonburg,CA
Cape Dorset Airport,Cape Dorset,CA
Alma Airport,Alma,CA
Thompson Airport,Thompson,CA
Big Trout Lake Airport,Big Trout Lake,CA
Trenton Airport,Trenton,CA
Tasiujaq Airport,Tasiujaq,CA
CFB Trenton,Trenton,CA
Timmins Victor M. Power Airport,Timmins,CA
Billy Bishop Toronto City Airport,Toronto,CA
Tuktoyaktuk Airport,Tuktoyaktuk,CA
Montréal-Pierre Elliott Trudeau International Airport,Dorval,CA
Repulse Bay Airport,Repulse Bay,CA
Hall Beach Airport,Hall Beach,CA
Rouyn-Noranda Airport,McWatters,CA
Bonaventure Airport,Bonaventure,CA
La Ronge (Barber Field) Airport,La Ronge,CA
Virden/R.J. (Bob) Andrew Field Regional Aerodrome,Virden,CA
Vermilion Airport,Vermilion,CA
Vernon Airport,Vernon,CA
Qikiqtarjuaq Airport,Qikiqtarjuaq,CA
Val-d'Or Airport,Bourlamaque,CA
Kuujjuaq Airport,Kuujjuaq,CA
Norman Wells Airport,Norman Wells,CA
Vancouver International Airport,Richmond,CA
Buffalo Narrows Airport,Buffalo Narrows,CA
Wiarton Airport,Wiarton,CA
Deer Lake Airport,Deer Lake,CA
Petawawa Airport,Petawawa,CA
Wekweeti Airport,Wekweeti,CA
Winnipeg James Armstrong Richardson International Airport,Winnipeg,CA
Victoria Harbour Airport,Victoria,CA
Deline Airport,Deline,CA
Wabush Airport,Wabush,CA
Williams Lake Airport,Williams Lake,CA
Athabasca Airport,Athabasca,CA
Webequie Airport,Webequie,CA
Wainwright Airport,Wainwright,CA
Wrigley Airport,Wrigley,CA
Cranbrook / Canadian Rockies Airport,Cranbrook,CA
Saskatoon John G. Diefenbaker International Airport,Saskatoon,CA
Medicine Hat Airport,Medicine Hat,CA
Fort St. John Airport,Fort Saint John,CA
Rimouski Airport,Rimouski,CA
Sioux Lookout Airport,Sioux Lookout,CA
Whale Cove Airport,Whale Cove,CA
Pangnirtung Airport,Pangnirtung,CA
Beaver Creek Airport,Beaver Creek,CA
Earlton (Timiskaming Regional) Airport,Earlton,CA
Prince George Airport,Prince George,CA
Terrace Airport,Terrace,CA
London Airport,London,CA
Abbotsford Airport,Abbotsford,CA
Erik Nielsen Whitehorse International Airport,Whitehorse,CA
Wawa Airport,Wawa,CA
North Bay Airport,North Bay,CA
Calgary International Airport,Calgary,CA
Smithers Airport,Smithers,CA
Fort Nelson Airport,Fort Nelson,CA
Penticton Airport,Penticton,CA
Charlottetown Airport,Charlottetown,CA
Taloyoak Airport,Taloyoak,CA
Victoria International Airport,Victoria,CA
Lynn Lake Airport,Lynn Lake,CA
Cowley Airport,Cowley,CA
Swift Current Airport,Swift Current,CA
Wynyard / W.B. Needham Field,Wynyard,CA
Churchill Airport,Churchill,CA
Goose Bay Airport,Goose Bay,CA
St. John's International Airport,Saint John,CA
Kapuskasing Airport,Kapuskasing,CA
Armstrong Airport,Armstrong,CA
Mont-Joli Airport,Mont Jolie,CA
Toronto Pearson International Airport,Mississauga,CA
Downsview Airport,Toronto,CA
Gore Bay Manitoulin Airport,Gore Bay,CA
Yellowknife Airport,Yellowknife,CA
Salluit Airport,Salluit,CA
Slave Lake Airport,Slave Lake,CA
Sandspit Airport,Sandspit,CA
Chris Hadfield Airport,Sarnia,CA
Coral Harbour Airport,Coral Harbour,CA
Port Hardy Airport,Port Hardy,CA
Whitecourt Airport,Whitecourt,CA
Sept-Iles Airport,Sept-Iles,CA
Teslin Airport,Teslin,CA
CFB Greenwood,Greenwood,CA
Mackenzie Airport,Mackenzie,CA
York Landing Airport,York Landing,CA
Salmon Arm Airport,Salmon Arm,CA
Burlington Executive,Burlington,CA
Boundary Bay Airport,Ladner,CA
Ilford Airport,Ilford,CA
Bathurst Airport,Bathurst,CA
Bromont (Roland Desourdy) Airport,Bromont,CA
Kelsey Airport,Kelsey,CA
Eastmain River Airport,Eastmain River,CA
Faro Airport,Faro,CA
Fond-Du-Lac Airport,Fond-Du-Lac,CA
Pukatawagan Airport,Pukatawagan,CA
Fort Mcpherson Airport,Fort Mcpherson,CA
Tulita Airport,Tulita,CA
Grand Forks Airport,Grand Forks,CA
Gods River Airport,Gods River,CA
Little Grand Rapids Airport,Little Grand Rapids,CA
High Prairie Airport,High Prairie,CA
Jenpeg Airport,Jenpeg,CA
Swan River Airport,Swan River,CA
Kashechewan Airport,Kashechewan,CA
Thicket Portage Airport,Thicket Portage,CA
Muskrat Dam Airport,Muskrat Dam,CA
South Cariboo Region / 108 Mile Airport,108 Mile,CA
Pikwitonei Airport,Pikwitonei,CA
Masset Airport,Masset,CA
Poplar River Airport,Poplar River,CA
Nelson Airport,Nelson,CA
Sachigo Lake Airport,Sachigo Lake,CA
Pincher Creek Airport,Pincher Creek,CA
Pinehouse Lake Airport,Pinehouse Lake,CA
Round Lake (Weagamow Lake) Airport,Round Lake,CA
Sandy Lake Airport,Sandy Lake,CA
South Indian Lake Airport,South Indian Lake,CA
Stewart Airport,Stewart,CA
Bloodvein River Airport,Bloodvein River,CA
Shamattawa Airport,Shamattawa,CA
Ignace Municipal Airport,Ignace,CA
Churchill Falls Airport,Churchill Falls,CA
Edmonton / Villeneuve Airport,Saint Albert,CA
Lac Brochet Airport,Lac Brochet,CA
Wollaston Lake Airport,Wollaston Lake,CA
Illizi Airport,,DZ
Hamaguir Airport,,DZ
El Abiodh Sidi Cheikh Airport,,DZ
Tinfouchy Airport,,DZ
Mostaganem Airport,,DZ
Saida Airport,,DZ
Tindouf East Airport,,DZ
Blida Airport,,DZ
Bou Saada Airport,,DZ
Soummam Airport,Bejaia,DZ
Houari Boumediene Airport,Algiers,DZ
Djanet Inedbirene Airport,Djanet,DZ
Boufarik Airport,,DZ
Telerghma Airport,Telerghma,DZ
Reggane Airport,,DZ
Illizi Takhamalt Airport,Illizi,DZ
Ain Oussera Airport,,DZ
Ain Arnat Airport,Setif,DZ
Aguenar – Hadj Bey Akhamok Airport,Tamanrasset,DZ
Jijel Ferhat Abbas Airport,Jijel,DZ
Bordj Omar Driss Airport,Bordj Omar Driss,DZ
Mecheria Airport,Mecheria,DZ
Relizane Airport,,DZ
Annaba Airport,Annabah,DZ
Mohamed Boudiaf International Airport,Constantine,DZ
Oum el Bouaghi airport,Oum El Bouaghi,DZ
Cheikh Larbi Tebessi Airport,Tebessi,DZ
Batna Airport,Batna,DZ
Hassi R'Mel Airport,,DZ
Tsletsi Airport,,DZ
Dalhousie Airport,,AU
Bou Chekif Airport,Tiaret,DZ
Ouakda Airport,Bechar,DZ
Bou Sfer Airport,,DZ
Tindouf Airport,Tindouf,DZ
Chlef Aboubakr Belkaid Airport,Chlef,DZ
Tafaraoui Airport,,DZ
Zenata – Messali El Hadj Airport,Tlemcen,DZ
Es Senia Airport,Oran,DZ
Bechar Boudghene Ben Ali Lotfi Airport,Bechar,DZ
Sidi Bel Abbes Airport,,DZ
Ghriss Airport,,DZ
El Bayadh Airport,El Bayadh,DZ
In Guezzam Airport,In Guezzam,DZ
Bordj Badji Mokhtar Airport,Bordj Badji Mokhtar,DZ
Touat Cheikh Sidi Mohamed Belkebir Airport,,DZ
Biskra Airport,Biskra,DZ
El Golea Airport,,DZ
Noumerat - Moufdi Zakaria Airport,Ghardaia,DZ
Oued Irara Airport,Hassi Messaoud,DZ
In Salah Airport,In Salah,DZ
Touggourt Sidi Madhi Airport,Touggourt,DZ
Laghouat Airport,Laghouat,DZ
Guemar Airport,Guemar,DZ
Timimoun Airport,Timimoun,DZ
Ain el Beida Airport,Ouargla,DZ
In Amenas Airport,Amenas,DZ
Cadjehoun Airport,Cotonou,BJ
Cana Airport,Bohicon,BJ
Djougou Airport,Djougou,BJ
Kandi Airport,Kandi,BJ
Natitingou Airport,Natitingou,BJ
Porga Airport,Porga,BJ
Parakou Airport,Parakou,BJ
Bembereke Airport,Bembereke,BJ
Save Airport,Save,BJ
Doyle's Airport,Felton,US
Johnsons Airport,Magnolia,US
Huey Airport,Bridgeville,US
Reliance Airport,Seaford,US
Sugar Hill Airport,Greenwood,US
Spirit Airpark,Townsend,US
West Pvt Airport,Roxana,US
Ockel Farms Airport,Milton,US
Eagle Crest-Hudson Airport,Milton,US
Belfair Airport,Felton,US
Townsend A Airport,Townsend,US
Kaya Airport,Kaya,BF
Barsalogho Airport,Barsalogho,BF
Ouahigouya Airport,Ouahigouya,BF
Didyr Airport,Didyr,BF
Batie Airport,Batie,BF
Kongoussi Airport,Kongoussi,BF
Titao Airport,Titao,BF
Djibo Airport,Djibo,BF
Koudougou Airport,Koudougou,BF
Leo Airport,Leo,BF
Manga Airport,Manga,BF
Po Airport,Po,BF
Poura Airport,Poura,BF
Seguenega Airport,Seguenega,BF
Tenado Airport,Tenado,BF
Gourcy Airport,Gourcy,BF
Yako Airport,Yako,BF
Boulsa Airport,Boulsa,BF
Bogande Airport,Bogande,BF
Komin-Yanga Airport,Komin-Yanga,BF
Diapaga Airport,Diapaga,BF
Dori Airport,Dori,BF
Fada N'gourma Airport,Fada N'gourma,BF
Gorom-Gorom Airport,Gorom-Gorom,BF
Koupela Airport,Koupela,BF
Kantchari Airport,Kantchari,BF
Tambao Airport,Tambao,BF
Zorgo Airport,Zorgo,BF
Pama Airport,Pama,BF
Arly Airport,Arly,BF
Sebba Airport,Sebba,BF
Tenkodogo Airport,Tenkodogo,BF
Ouargaye Airport,Ouargaye,BF
Zabre Airport,Zabre,BF
Ouagadougou Airport,Ouagadougou,BF
Dano Airport,Dano,BF
Banfora Airport,Banfora,BF
Dedougou Airport,Dedougou,BF
Safane Airport,Safane,BF
Gaoua Airport,Gaoua,BF
Hounde Airport,Hounde,BF
Loumana Airport,Loumana,BF
Nouna Airport,Nouna,BF
Bobo Dioulasso Airport,Bobo Dioulasso,BF
Orodara Airport,Orodara,BF
Sideradougou Airport,Sideradougou,BF
Tougan Airport,Tougan,BF
Diebougou Airport,Diebougou,BF
Aribinda Airport,Aribinda,BF
Kotoka International Airport,Accra,GH
Tamale Airport,Tamale,GH
Navrongo Airport,Navrongo,GH
Wa Airport,Wa,GH
Yendi Airport,Yendi,GH
Kumasi Airport,Kumasi,GH
Sunyani Airport,Sunyani,GH
Takoradi Airport,Sekondi-Takoradi,GH
Aboisso Airport,Aboisso,CI
Port Bouet Airport,Abidjan,CI
Abengourou Airport,Abengourou,CI
Bocanda Airport,Bocanda,CI
Boundiali Airport,Boundiali,CI
Bouake Airport,,CI
Bouna Airport,Bouna,CI
Soko Airport,Bondoukou,CI
Dabou Airport,Dabou,CI
Dimbokro Airport,Dimbokro,CI
Daloa Airport,,CI
Ferkessedougou Airport,Ferkessedougou,CI
Gagnoa Airport,Gagnoa,CI
Guiglo Airport,Guiglo,CI
Nero-Mer Airport,Grand-Bereby,CI
Korhogo Airport,,CI
Man Airport,,CI
Odienne Airport,Odienne,CI
Ouango Fitini Airport,Ouango Fitini,CI
Seguela Airport,Seguela,CI
San Pedro Airport,,CI
Sassandra Airport,Sassandra,CI
Tabou Airport,Tabou,CI
Yamoussoukro Airport,Yamoussoukro,CI
Shiroro Airport,,NG
Ajaokuta Airport,,NG
Kaduna Old Airport,,NG
Bajoga Northeast Airport,Bajoga,NG
Eket Airport,,NG
Escravos Airport,,NG
Nnamdi Azikiwe International Airport,Abuja,NG
Akure Airport,Akure,NG
Asaba International Airport,Asaba,NG
Benin Airport,Benin,NG
Bida Airport,Bida,NG
Margaret Ekpo International Airport,Calabar,NG
Akanu Ibiam International Airport,Enegu,NG
Gombe Lawanti International Airport,Gombe,NG
Gusau Airport,Gusau,NG
Ibadan Airport,Ibadan,NG
Ilorin International Airport,Ilorin,NG
Sam Mbakwe International Airport,Owerri,NG
Yakubu Gowon Airport,Jos,NG
Kaduna Airport,Kaduna,NG
Mallam Aminu International Airport,Kano,NG
Maiduguri International Airport,Maiduguri,NG
Makurdi Airport,Makurdi,NG
Murtala Muhammed International Airport,Lagos,NG
Minna Airport,Minna,NG
Oshogbo Airport,Oshogbo,NG
Port Harcourt International Airport,Port Harcourt,NG
Sadiq Abubakar III International Airport,Sokoto,NG
Yola Airport,Yola,NG
Zaria Airport,Zaria,NG
Tessaoua Airport,Tessaoua,NE
Birni-N'Konni Airport,Birni-N'Konni,NE
Dogondoutchi Airport,Dogondoutchi,NE
Dosso Airport,Dosso,NE
Tera Airport,Tera,NE
Gaya Airport,Gaya,NE
Bilma Airport,Bilma,NE
Tillabery Airport,Tillabery,NE
Maradi Airport,Maradi,NE
Diori Hamani International Airport,Niamey,NE
La Tapoa Airport,La Tapoa,NE
Tahoua Airport,Tahoua,NE
Ouallam Airport,Ouallam,NE
Mano Dayak International Airport,Agadez,NE
Dirkou Airport,,NE
Diffa Airport,Diffa,NE
Goure Airport,Goure,NE
Iferouane Airport,Iferouane,NE
Arlit Airport,Arlit,NE
Maine-Soroa Airport,Maine-Soroa,NE
N'Guigmi Airport,N'Guigmi,NE
Zinder Airport,Zinder,NE
Tanout Airport,Tanout,NE
Medenine Airport,Medenine,TN
Tabarka 7 Novembre Airport,Tabarka,TN
Monastir Habib Bourguiba International Airport,Monastir,TN
Enfidha-Hammamet International Airport,Enfidha,TN
Tunis Carthage International Airport,Tunis,TN
Bizerte-Sidi Ahmed Air Base,Sidi Ahmed,TN
Remada Air Base,Remada,TN
Gafsa Ksar International Airport,Gafsa,TN
Gabes Matmata International Airport,Gabès,TN
Borj El Amri Airport,Borj El Amri,TN
Djerba Zarzis International Airport,Djerba,TN
El Borma Airport,El Borma,TN
Sfax Thyna International Airport,Sfax,TN
Tozeur Nefta International Airport,Tozeur,TN
Akpaka Airport,Atakpame,TG
Djangou Airport,Djangou,TG
Kolokope Airport,Anie,TG
Sansanne-Mango Airport,Mango,TG
Niamtougou International Airport,Niamtougou,TG
Sokode Airport,Sokode,TG
Lome-Tokoin Airport,Lome,TG
Amougies Airport,Mont-de-l'Enclus,BE
Sterpenich Airport,Arlon,BE
Avernas-le-Bauduin Airport,Hannut,BE
Antwerp International Airport (Deurne),Antwerp,BE
Beauvechain Air Base,Beauvechain,BE
Michamps Airport,Bastogne,BE
Kleine Brogel Air Base,Kleine Brogel,BE
Bullingen Airport,Bullingen,BE
Mogimont Airport,Bouillon,BE
Brussels Airport,Brussels,BE
Brasschaat Air Base,Brasschaat,BE
Wonck Airport,Bassenge,BE
Jehonville Air Base,Bertrix,BE
Baisy-Thy Airport,Genappe,BE
Buzet Airstrip,Pont-A-Celles,BE
Cerfontaine Nouv Airport,Cerfontaine,BE
Brussels South Charleroi Airport,Brussels,BE
Ronvaux Airport,Ciney,BE
Saint-Remy Airport,Chimay,BE
Chievres Air Base,Chievres,BE
Schaffen Airport,Diest,BE
Koksijde Air Base,Koksijde,BE
Florennes Air Base,Florennes,BE
Grimbergen Airport,Grimbergen,BE
Overboelare Airport,Geraardsbergen,BE
Couthuin Airport,Heron,BE
Hoevenen Airport,Hoevenen,BE
Ath/Isieres Airport,Isieres,BE
Balekeiheuvel Airport,Balen,BE
Wevelgem Airport,Wevelgem,BE
Elsenborn Airport,Butgenbach,BE
Beverlo Air Base,Leopoldsburg,BE
Liege Airport,Liege,BE
Lierneux Airport,Lierneux,BE
Liernu Airport,Eghezee,BE
Melsbroek Air Base,Brussels,BE
Matagne-la-Petite Airport,Doische,BE
Maillen Airport,Assesse,BE
Moorsele Airport,Moorsele,BE
Neerpelt Airport,Neerpelt,BE
Namur/Suarlee Airport,Namur,BE
Outer Airport,Ninove,BE
Orchimont Airport,Vresse-Sur-Semois,BE
Ostend-Bruges International Airport,Ostend,BE
Saint-Ghislain Airport,Saint Ghislain,BE
St Hubert Airport,Saint Hubert,BE
Zutendaal Air Base,Zutendaal,BE
Spa (la Sauveniere) Airport,Spa,BE
Sint Truiden Airport,Sint Truiden,BE
Saint Hubert Air Base,Saint Hubert,BE
Goetsenhoven Air Base,Tienen,BE
Theux (Verviers) Airport,Verviers,BE
Tournai/Maubray Airport,Tournai,BE
Ursel Air Base,Ursel,BE
Weelde Air Base,Weelde,BE
Kiewit Airport,Hasselt,BE
Oostmalle Air Base,Zoersel,BE
Zuienkerke Airport,Zuinkerke,BE
Genk Zwartberg Airport,Genk,BE
Bautzen Airport,Bautzen,DE
Altenburg-Nobitz Airport,Altenburg,DE
Dessau Airport,Dessau,DE
Eisenhuttenstadt Airport,Eisenhuttenstadt,DE
Grosruckerswalde Airport,Marienberg,DE
Heringsdorf Airport,Heringsdorf,DE
Segeletz Airport,Neustadt,DE
Gera-Leumnitz Airport,Gera,DE
Grosenhain Airport,Grosenhain,DE
Merseburg Airport,Merseburg,DE
Neustadt-Glewe Airport,Neustadt-Glewe,DE
Nordhausen Airport,Nordhausen,DE
Neuhausen Airport,Cottbus,DE
Halle-Oppin Airport,Oppin,DE
Pirna-Pratzschwitz Airport,Pirna,DE
Finsterwalde/Heinrichsruh Airport,Finsterwalde,DE
Nardt Airport,Hoyerswerda,DE
Riesa-Gohlis Airport,Riesa,DE
Eberswalde-Finow Airport,Eberswalde,DE
Roitzschjora Airport,Roitzschjora,DE
Rechlin-Larz Airport,Larz,DE
Strausberg Airport,Strausberg,DE
Schonhagen Airport,Trebbin,DE
Arnstadt-Alkersleben Airport,Wulfershausen,DE
Cochstedt Airport,Magdeburg,DE
Emmel Airfield Dedelow Airport,Prenzlau,DE
Brandenburg-Muhlenfeld Airport,Brandenburg an der Havel,DE
Ruppiner Land Airport,Fehrbellin,DE
Burg Airport,Burg,DE
Barth Airport,,DE
Zwickau Airport,Zwickau,DE
Jena-Schongleina Airport,Jena,DE
Kyritz Airport,Kyritz,DE
Laucha Airport,Laucha an der Unstrut,DE
Magdeburg Airport,Magdeburg,DE
Oehna Airport,Zellendorf,DE
Pinnow Airport,Pinnow,DE
Bronkow Airport,Bronkow,DE
Rothenburg/Gorlitz Airport,Rothenburg/Oberlausitz,DE
Sommerda-Dermsdorf Airport,Kolleda,DE
Allstedt Airport,Allstedt,DE
Pritzwalk-Sommersberg Airport,Pritzwalk,DE
Stralsund Airport,Stralsund,DE
Werneuchen Airport,Werneuchen,DE
Gorlitz Airport,Gorlitz,DE
Schmoldow Airport,Schmoldow,DE
Schwarzheide/Schipkau Airport,Schwarzheide,DE
Anklam Airport,Anklam,DE
Ballenstedt Airport,Ballenstedt,DE
Cottbus-Drewitz Airport,Cottbus,DE
Eggersdorf Airport,Eggersdorf,DE
Friedersdorf Airport,,DE
Rugen Airport,Rugen,DE
Sprossen Airport,Rehmsdorf,DE
Klix Airport,Bautzen,DE
Chemnitz/Jahnsdorf Airport,Chemnitz,DE
Kothen Airport,Kothen,DE
Klietz/Scharlibbe Airport,Scharlibbe,DE
Kamenz Airport,Kamenz,DE
Nauen Airport,,DE
Obermehler-Schlotheim Airport,Obermehler,DE
Peenemunde Airport,Peenemunde,DE
Aschersleben Airport,Aschersleben,DE
Rerik-Zweedorf Airport,Rerik,DE
Saarmund Airport,Saarmund,DE
Taucha Airport,Taucha,DE
Gustrow Airport,Gustrow,DE
Pasewalk Airport,Pasewalk,DE
Wismar Airport,Wismar,DE
Purkshof Airport,Rostock,DE
Spremberg-Welzow Airport,Welzow,DE
Berlin Brandenburg Airport,Berlin,DE
Dresden Airport,Dresden,DE
Erfurt Airport,Erfurt,DE
Frankfurt am Main International Airport,Frankfurt am Main,DE
Munster Osnabruck Airport,Munster,DE
Hamburg Airport,Hamburg,DE
Cologne Bonn Airport,Cologne,DE
Dusseldorf International Airport,Dusseldorf,DE
Munich International Airport,Munich,DE
Nuremberg Airport,Nuremberg,DE
Leipzig Halle Airport,Leipzig,DE
Saarbrucken Airport,Saarbrucken,DE
Stuttgart Airport,Stuttgart,DE
Berlin-Tegel International Airport,Berlin,DE
Hannover Airport,Hannover,DE
Bremen Airport,Bremen,DE
Bad Langensalza Airport,Bad Langensalza,DE
Babenhausen Airport,Babenhausen,DE
Gotha-Ost Airport,Gotha,DE
Herrenteich Airport,Hockenheim,DE
Langenlonsheim Airport,Langenlonsheim,DE
Mosenberg Airport,Homburg,DE
Heppenheim Airport,Heppenheim,DE
Muhlhausen Airport,Muhlhausen,DE
Wasserkuppe Airport,Gersfeld,DE
Walldurn Airport,Walldurn,DE
Anspach/Taunus Airport,Anspach,DE
Reichelsheim Airport,Reichelsheim,DE
Aschaffenburg Airport,Aschaffenburg,DE
Bad Neustadt/Saale-Grasberg Airport,Bad Neustadt a.d.Saale,DE
Frankfurt-Egelsbach Airport,Egelsbach,DE
Gelnhausen Airport,Gelnhausen,DE
Frankfurt-Hahn Airport,Hahn,DE
Hirzenhain Airport,Hirzenhain,DE
Lager Hammelburg Airport,Hammelburg,DE
Bad Kissingen Airport,Bad Kissingen,DE
Giesen-Lutzellinden Airport,Giesen,DE
Mannheim-City Airport,Mannheim,DE
Marburg-Schonstadt Airport,Marburg,DE
Michelstadt/Odenwald Airport,Michelstadt,DE
Ober-Morlen Airport,Ober-Morlen,DE
Allendorf/Eder Airport,Allendorf,DE
Rothenburg o. d. T. Airport,Rothenburg ob der Tauber,DE
Schweinfurt-Sud Airport,Schweinfurt,DE
Lauterbach Airport,Lauterbach,DE
Mainbullau Airport,Miltenberg,DE
Worms Airport,Worms,DE
Wurzburg-Schenkenturm Airport,Wurzburg,DE
Hockenheim Airport,Hockenheim,DE
Elz Airport,Limburg an der Lahn,DE
Mainz-Finthen Airport,Mainz,DE
Ailertchen Airport,Ailertchen,DE
Breitscheid Airport,Breitscheid,DE
Eisenach-Kindel Airport,Eisenach,DE
Fulda-Jossa Airport,Fulda,DE
Hettstadt Airport,Hettstadt,DE
Ingelfingen-Buhlhof Airport,Ingelfingen,DE
Ochsenfurt Airport,Ochsenfurt,DE
Korbach Airport,Korbach,DE
Ludwigshafen Airfield,Dannstadt,DE
Mosbach-Lohrbach Airport,Mosbach,DE
Oppenheim Airport,Oppenheim,DE
Schameder Airport,Schameder,DE
Giesen-Reiskirchen Airport,Giesen,DE
Siegerland Airport,,DE
Bottenhorn Airport,Bottenhorn,DE
Unterschupf Airport,Unterschupf,DE
Wolfhagen „Graner Berg“ Airport,Wolfhagen,DE
Walldorf Airport,Walldorf,DE
Kitzingen Airport,Kitzingen,DE
Weinheim/Bergstrase Airport,Weinheim,DE
Grube Airport,Grube,DE
Luchow-Rehbeck Airport,Luchow,DE
Uetersen/Heist Airport,Uetersen,DE
Itzehoe/Hungriger Wolf Airport,Itzehoe,DE
Luneburg Airport,Luneburg,DE
Hamburg-Finkenwerder Airport,Hamburg,DE
Kiel-Holtenau Airport,Kiel,DE
Lubeck Blankensee Airport,Lubeck,DE
Hartenholm Airport,Hasenmoor,DE
Neumunster Airport,Neumunster,DE
Ahrenlohe Airport,Tornesch,DE
Pellworm Airport,Pellworm,DE
Stade Airport,Stade,DE
Lauenbruck Airport,Lauenbruck,DE
Wahlstedt Airport,Wahlstedt,DE
Memmingen Allgau Airport,Memmingen,DE
Aachen-Merzbruck Airport,Aachen,DE
Bonn-Hangelar Airport,Bonn,DE
Altena-Hegenscheid Airport,Altena,DE
Bergneustadt/Auf dem Dumpel Airport,Bergneustadt,DE
Hunsborn Airport,Freudenberg,DE
Betzdorf-Kirchen Airport,Betzdorf,DE
Leverkusen Airport,Leverkusen,DE
Meschede-Schuren Airport,Meschede,DE
Wipperfurth-Neye Airport,Wipperfurth,DE
Brilon/Hochsauerlandkreis Airport,Brilon,DE
Plettenberg-Huinghausen Airport,Plettenberg,DE
Schmallenberg-Rennefeld Airport,Schmallenberg,DE
Attendorn-Finnentrop Airport,Attendorn,DE
Dahlemer Binz Airport,Dahlheim,DE
Werdohl-Kuntrop Airport,Werdohl,DE
Meinerzhagen Airport,Meinerzhagen,DE
Arnsberg-Menden Airport,Neheim-Husten,DE
Borkenberge Airport,Dulmen,DE
Kamp-Lintfort Airport,Rheinberg,DE
Dinslaken/Schwarze Heide Airport,Bottrop-Kirchhellen,DE
Essen Mulheim Airport,,DE
Grefrath-Niershorst Airport,Grefrath,DE
Goch-Asperden Airport,Goch,DE
Hamm-Lippewiesen Airport,Hamm,DE
Bielefeld Airport,Bielefeld,DE
Detmold Airport,Detmold,DE
Krefeld-Egelsberg Airport,Krefeld,DE
Marl Loemuhle Airport,Marl,DE
Monchengladbach Airport,Monchengladbach,DE
Oerlinghausen Airport,Oerlinghausen,DE
Paderborn Lippstadt Airport,Paderborn,DE
Paderborn-Haxterberg Airport,Paderborn,DE
Stadtlohn-Vreden Airport,Stadtlohn,DE
Munster-Telgte Airport,Munster,DE
Oelde Bergeler Airport,,DE
Niederrhein Airport,Weeze,DE
Dortmund Airport,Dortmund,DE
Wesel-Romerwardt Airport,Wesel,DE
Borken-Hoxfeld Airport,Borken,DE
Soest/Bad Sassendorf Airport,Bad Sassendorf,DE
Augsburg Airport,Augsburg,DE
Biberach a.d. Ris Airport,Biberach an der Ris,DE
Blaubeuren Airport,Blaubeuren,DE
Dachau-Grobenried Airport,Dachau,DE
Eggenfelden Airport,Eggenfelden,DE
Furstenzell Airport,Furstenzell,DE
Gunzburg-Donauried Airport,Gunzburg,DE
Gunzenhausen-Reutberg Airport,Gunzenhausen,DE
Illertissen Airport,Illertissen,DE
Jesenwang Airport,Jesenwang,DE
Kempten-Durach Airport,Kempten,DE
Landshut Airport,Landshut,DE
Mindelheim-Mattsies Airport,Mindelheim,DE
Oberpfaffenhofen Airport,,DE
Vilsbiburg Airport,Vilsbiburg,DE
Donauworth-Genderkingen Airport,Donauworth,DE
Straubing Airport,Straubing,DE
Tannheim Airport,Tannheim,DE
Gundelfingen Airport,Gundelfingen a.d.Donau,DE
Vilshofen Airport,Vilshofen,DE
Deggendorf Airport,Deggendorf,DE
Muhldorf Airport,Muhldorf am Inn,DE
Ampfing-Waldkraiburg Airport,Ampfing,DE
Arnbruck Airport,Arnbruck,DE
Beilngries Airport,Beilngries,DE
Dinkelsbuhl-Sinbronn Airport,Dinkelsbuhl,DE
Erbach Airport,Erbach,DE
Elsenthal Grafe Airport,,DE
Giengen/Brenz Airport,Giengen an der Brenz,DE
Bad Worishofen-Nord Airport,Bad Worishofen,DE
Berching Airport,Berching,DE
Neuburg-Egweil Airport,Neuburg an der Donau,DE
Kirchdorf/Inn Airport,Kirchdorf am Inn,DE
Leutkirch-Unterzeil Airport,Leutkirch,DE
Nittenau-Bruck Airport,Nittenau,DE
Nordlingen Airport,Nordlingen,DE
Pfarrkirchen Airport,Pfarrkirchen,DE
Bopfingen Airport,Bopfingen,DE
Regensburg-Oberhub Airport,Regensburg,DE
Schwabmunchen Airport,Schwabmunchen,DE
Treuchtlingen-Bubenheim Airport,Treuchtlingen,DE
Thannhausen Airport,Thannhausen,DE
Vogtareuth Airport,Vogtareuth,DE
Weisenhorn Airport,Weisenhorn,DE
Oberschleisheim Airfield,Oberschleisheim,DE
Friedrichshafen Airport,Friedrichshafen,DE
Zell-Haidberg Airport,Zell im Fichtelgebirge,DE
Auerbach Airport,Auerbach/Vogtl.,DE
Bad Berka Airport,Bad Berka,DE
Gardelegen Airport,Gardelegen,DE
Reinsdorf Airport,Reinsdorf,DE
Bohlen Airport,Bohlen,DE
Bad Frankenhausen Airport,Bad Frankenhausen,DE
Torgau-Beilrode Airport,Torgau,DE
Langhennersdorf Airport,Freiberg,DE
Bienenfarm Airport,Nauen,DE
Lusse Airport,Lusse,DE
Rudolstadt-Groschwitz Airport,Rudolstadt,DE
Oschersleben Airport,Oschersleben,DE
Klein Muhlingen Airport,Calbe,DE
Neuhardenberg Airport,Neuhardenberg,DE
Schwerin Parchim Airport,,DE
Oschatz Airport,Oschatz,DE
Stolln-Rhinow Airport,Rhinow,DE
Pennewitz Airport,Pennewitz,DE
Greiz-Obergrochlitz Airport,Greiz,DE
Weimar-Umpferstedt Airport,Weimar,DE
Stendal-Borstel Airport,Stendal,DE
Waren-Vielist Airport,Waren,DE
Renneritz Airport,Sandersdorf,DE
Schonebeck-Zackmunde Airport,Schonebeck,DE
Aalen-Heidenheim/Elchingen Airport,Aalen,DE
Bad Ditzenbach Airport,Bad Ditzenbach,DE
Bad Endorf Joll Airport,,DE
Dingolfing Airport,Dingolfing,DE
Eichstatt Airport,Eichstatt,DE
Schwandorf Airport,Schwandorf,DE
Griesau Airport,Pfatter,DE
Schwabach-Heidenberg Airport,Schwabach,DE
Laichingen Airport,Laichingen,DE
Schonberg Airport,Seebruck,DE
Donzdorf Airport,Donzdorf,DE
Neumarkt/Obf. Airport,Neumarkt in der Oberpfalz,DE
Schmidgaden Airport,Schmidgaden,DE
Sonnen Airport,Waldkirchen,DE
Gerstetten Airport,Gerstetten,DE
Bartholoma-Amalienhof Airport,Bartholoma,DE
Thalmassing-Waizenhofen Airport,Thalmassing,DE
Ellwangen Airport,Ellwangen,DE
Bamberg-Breitenau Airfield,Bamberg,DE
Bad Windsheim Airport,Bad Windsheim,DE
Coburg-Brandensteinsebene Airport,Coburg,DE
Bayreuth Airport,Bayreuth,DE
Burg Feuerstein Airport,Ebermannstadt,DE
Ansbach-Petersdorf Airport,Ansbach,DE
Giebelstadt Airport,Giebelstadt,DE
Herzogenaurach Airport,Herzogenaurach,DE
Lauf-Lillinghof Airport,Lauf an der Pegnitz,DE
Kulmbach Airport,Kulmbach,DE
Lichtenfels Airport,Lichtenfels,DE
Hof-Plauen Airport,Hof,DE
Neustadt/Aisch Airport,Neustadt an der Aisch,DE
Ottengruner Heide Airport,Helmbrechts,DE
Rosenthal-Field Plossen Airport,Speichersdorf,DE
Ebern-Sendelbach Airport,Ebern,DE
Suhl-Goldlauter Airport,Goldlauter-Heidersbach,DE
Hasfurt-Schweinfurt Airport,Hasfurt,DE
Weiden in der Oberpfalz Airport,Weiden in der Oberpfalz,DE
Hetzleser Berg Airport,Neunkirchen am Brand,DE
Coburg-Steinrucken Airport,Coburg,DE
Pegnitz-Zipser Berg Airport,Pegnitz,DE
Bad Neuenahr-Ahrweiler Airport,Bad Neuenahr,DE
Bitburg Airport,Bitburg,DE
Neumagen-Dhron Airport,Neumagen,DE
Bad Durkheim Airport,Bad Durkheim,DE
Idar-Oberstein/Gottschied Airport,Idar-Oberstein,DE
Hoppstadten-Weiersbach Airport,Hoppstadten,DE
Linkenheim Airport,Linkenheim,DE
Saarlouis-Duren Airport,Saarlouis,DE
Koblenz-Winningen Airport,Koblenz,DE
Lachen-Speyerdorf Airport,Neustadt an der Weinstrase,DE
Traben-Trarbach/Mont Royal Airport,Traben-Trarbach,DE
Nannhausen Airport,Simmern,DE
Schweighofen Airport,Schweighofen,DE
Pirmasens Airport,Pirmasens,DE
Bad Sobernheim-Domberg Airport,Bad Sobernheim,DE
Trier-Fohren Airport,Trier,DE
Wershofen/Eifel Airport,Aremberg,DE
Dierdorf-Wienau Airport,Dierdorf,DE
Speyer Airport,Speyer,DE
Zweibrucken Airport,Zweibrucken,DE
Albstadt-Degerfeld Airport,Albstadt,DE
Karlsruhe Baden-Baden Airport,Baden-Baden,DE
Leipheim Air Base,Leipheim,DE
Grabenstetten Airport,Grabenstetten,DE
Backnang-Heiningen Airport,Backnang,DE
Binningen Airport,Binningen,DE
Kehl-Sundheim Airport,Kehl,DE
Blumberg Airport,Blumberg,DE
Neuhausen ob Eck Airport,Neuhausen ob Eck,DE
Altdorf-Wallburg Airport,Altdorf,DE
Rottweil-Zepfenhahn Airport,Rottweil,DE
Baden-Oos Airport,Baden-Baden,DE
Bruchsal Airport,Bruchsal,DE
Donaueschingen-Villingen Airport,Donaueschingen,DE
Freiburg i. Br. Airport,Freiburg im Breisgau,DE
Bremgarten Airport,Bremgarten,DE
Heubach Airport,Heubach,DE
Karlsruhe-Forchheim Airport,,DE
Lahr Airport,,DE
Mengen-Hohentengen Airport,Mengen,DE
Nabern/Teck Airport,Nabern,DE
Offenburg Airport,Offenburg,DE
Pfullendorf Airport,Pfullendorf,DE
Pattonville Airport,Pattonville,DE
Herten-Rheinfelden Airport,Rheinfelden,DE
Schwenningen am Neckar Airport,Villingen-Schwenningen,DE
Saulgau Airport,Bad Saulgau,DE
Winzeln-Schramberg Airport,Schramberg,DE
Schwabisch Hall-Weckrieden Airport,Schwabisch Hall,DE
Adolf Wurth Airport,Schwabisch Hall,DE
Konstanz Airport,Konstanz,DE
Stechow-Ferchesar Airport,Stechow-Ferchesar,DE
Brandenburg-Briest Airport,Brandenburg an der Havel,DE
Briesen Brand Airport,,DE
Falkenberg-Lonnewitz Airport,Uebigau-Wahrenbruck,DE
Oberrissdorf Airport,Lutherstadt Eisleben,DE
Finsterwalde/Schacksdorf Airport,Finsterwalde,DE
Tutow Airport,Demmin,DE
Welzow-Sedlitzer See Airport,Welzow,DE
Zerbst Airport,Zerbst/Anhalt,DE
Bad Gandersheim Airport,Bad Gandersheim,DE
Celle-Arloh Airport,Celle,DE
Braunschweig Wolfsburg Airport,,DE
Blomberg-Borkhausen Airport,Blomberg,DE
Mengeringhausen Airport,Mengeringhausen,DE
Hodenhagen Airport,Hodenhagen,DE
Hoxter-Holzminden Airport,Hoxter,DE
Salzgitter-Schaferstuhl Airport,Salzgitter,DE
Kassel-Calden Airport,Kassel,DE
Holleberg Airport,Trendelburg,DE
Hildesheim Airport,Hildesheim,DE
Northeim Airport,Northeim,DE
Rinteln Airport,Rinteln,DE
Salzgitter-Drutte Airport,Salzgitter,DE
Uelzen Airport,Uelzen,DE
Hameln-Pyrmont Airport,Bad Pyrmont,DE
Porta Westfalica Airport,Bad Oeynhausen,DE
Bordelum Airport,Bredstedt,DE
Bremerhaven Airport,Bremerhaven,DE
Damme Airport,Damme,DE
Emden Airport,Emden,DE
Leer-Papenburg Airport,Leer,DE
Wangerooge Airport,Wangerooge,DE
Oldenburg-Hatten Airport,Oldenburg,DE
Wilhelmshaven-Mariensiel Airport,Wilhelmshaven,DE
Juist Airport,Juist,DE
Karlshofen Airport,Karlshofen,DE
Langeoog Airport,Langeoog,DE
Weser-Wumme Airport,Rotenburg (Wumme),DE
Nordhorn-Lingen Airport,Klausheide,DE
Osnabruck-Atterheide Airport,Osnabruck,DE
Wiefelstede/Conneforde Airport,Wiefelstede,DE
Ganderkesee Atlas Airfield Airport,Ganderkesee,DE
Borkum Airport,Borkum,DE
Norden-Norddeich Airport,Norddeich,DE
Varrelbusch Airport,Cloppenburg,DE
Verden-Scharnhorst Airport,Verden (Aller),DE
Westerstede-Felde Airport,Westerstede,DE
Norderney Airport,Norderney,DE
Baltrum Airport,Baltrum,DE
Achmer Airport,Bramsche,DE
Heide-Busum Airport,Busum,DE
Schleswig-Kropp Airport,Schleswig,DE
Bohmte-Bad Essen Airport,Bohmte,DE
Rheine-Eschendorf Airport,Rheine,DE
Flensburg-Schäferhaus Airport,Flensburg,DE
Melle-Gronegau Airport,Melle,DE
Helgoland-Dune Airport,Helgoland,DE
Nienburg-Holzbalge Airport,Nienburg/Weser,DE
Husum-Schwesing Airport,Husum,DE
Leck Airport,Leck,DE
Barsel Airport,Barsel,DE
St. Michaelisdonn Airport,Sankt Michaelisdonn,DE
Nordholz-Spieka Airport,Cuxhaven,DE
St. Peter-Ording Airport,Sankt Peter-Ording,DE
Harle Airport,Harlesiel,DE
Rotenburg (Wumme) Airport,Rotenburg (Wumme),DE
Rendsburg-Schachtholm Airport,Rendsburg,DE
Seedorf Airport,Seedorf,DE
Sierksdorf/Hof Altona Airport,Sierksdorf,DE
Huttenbusch Airport,Huttenbusch,DE
Westerland Sylt Airport,Westerland,DE
Wyk auf Fohr Airport,Wyk auf Fohr,DE
Kuhrstedt-Bederkesa Airport,Kuhrstedt,DE
Amari Air Base,Keila,EE
Johvi Airfield,Johvi,EE
Kardla Airport,Kardla,EE
Kuressaare Airport,Kuressaare,EE
Kihnu Airfield,Saarekula,EE
Narva Estonia Airport,Narva,EE
Nurmsi Airport,Nurmsi,EE
Parnu Airport,Parnu,EE
Rapla Airfield,Rapla,EE
Ridali Airfield,Suurkula,EE
Ruhnu Airfield,Ringsu,EE
Tapa Airfield,Tapa,EE
Tallinn Airport,Tallinn,EE
Tartu Airport,Tartu,EE
Viljandi Airfield,Viljandi,EE
Aavahelukka Airport,,FI
Ahmosuo Airport,Oulu,FI
Alavus Airport,Alavus,FI
Enontekio Airport,Enontekio,FI
Eura Airport,,FI
Forssa Airport,Forssa,FI
Genbole Airport,Genbole,FI
Halli Airport,Halli / Kuorevesi,FI
Haapamaki Airport,,FI
Haapajarvi Airport,Haapajarvi,FI
Helsinki Vantaa Airport,Helsinki,FI
Hailuoto Airport,,FI
Hameenkyro Airport,,FI
Hanko Airport,,FI
Haapavesi Airport,Haapavesi,FI
Hyvinkaa Airport,,FI
Iisalmi Airport,Iisalmi,FI
Kiikala Airport,,FI
Immola Airport,,FI
Kitee Airport,,FI
Ivalo Airport,Ivalo,FI
Jamijarvi Airport,Jamijarvi,FI
Joensuu Airport,Joensuu / Liperi,FI
Jakalapaa Airport,,FI
Jyvaskyla Airport,Jyvaskylan Maalaiskunta,FI
Kauhava Airport,Kauhava,FI
Kemi-Tornio Airport,Kemi / Tornio,FI
Kumlinge Airport,,FI
Kuhmo Airport,,FI
Kajaani Airport,Kajaani,FI
Kauhajoki Airport,,FI
Kruunupyy Airport,Kokkola / Kruunupyy,FI
Kemijarvi Airport,,FI
Kannus Airport,,FI
Kalajoki Airport,,FI
Karsamaki Airport,Karsamaki,FI
Kuusamo Airport,Kuusamo,FI
Kittila Airport,Kittila,FI
Kuopio Airport,Kuopio / Siilinjarvi,FI
Kivijarvi Airport,,FI
Kymi Airport,Peippola,FI
Lahti Vesivehmaa Airport,,FI
Lapinlahti Airport,Lammake,FI
Lieksa Nurmes Airport,,FI
Lappeenranta Airport,Lappeenranta,FI
Mariehamn Airport,,FI
Menkijarvi Airport,,FI
Mikkeli Airport,Mikkeli,FI
Mantsala Airport,Mantsala,FI
Martiniiskonpalo Airport,,FI
Savikko Airport,,FI
Nummela Airport,,FI
Oripaa Airport,Oripaa,FI
Oulu Airport,Oulu / Oulunsalo,FI
Pokka Airport,,FI
Pyhoselka Airport,,FI
Piikajarvi Airport,,FI
Pieksamaki Airport,Pieksamaki,FI
Punkaharju Airport,,FI
Pori Airport,Pori,FI
Pudasjarvi Airport,,FI
Pyhasalmi Airport,Pyhajarvi,FI
Rautavaara Airport,,FI
Raahe Pattijoki Airport,,FI
Rantasalmi Airport,,FI
Rovaniemi Airport,Rovaniemi,FI
Ranua Airport,,FI
Kiuruvesi Airport,,FI
Rayskala Airport,,FI
Savonlinna Airport,Savonlinna,FI
Selanpaa Airport,,FI
Seinajoki Airport,Seinajoki / Ilmajoki,FI
Sonkajarvi Jyrkk Airport,,FI
Sodankyla Airport,Sodankyla,FI
Suomussalmi Airport,,FI
Torbacka Airport,,FI
Tampere-Pirkkala Airport,Tampere / Pirkkala,FI
Teisko Airport,Tampere,FI
Turku Airport,Turku,FI
Utti Air Base,Utti / Valkeala,FI
Vaasa Airport,Vaasa,FI
Viitasaari Airport,,FI
Vaala Airport,,FI
Vampula Airport,,FI
Varkaus Airport,Varkaus / Joroinen,FI
Sulkaharju Airport,,FI
Vuotso Airport,Vuotso,FI
Wredeby Airport,,FI
Ylivieska Airport,,FI
Audley End Airfield,Safron Waldon,GB
Badminton Airfield,Badminton,GB
Breighton Airfield,Breighton,GB
Canterbury Airfield,Canterbury,GB
Cromer/Northrepps Aerodrome,Cromer,GB
Eshott Airfield,Eshott,GB
Fadmoor Airfield,Kirbymoorside,GB
Ledbury Airport,Ledbury,GB
Millfield,,GB
RAF Rufforth,York,GB
Fearn Airport,Fearn,GB
Bruntingthorpe Airport,Bruntingthorpe,GB
Belfast International Airport,Belfast,GB
St Angelo Airport,Enniskillen,GB
George Best Belfast City Airport,Belfast,GB
Newtownards Airport,Newtownards,GB
City of Derry Airport,Derry,GB
Halley Research Station,,AQ
Langford Lodge Airport,Belfast,GB
Rothera Research Station,,AQ
Birmingham International Airport,Birmingham,GB
Derby Airfield,Derby,GB
Coventry Airport,Coventry,GB
Bedford Aerodrome,Bedford,GB
Leicester Airport,Leicester,GB
Gloucestershire Airport,Staverton,GB
Sywell Aerodrome,Northampton,GB
Long Marston Airfield,Long Marston,GB
Tatenhill Airfield,Burton upon Trent,GB
Nottingham Airport,Nottingham,GB
Wolverhampton Halfpenny Green Airport,Wolverhampton,GB
Kemble Airport,Kemble,GB
Breighton Airfield,Breighton,GB
Shobdon Aerodrome,Shobdon,GB
Turweston Airport,Turweston,GB
Wellesbourne Mountford Airport,Stratford-on-Avon,GB
City Airport Manchester,Manchester / Salford,GB
Manchester Airport,Manchester,GB
Manchester Woodford Airport,Manchester,GB
Sandtoft Airfield,Belton,GB
Sherburn-In-Elmet Airfield,Selby,GB
Caernarfon Airport,Caernarfon,GB
Fenland Airfield,Spalding,GB
Birkdale Sands Airport,Southport,GB
Thorne Airport,Thorne,GB
Ashcroft Airfield,Winsford,GB
Sturgate Airfield,Lincoln,GB
Tilstock Airfield,Whitchurch,GB
Sleap Airport,Shrewsbury,GB
Welshpool Airport,Welshpool,GB
Royal Marines Base Chivenor Airport,Chivenor,GB
Bicester Airfield,Bicester,GB
Upavon Aerodrome,Upavon,GB
MoD Boscombe Down Airport,Amesbury,GB
Netheravon Airfield,Netheravon,GB
Predannack Airport,Predannack Wollas,GB
RNAS Culdrose,Helston,GB
Wroughton Airfield,Wroughton,GB
Hullavington Airfield,Hullavington,GB
Merryfield Airfield,Ilminster,GB
MOD St. Athan,St. Athan,GB
RNAS Yeovilton,Yeovil,GB
Campbeltown Airport,Campbeltown,GB
Eday Airport,Eday,GB
Fair Isle Airport,Fair Isle,GB
Whalsay Airport,Whalsay,GB
Coll Airport,Coll Island,GB
North Ronaldsay Airport,North Ronaldsay,GB
Oban Airport,North Connel,GB
Papa Westray Airport,Papa Westray,GB
Stronsay Airport,Stronsay,GB
Sanday Airport,Sanday,GB
Lerwick / Tingwall Airport,Lerwick,GB
Westray Airport,Westray,GB
Colonsay Airstrip,Colonsay,GB
Aberporth Airport,Aberporth,GB
Haverfordwest Airport,Haverfordwest,GB
Cardiff International Airport,Cardiff,GB
Swansea Airport,Swansea,GB
Pembrey Airport,Pembrey,GB
Bristol International Airport,Bristol,GB
Liverpool John Lennon Airport,Liverpool,GB
London Luton Airport,London,GB
Compton Abbas Aerodrome,Shaftesbury,GB
Maypole Airport,Maypole,GB
Land's End Airport,Land's End,GB
St. Mary's Airport,St. Mary's,GB
RNAS Lee-On-Solent,Lee-on-Solent,GB
Yeovil/Westland Aerodrome,Yeovil,GB
Bournemouth Airport,Bournemouth,GB
Southampton Airport,Southampton,GB
Bembridge Airport,Bembridge,GB
Lasham Airport,Lasham,GB
Isle of Wight / Sandown Airport,Sandown,GB
Thruxton Aerodrome,Andover,GB
Popham Airport,Basingstoke,GB
Newquay Cornwall Airport,Newquay,GB
Chichester/Goodwood Airport,Chichester,GB
Henstridge Airfield,Henstridge,GB
Eaglescott Airfield,Burrington,GB
Truro Airport,Truro,GB
Alderney Airport,Saint Anne,GG
Guernsey Airport,Saint Peter Port,GG
Jersey Airport,Saint Helier,JE
Shoreham Airport,Brighton,GB
London Biggin Hill Airport,London,GB
Challock Airfield,Challock,GB
Lashenden (Headcorn) Airfield,Maidstone,GB
London Gatwick Airport,London,GB
Deanland Lewes Airport,Lewes,GB
Redhill Aerodrome,Redhill,GB
Bodmin Airfield,Bodmin,GB
London City Airport,London,GB
Denham Aerodrome,Gerrards Cross,GB
Farnborough Airport,Farnborough,GB
Panshanger Aerodrome,Hertford,GB
Chalgrove Airport,Chalgrove,GB
Blackbushe Airport,Yateley,GB
London Heathrow Airport,London,GB
White Waltham Airfield,Maidenhead,GB
Brimpton Airfield,,GB
Old Sarum Airfield,Salisbury,GB
Fowlmere Airfield,Cambridge,GB
Southend Airport,Southend,GB
Lydd Airport,Lydd,GB
Farthing Corner/Stoneacre Farm Airport,Bredhurst,GB
Kent International Airport,Manston,GB
Little Gransden Airfield,St. Neot's,GB
Damyns Hall Aerodrome,Upminster,GB
Hucknall Airfield,Nottingham,GB
Brough Airport,Brough,GB
Carlisle Airport,Carlisle,GB
HUDDERSFIELD (Crosland Moor),Huddersfield,GB
Retford Gamston Airport,Gamston,GB
Netherthorpe Airfield,Worksop,GB
Bagby Thirsk Prv Airport,Bagby,GB
Blackpool International Airport,Blackpool,GB
Skegness (Ingoldmells) Aerodrome,Skegness,GB
Humberside Airport,Grimsby,GB
Barrow Walney Island Airport,Barrow-in-Furness,GB
Leeds Bradford Airport,Leeds,GB
Warton Airport,Warton,GB
Hawarden Airport,Hawarden,GB
Isle of Man Airport,Castletown,IM
Newcastle Airport,Newcastle,GB
Durham Tees Valley Airport,Durham,GB
Wickenby Aerodrome,Lincoln,GB
East Midlands Airport,Nottingham,GB
Beverley/Linley Hill Airport,Beverley,GB
Llanbedr Airport,Llanbedr,GB
RAF Ternhill,Ternhill,GB
RAF Spadeadam,Spadeadam,GB
RAF Mona,Holyhead Island,GB
RAF Shawbury,Shawbury,GB
Anglesey Airport,Angelsey,GB
RAF Woodvale,Southport,GB
RAF West Freugh,Wigtownshire,GB
Kirkwall Airport,Orkney Islands,GB
Sumburgh Airport,Lerwick,GB
Wick Airport,Wick,GB
Aberdeen Dyce Airport,Aberdeen,GB
Inverness Airport,Inverness,GB
Glasgow International Airport,Glasgow,GB
Cumbernauld Airport,Cumbernauld,GB
Edinburgh Airport,Edinburgh,GB
Islay Airport,Port Ellen,GB
Fife Airport,,GB
Glasgow Prestwick Airport,Glasgow,GB
Benbecula Airport,Balivanich,GB
Dundee Airport,Dundee,GB
Stornoway Airport,Stornoway,GB
Barra Airport,Eoligarry,GB
Perth/Scone Airport,Perth,GB
Tiree Airport,Balemartine,GB
Unst Airport,Shetland Islands,GB
Dounreay/Thurso Airport,Thurso,GB
Ballykelly Airport,Ballykelly,GB
RAF Kinloss,Kinloss,GB
RAF Leuchars,St. Andrews,GB
RAF Lossiemouth,Lossiemouth,GB
Shipdham Airfield,East Dereham,GB
Cambridge Airport,Cambridge,GB
Peterborough Business Airport,Conington,GB
Stapleford Aerodrome,Stapleford Tawney,GB
Norwich International Airport,Norwich,GB
Mashland Airfield,Wisbech,GB
Seething Airfield,Seething,GB
Andrewsfield Airport,Braintree,GB
Beccles Airport,Beccles,GB
Bourn Airport,Cambridge,GB
Crowfield Airfield,Stowmarket,GB
Peterborough/Sibson Airport,Peterborough,GB
Clacton Airport,Clacton-on-Sea,GB
Earls Colne Airfield,Earles Colne,GB
London Stansted Airport,London,GB
Elmsett Airport,Hadleigh,GB
Duxford Airport,Duxford,GB
Old Buckenham Airport,Old Buckenham,GB
Newmarket Heath Airfield,Newmarket,GB
North Weald Airport,North Weald Bassett,GB
Aylesbury/Thame Airport,Aylesbury,GB
Wycombe Air Park,High Wycombe,GB
Cranfield Airport,Cranfield,GB
Dunsfold Aerodrome,Dunsfold,GB
Exeter International Airport,Exeter,GB
Fairoaks Airport,Woking,GB
Old Warden Airfield,Old Warden,GB
Oxford (Kidlington) Airport,Kidlington,GB
Enstone Aerodrome,Oxfordshire,GB
Rochester Airport,Rochester,GB
Perranporth Airfield,Perranporth,GB
Elstree Airfield,Watford,GB
Dunkeswell Airport,Dunkeswell,GB
Oaksey Park Airport,Malmesbury,GB
RAF Benson,Benson,GB
RAF Abingdon,Abingdon,GB
Waterbeach Airfield,Waterbeach,GB
RAF Lakenheath,Lakenheath,GB
RAF Mildenhall,Mildenhall,GB
Colerne Airport,Colerne,GB
RAF Sculthorpe,Fakeham,GB
RAF Wattisham,Stowmarket,GB
RAF Wyton,St. Ives,GB
RAF Fairford,Fairford,GB
RAF Brize Norton,Brize Norton,GB
RAF Odiham,Odiham,GB
Middle Wallop Airfield,Middle Wallop,GB
Wethersfield Airport,Wethersfield,GB
DCAE Cosford Airport,Cosford,GB
RAF Henlow,Henlow,GB
RAF Halton,Halton,GB
RAF Northolt,London,GB
RAF Coningsby,Coningsby,GB
RAF Dishforth,Dishforth,GB
Leeming Airport,Leeming,GB
RAF Church Fenton,Church Fenton,GB
RAF Honington,Thetford,GB
RAF Cottesmore,Cottesmore,GB
RAF Scampton,Scampton,GB
RAF Wittering,Wittering,GB
RAF Linton-On-Ouse,Linton-On-Ouse,GB
RAF Leconfield,Leconfield,GB
RAF Waddington,Waddington,GB
RAF Syerston,Newark,GB
RAF Topcliffe,Topcliffe,GB
RAF Cranwell,Cranwell,GB
RAF Barkston Heath,Grantham,GB
Elvington Airfield,York,GB
RAF Marham,Marham,GB
Mount Pleasant Airport,Mount Pleasant,FK
Ameland Airport,Ameland,NL
Amsterdam Airport Schiphol,Amsterdam,NL
Budel Airport,Weert,NL
Maastricht Aachen Airport,Maastricht,NL
Deelen Air Base,Arnhem,NL
De Peel Air Base,Venray,NL
Drachten Airport,Drachten,NL
Aero Club Salland,Lemelerveld,NL
Eindhoven Airport,Eindhoven,NL
Eelde Airport,Groningen,NL
Gilze Rijen Air Base,Breda,NL
Hoogeveen Airport,Hoogeveen,NL
Hilversum Airport,Hilversum,NL
De Kooy Airport,Den Helder,NL
Lelystad Airport,Lelystad,NL
Leeuwarden Air Base,Leeuwarden,NL
Midden-Zeeland Airport,Middelburg,NL
Oostwold Airport,Oostwold,NL
Rotterdam Airport,Rotterdam,NL
Seppe Airport,Hoeven,NL
Stadskanaal Airport,Stadskanaal,NL
Teuge Airport,Deventer,NL
Terlet Airport,Terlet,NL
Twenthe Airport,Enschede,NL
Texel Airport,Texel,NL
Volkel Air Base,Uden,NL
Woensdrecht Air Base,Bergen Op Zoom,NL
Abbeyshrule Aerodrome,Abbeyshrule,IE
Ballyboughal Aerodrome,Fingal,IE
Brittas Bay Airport,Brittas Bay,IE
Bantry Aerodrome,Bantry,IE
Birr Aerodrome,Birr,IE
Belmullet Aerodrome,Belmullet,IE
Connemara Regional Airport,Inverin,IE
Castlebar Airport,Castlebar,IE
Castlebridge Airport,Wexford,IE
Cork Airport,Cork,IE
Clonbullogue Aerodrome,Clonbullogue,IE
Galway Airport,Galway,IE
Coonagh Aerodrome,Limerick,IE
Castleforbes Airport,Castleforbes,IE
Donegal Airport,Donegal,IE
Dublin Airport,Dublin,IE
Erinagh Airport,Nenagh,IE
Gowran Grange Aerodrome,Swordlestown,IE
Hacketstown Aerodrome,Hacketstown,IE
Inishmore Aerodrome,Inis Mor,IE
Inisheer Aerodrome,Inis Oirr,IE
Kildare Aerodrome,Kilrush,IE
Killenaule Airport,Killenaule,IE
Kilkenny Airport,Kilkenny,IE
Ireland West Knock Airport,Charleston,IE
Kerry Airport,Killarney,IE
Letterkenny Airport,Letterkenny,IE
Casement Air Base,Baldonnel,IE
Moneygall Aerodrome,Moneygall,IE
Athboy Airport,Athboy,IE
Inishmaan Aerodrome,Inis Meain,IE
Moyne Aerodrome,Thurles,IE
Newcastle Aerodrome,Newcastle,IE
Shannon Airport,Shannon,IE
Powerscourt Airfield,Powerscourt,IE
Rathcoole Aerodrome,Rathcoole,IE
Sligo Airport,Sligo,IE
Spanish Point Airport,Spanish Point,IE
Trim Aerodrome,Trim,IE
Trevet Airfield,Dunshaughlin,IE
Waterford Airport,Waterford,IE
Weston Airport,Leixlip,IE
AEro Airport,AEro,DK
Aarhus Airport,Aarhus,DK
Anholt Airport,Anholt,DK
Avno Air Base,Avno,DK
Billund Airport,Billund,DK
Copenhagen Kastrup Airport,Copenhagen,DK
Esbjerg Airport,Esbjerg,DK
Endelave West Airport,Endelave,DK
Femø Airfield,Femø,DK
Fur Airport,Fur,DK
Gronholt Hillerod Airport,Gronholt,DK
Grenaa Airport,Grenaa,DK
Herning Airport,Herning,DK
Holbaek (Ny Hagested) Airport,Holbaek,DK
Lindtorp Airport,Holstebro,DK
Hadsund Airport,Hadsund,DK
Haderslev Airport,Haderslev,DK
Karup Airport,Karup,DK
Kalundborg Airport,Kalundborg,DK
Korsor Airport,Korsor,DK
Laeso Airport,Laeso,DK
Lemvig Airport,Lemvig,DK
Lolland Falster Maribo Airport,Lolland Falster / Maribo,DK
Kostervig Mon Airport,Koster,DK
Morso Airport Todso,Morso,DK
Nakskov Airport,Naksnov,DK
Odense Airport,Odense,DK
Krusa-Padborg Airport,Krusa / Padborg,DK
Rarup Airport,Rarup,DK
Randers Airport,Randers,DK
Copenhagen Roskilde Airport,Copenhagen,DK
Bornholm Airport,Ronne,DK
Ringsted Airport,Ringsted,DK
Saeby (Ottestrup) Airport,Saeby,DK
Sonderborg Airport,Sonderborg,DK
Spjald Airport,Spjald,DK
Sindal Airport,Sindal,DK
Vojens Skrydstrup Airport,Vojens,DK
Samso Airport,Samso,DK
Sydfy (Tasinge) Airport,Tasinge,DK
Skive Airport,Skive,DK
Tonder Airport,Tonder,DK
Thisted Airport,Thisted,DK
Vandel Air Base,Vandel,DK
Viborg Airport,Viborg,DK
Kolding Vamdrup Airport,Kolding / Vamdrup,DK
Vagar Airport,Vagar,FO
Aars Airport,Aars,DK
Stauning Airport,Skjern / Ringkobing,DK
Aalborg Airport,Aalborg,DK
Luxembourg-Findel International Airport,Luxembourg,LU
Noertrange Airport,Winseler,LU
Useldange Airfield,Useldange,LU
Æra Airfield,Åmot,NO
Ålesund Airport,Ålesund,NO
Andøya Airport,Andenes,NO
Ny-Ålesund Airport Hamnerabben,Ny-Ålesund,NO
Alta Airport,Alta,NO
Bringeland Airport,Førde,NO
Bomoen Airport,Tjukkebygdi,NO
Brønnøysund Airport,Brønnøy,NO
Bodø Airport,Bodø,NO
Bergen Airport Flesland,Bergen,NO
Båtsfjord Airport,Båtsfjord,NO
Berlevåg Airport,Berlevåg,NO
Kristiansand Airport,Kjevik,NO
Geilo Airport Dagali,Dagali,NO
Dokka Thomlevold Airport,Dokka,NO
Bardufoss Airport,Malselv,NO
Eggemoen Airport,Hønefoss,NO
Harstad/Narvik Airport Evenes,Evenes,NO
Flatval Airport,Frøya,NO
Leirin Airport,,NO
Florø Airport,Florø,NO
Fyresdal Airfield,Fyresdal,NO
Gullknapp Flpl Airport,,NO
Oslo Gardermoen Airport,Oslo,NO
Folldal Grimsmoe Airport,Folldal,NO
Snåsa Airfield Gronora,Snåsa,NO
Stafsberg Airport,Hamar,NO
Haugesund Airport,Karmoy,NO
Hammerfest Airport,Hammerfest,NO
Hasvik Airport,Hasvik,NO
Elverum Starmoen Airport,,NO
Hokksund Airfield,,NO
Hattfjelldal Airport,Hattfjelldal,NO
Valan Airport,Honningsvåg,NO
Jan Mayen Jan Mayensfield,,NO
Jarlsberg Airfield,Tønsberg,NO
Kautokeino Air Base,,NO
Kristiansund Airport Kvernberget,Kvernberget,NO
Kjeller Airport,Kjeller,NO
Gol Airport,Klanten,NO
Kirkenes Airport Hoybuktmoen,Kirkenes,NO
Lista Airport,Farsund,NO
Leknes Airport,Leknes,NO
Lunde Nome Airfield,Lunde Nome,NO
Mehamn Airport,Mehamn,NO
Molde Airport,Aro,NO
Mosjøen Airport Kjaerstad,,NO
Banak Airport,Lakselv,NO
Narvik Framnes Airport,Narvik,NO
Namsos Hoknesora Airport,Namsos,NO
Notodden Airport,,NO
Ørland Airport,Ørland,NO
Fagerhaug Airport,,NO
Ørsta-Volda Airport Hovden,Ørsta,NO
Mo i Rana Airport Rossvoll,Mo i Rana,NO
Rognan Airport,Saltdal,NO
Ringebu Airfield Frya,Frya,NO
Rakkestad Åstorp Airport,,NO
Rørvik Airport Ryum,Rorvik,NO
Røros Airport,Roros,NO
Røst Airport,,NO
Reinsvoll Airport,Reinsvoll,NO
Moss Airport Rygge,Rygge,NO
Svalbard Airport Longyear,Longyearbyen,NO
Sandane Airport Anda,Sandane,NO
Sogndal Airport,Sogndal,NO
Svolvær Helle Airport,Svolvær,NO
Ski Airfield,Ski,NO
Stokmarknes Skagen Airport,Hadsel,NO
Skien Airport,Geiteryggen,NO
Stord Airport,Leirvik,NO
Sørkjosen Airport,Sørkjosen,NO
Vardø Airport Svartnes,Vardø,NO
Sandnessjoen Airport Stokka,Alstahaug,NO
Vinnu Airport,Sunndalsora,NO
Tromsø Airport,Tromsø,NO
Sandefjord Airport Torp,Torp,NO
Trysil Saeterasen Airport,,NO
Tynset Airport,Tynset,NO
Os Vaksinen Ulve Airport,Ulven,NO
Trondheim Airport Vaernes,Trondheim,NO
Vadsø Airport,Vadsø,NO
Valle Airfield Araksoyne,,NO
Stavanger Airport Sola,Stavanger,NO
Arłamów Airport,Bircza,PL
Bielsko Biała Airport,,PL
Babice Airport,,PL
Bydgoszcz-Biedaszkowo Airport,Bydgoszcz,PL
Białystok-Krywlany Airport,Białystok,PL
Borne Sulinowo Airport,Borne Sulinowo,PL
Bydgoszcz Ignacy Jan Paderewski Airport,Bydgoszcz,PL
Cewice Military Airport,Lebork,PL
Darlowek Naval Air Base,Darlowo,PL
Deblin Military Air Base,Deblin,PL
Ziemsko Airport,Drawsko Pomorskie,PL
Ełk-Makosieje Airport,Giże,PL
Elbląg Airport,Elbląg,PL
Gdańsk Lech Wałęsa Airport,Gdańsk,PL
Grudziądz-Lisie Kąty Airport ,Grudziądz,PL
Gliwice Glider Airport,,PL
Giżycko-Mazury Residence,Giżycko,PL
Goraszka Airport,Sulejowek,PL
Inowrocław Glider Airport,Inowrocław,PL
Inowrocław Military Air Base,Inowrocław,PL
Iwonicz Airport,Krosno,PL
Jastarnia Airport,Jastarnia,PL
Jelenia Góra Glider Airport,Jelenia Góra,PL
Jeżów Sudecki Airport,Jelenia Góra,PL
Kielce-Masłów Airport,Kielce,PL
Kazimierz Biskup Airport,,PL
Kętrzyn-Wilamowo Airport,Kętrzyn,PL
John Paul II International Airport Kraków-Balice Airport,Kraków,PL
Muchowiec Airport,,PL
Kamien Slaski Airport,,PL
Pobiednik Wielki Airport,Krakow,PL
Krosno Airport,Krosno,PL
Krzesiny Military Air Base,Poznań,PL
Katowice International Airport,Katowice,PL
Bielsko-Bialo Kaniow Airfield,Czechowice-Dziedzice,PL
Koszalin Zegrze Airport,,PL
Lublin Airport,Lublin,PL
Legnica Airport,,PL
Lask Military Air Base,,PL
Łódź Władysław Reymont Airport,Łódź,PL
Lansk / Gryzliny Airport,Olsztynek,PL
Lublin Radwiec Airport,,PL
Leszno Strzyzewi Airport,Leszno,PL
Lubin Airport,,PL
Leczyca Military Air Base,Leczyca,PL
Malbork Military Air Base,Królewo Malborskie,PL
Mirosławiec Military Air Base,Mirosławiec,PL
Mikolajki Airport,Mikolajki,PL
Mielec Airport,,PL
Mińsk Mazowiecki Military Air Base,Mińsk,PL
Warsaw Modlin Airport,Warsaw,PL
Miroslawice Private Airport,Sobotka,PL
Nowy Sącz-Łososina Dolna Airport ,Nowy Sącz,PL
Nowe Miasto nad Pilica Airfield,Nowe Miasto nad Pilica,PL
Nowy Targ Airport,Nowy Targ,PL
Olsztyn Dajtki Airport,,PL
Oksywie Military Air Base,Gdynia,PL
Ostrów Airport,Ostrów,PL
Opole-Polska Nowa Wies Airport,Opole,PL
Bednary Airfield,Pobiedziska,PL
Pinczow Airport,Pinczow,PL
Pila Airport,,PL
Poznań-Kobylnica Airport,Poznań,PL
Płock Airport,Płock,PL
Poznań-Ławica Airport,Poznań,PL
Pruszcz Gdański Airport,Pruszcz Gdański,PL
Piotrkow Trybunalski-Bujny Airport,Piotrkow Trybunalski,PL
Powidz Military Air Base,,PL
Radom-Sadkow Airport,,PL
Rybnik-Gotarowice Glider Airport,Rybnik,PL
Rzeszów Airport,Rzeszów,PL
Radom-Piastrow Glider Airport,Radom,PL
Częstochowa-Rudniki Airport,Częstochowa,PL
Rzeszow-Jasionka Airport,Rzeszow,PL
Szczecin-Goleniow Solidarność Airport,Goleniow,PL
Szczecin-Dąbie Airport,Szczecin,PL
Swidwin Military Air Base,,PL
Sochaczew Airport,,PL
Słupsk-Krępa Airport,Słupsk,PL
Stalowa Wola-Turbia Airport,Stalowa Wola,PL
Suwałki Airport,Suwałki,PL
Swidnik Lotnisko Airport,Swidnik,PL
Olsztyn-Mazury Airport,Szymany,PL
Tomaszów Mazowiecki Military Air Base,Tomaszów Mazowiecki,PL
Toruń Airport,Toruń,PL
Warsaw Chopin Airport,Warsaw,PL
Swiebodzice Airfield,Swiebodzice,PL
Włocławek-Kruszyn Airport,Wloclawek,PL
Copernicus Wrocław Airport,Wrocław,PL
Wrocław-Szymanow Airport,Wrocław,PL
Watorowo Airport,Watorowo,PL
Zamość-Mokre Airport,Zamość,PL
Zielona Góra-Babimost Airport,Babimost,PL
Tomaszowo Airport,Zagan,PL
Zielona Góra-Przylep Airport,Zielona Góra,PL
Żar Airport,Międzybrodzie Żywieckie,PL
Malmen Air Base,Linkoping,SE
Uppsala Airport,,SE
Ronneby Airport,,SE
Hassleholm Bokeberg Airport,Hassleholm,SE
Hasslosa Air Base,Hasslosa,SE
Moholm Air Base,Moholm,SE
Kosta Air Base,Kosta,SE
Rada Air Base,Rada,SE
Sandvik Airport,Sandvik,SE
Backamo Airport,Uddevalla,SE
Alleberg Airport,Alleberg,SE
Bammelshed Airport,Tidaholm,SE
Viared Airport,Boras,SE
Morup Airport,Falkenberg,SE
Gothenburg-Landvetter Airport,Gothenburg,SE
Herrljunga Airport,Herrljunga,SE
Alingsas Airport,Alingsas,SE
Jonkoping Airport,Jonkoping,SE
Falkoping Airport,Falkoping,SE
Lidkoping-Hovby Airport,Lidkoping,SE
Oresten Airport,Oresten,SE
Brannebrona Airport,Gotene,SE
Vargarda Airport,Vargarda,SE
Gothenburg City Airport,Gothenburg,SE
Skovde Airport,Skovde,SE
Nasinge Airport,Stromstad,SE
Trollhattan-Vanersborg Airport,Trollhattan,SE
Rorkarr Airport,Uddevalla,SE
Varberg Getteron airfield,Varberg,SE
Saffle Airport,Saffle,SE
Karlsborg Air Base,Karlsborg,SE
Satenas Air Base,Satenas,SE
Gimo Air Base,Gimo,SE
Sundbro Airport,,SE
Dala Jarna Airport,Dala Jarna,SE
Gryttjom Airport,Gryttjom,SE
Eksharad Airport,Eksharad,SE
Karlskoga Airport,,SE
Mora Airport,,SE
Stockholm Skavsta Airport,Stockholm / Nykoping,SE
Munkfors Airport,Munkfors,SE
Sälen/Scandinavian Mountains Airport,Rörbäcksnäs,SE
Tierp Air Base,Tierp,SE
Sunne Airport,,SE
Arvika Airport,,SE
Bjorkvik Air Base,Bjorkvik,SE
Emmaboda Airport,Emmaboda,SE
Borglanda Airport,Borglanda,SE
Ranneslatt Airport,Eksjo,SE
Eslov Airport,Eslov,SE
Fagerhult Airport,Fagerhult,SE
Feringe Airport,Ljungby,SE
Hoganas Airport,Hoganas,SE
Sjobo/Sovde Airport,Sovdeborg,SE
Kagerod Airport,Kagerod,SE
Kristianstad Airport,Kristianstad,SE
Landskrona Airport,Landskrona,SE
Oskarshamn Airport,,SE
Anderstorp Airport,Anderstorp,SE
Kalmar Airport,,SE
Malmo Sturup Airport,Malmo,SE
Halmstad Airport,Halmstad,SE
Mockeln Airport,Almhult,SE
Hagshult Airport,,SE
Vaxjo Kronoberg Airport,Vaxjo,SE
Smalandsstenar Smalanda Airport,Smalandsstenar,SE
Olanda Airport,Olanda,SE
Hallviken Airport,,SE
Solleftea Airport,Solleftea,SE
Hedlanda Airport,Hede,SE
Sveg Airport,,SE
Overkalix Airport,Overkalix,SE
Farila Air Base,Farila,SE
Gallivare Airport,Gallivare,SE
Kubbe Air Base,Kubbe,SE
Jokkmokk Airport,,SE
Kramfors Solleftea Airport,Kramfors / Solleftea,SE
Lycksele Airport,,SE
Optand Airport,,SE
Sundsvall-Harnosand Airport,Sundsvall/ Harnosand,SE
Ornskoldsvik Airport,Ornskoldsvik,SE
Pitea Airport,Pitea,SE
Kiruna Airport,,SE
Orsa Airport,,SE
Skelleftea Airport,Skelleftea,SE
Sattna Airport,,SE
Umea Airport,Umea,SE
Vilhelmina Airport,,SE
Arvidsjaur Airport,Arvidsjaur,SE
Soderhamn Airport,Soderhamn,SE
Ostersund Airport,Ostersund,SE
Orebro Airport,Orebro,SE
Hagfors Airport,,SE
Karlstad Airport,Karlstad,SE
Lemstanas Airport,Storvik,SE
Stockholm Vasteras Airport,Stockholm / Vasteras,SE
Lulea Airport,Lulea,SE
Vidsel Air Base,Vidsel,SE
Boden Army Air Base,Boden,SE
Hede Air Base,,SE
Arboga Airport,,SE
Stockholm-Arlanda Airport,Stockholm,SE
Stockholm-Bromma Airport,Stockholm,SE
Ekeby Airport,Eskilstuna,SE
Borlange Airport,,SE
Ska-Edeby Airport,Stockholm,SE
Hultsfred Airport,,SE
Ludvika Airport,Ludvika,SE
Laxa Airport,Laxa,SE
Visingso Airport,Visingso,SE
Gavle Sandviken Airport,Gavle / Sandviken,SE
Linkoping SAAB Airport,Linkoping,SE
Brattforshede Airport,Lindfors,SE
Norrtalje Airport,Norrtalje,SE
Norrkoping Airport,Norrkoping,SE
Torsby Airport,,SE
Eskilstuna Airport,Eskilstuna,SE
Visby Airport,Visby,SE
Vastervik Airport,Vastervik,SE
Johannisberg Airport,Vasteras,SE
Vangso Airport,Vangso,SE
Angelholm-Helsingborg Airport,Angelholm,SE
Fjallbacka Anra Airport,Fjallbacka,SE
Gronhogen Airport,Gronhogen,SE
Ljungbyhed Airport,Ljungbyhed,SE
Vellinge Airfield,Vellinge,SE
Amsele Air Base,Amsele,SE
Arbra Airport,Arbra,SE
Storuman Airport,,SE
Idre Airport,Idre,SE
Fallfors Air Base,Fallfors,SE
Gargnas Airport,Gargnas,SE
Myran Airport,Harnosand,SE
Mellansel Airport,Mellansel,SE
Talje Airport,Ange,SE
Kalixfors Airport,,SE
Ljusdal Airport,Ljusdal,SE
Mohed Airport,Mohed,SE
Graftavallen Airport,Graftavallen,SE
Pajala Airport,,SE
Ramsele Airport,Solleftea,SE
Asele Airport,Asele,SE
Hemavan Airport,,SE
Alvsbyn Airport,Alvsbyn,SE
Edsby Airport,Edsbyn,SE
Avesta Airport,Avesta,SE
Bunge Private Airport,Bunge,SE
Gagnef Airport,Djuras,SE
Hallefors Airport,Hallefors,SE
Katrineholm Airport,Katrineholm,SE
Skinnlanda Airport,Malung,SE
Koping Airport,Koping,SE
Siljansnas Airport,Siljansnas,SE
Spangdahlem Air Base,Trier,DE
Ramstein Air Base,Ramstein,DE
Baumholder Army Air Field,,DE
Giebelstadt Army Air Field,,DE
Altenstadt Army Airfield,Altenstadt,DE
Buckeburg Airport,,DE
Celle Airport,,DE
Rheine Bentlage Airport,,DE
Fritzlar Airport,Fritzlar,DE
Laupheim Airport,,DE
Mendig Airport,,DE
Niederstetten Airport,Niederstetten,DE
Roth Airport,,DE
Fassberg Airport,,DE
Cottbus (Cottbus Army) Airport,,DE
Grafenwohr Army Air Field,,DE
Hanau Army Air Field,,DE
Hohenfels Army Air Field,,DE
Illesheim Air Base,,DE
Eggebeck Air Base,,DE
Nordholz Airport,,DE
Ahlhorn Air Force Base,Ahlhorn,DE
Diepholz Airport,Diepholz,DE
Geilenkirchen Airport,,DE
Hohn Airport,Hohn,DE
Jever Airport,,DE
Rostock-Laage Airport,Rostock,DE
Norvenich Airport,,DE
Schleswig Airport,,DE
Wittmundhafen Airport,,DE
Neubrandenburg Airport,,DE
Wunstorf Airport,,DE
Vilseck Army Air Field,,DE
Coleman Army Air Field,,DE
Wiesbaden Army Airfield,Wiesbaden,DE
Landsberg Lech Airport,,DE
Buchel Airport,,DE
Erding Airport,,DE
Furstenfeldbruck Airport,Furstenfeldbruck,DE
Holzdorf Airport,,DE
Ingolstadt Manching Airport,Manching,DE
Lechfeld Airport,,DE
Neuburg Airport,,DE
Gutersloh Airport,Gutersloh,DE
Meppe Airport,,DE
Adazi Airfield,Adazi,LV
Cesis Airport,Cesis,LV
Daugavpils Intrenational Airport,Daugavpils,LV
Yelgava Airport,Yelgava,LV
Vainode Airport,Vainode,LV
Lielvarde Airport,Lielvarde,LV
Jurmala Airport,Jurmala,LV
Jekabpils Airport,Jekabpils,LV
Liepaja International Airport,Liepaja,LV
Ikshkile Airport,Ikshkile,LV
Riga International Airport,Riga,LV
Rumbula Air Base,Riga,LV
Spilve Aerodrome,Riga,LV
Tukums Air Base,Tukums,LV
Talsi Airfield,Talsi,LV
Ventspils International Airport,Ventspils,LV
Alytus Airport,Alytus,LT
Birzai Airport,Birzai,LT
Druskininkai Airport,Druskininkai,LT
Jubarkas Airport,Jubarkas,LT
Kaunas International Airport,Kaunas,LT
Kedainiai Air Base,Kedainiai,LT
Kaunas Gamykla Airport,Kaunas,LT
Klaipeda Airport,Klaipeda,LT
Kazlu Ruda Air Base,Kazlu Ruda,LT
S. Darius and S. Girenas Airport,Kaunas,LT
Kartena Airport,Kartena,LT
Valenciunai Airport,Valenciunai,LT
Tirksliai Airport,Tirksliai / Mazeikiai,LT
Sasnava Airport,Sasnava,LT
Moletai Airport,Moletai,LT
Akmene Airport,Akmene,LT
Nida Airport,Nida,LT
Palanga International Airport,Palanga,LT
Panevezys Istra Airport,Panevezys / Istra,LT
Panevezys Airport,Panevezys,LT
Pociunai Airport,Pociunai,LT
Rudiskes Airport,Rudiskes,LT
Rokiskis Airport,Rokiskis,LT
Rojunai Airport,Rojunai,LT
Jonava Airport,Jonava,LT
Siauliai International Airport,Siauliai,LT
Barysiai Airport,Barysiai,LT
Seduva Airport,Seduva / Siauliai,LT
Silute Air Base,Silute,LT
Telsiai Airport,Telsiai,LT
Utena Airport,Utena,LT
Vilnius International Airport,Vilnius,LT
Kyviskes Airfield,Kyviskes,LT
Paluknys Airport,Paluknys,LT
Zarasai Airport,Zarasai,LT
Big Cypress Ranch Airfield,Sunniland,US
Orlampa Inc Airport,Polk City,US
Reluctant Gremlin Airport,Fairfield,US
Bird Field,Jennings,US
Devils Garden Strip,La Belle,US
Horseshoe Acres Airpark,Indiantown,US
Black Creek Pass Airport,Tallahasse,US
Dogwood Farm Airport,Havana,US
Lumar Field,Perry,US
Redtail Airstrip,Morriston,US
Lindbergh's Landing Airport,Miami,US
White Farms Airport,Chiefland,US
Wing South Airpark,Naples,US
Woods And Lakes Airpark,Oklawaha,US
Hidden Lake Airport,New Port Richey,US
Sheets Airport,Groveland,US
Dog Island Airport,Carrabelle,US
Shady International Airport,Ocala,US
Wings-N-Wheels Airport,Reddick,US
Sky Manor Airpark,La Belle,US
Coral Creek Airport,Placida,US
Garner Field,Bonifay,US
Vince's Condominium Association Airport,Lake Placid,US
Santa Fe River Ranch Airport,Alachua,US
Foxraven Field,Brooksville,US
Duda Airstrip,Belle Glade,US
Cedars Airfield,Cedar Key,US
Romor Ranch Airport,Ochopee,US
Tavernaero Park Airport,Tavernier,US
Orlando North Airpark,Zellwood,US
Early Bird Airport,Ocala,US
Pittman Oaks Airport,Live Oak,US
Suwanee Valley Airport,White Springs,US
Dj Farm Airport,Jasper,US
Fantasy Field Airstrip,Chehalis,US
Alexander Bay Airport,Alexander Bay,ZA
Adelaide Airport,Adelaide,ZA
Aberdeen Airport,Aberdeen,ZA
Andrew's Field Airport,Struisbaai,ZA
Aggeneys Airport,Aggeneys,ZA
Askham Airport,Askham,ZA
Alldays Airport,Alldays,ZA
Amsterdam Airport,Amsterdam,ZA
Aliwal North Airport,Aliwal North,ZA
Aviators Paradise Field,,ZA
Ashton Airport,Ashton,ZA
Microland Flight Park,Bapsfontein,ZA
Brakpan Airport,Brakpan,ZA
Burghersdorp Airport,Burgersdorp,ZA
Bisho Airport,Bisho,ZA
Barkley East Airport,Barkley East,ZA
Buffelshoek Airport,,ZA
Belfast Aerodrome,Belfast,ZA
Bushmans Kloof Airport,Bushman's Kloof,ZA
J B M Hertzog International Airport,Bloemfontain,ZA
Bethlehem Airport,Bethlehem,ZA
Hendrik Potgieter Airport,Bothaville,ZA
Black Rock Airport,Santoy,ZA
Barberton Airport,Umjindi (Barberton),ZA
Brits Airport,Brits,ZA
Bethesda Road Airport,Bethesda,ZA
Bultfontein Airport,Bultfontein,ZA
Brandviei Airport,Brandviei,ZA
Beaufort West Airport,Beaufort West,ZA
Beatrix Airport,Virginia,ZA
Bizana Airport,Bizana,ZA
Monte Carlo Airport,Monte Carlo,ZA
Colesberg Airport,Colesberg,ZA
Arathusa Safari Lodge Airport,Arathusa,ZA
Cradock Airport,Cradock,ZA
Ceres Airport,Ceres,ZA
Cap St Francis Airport,St Francis,ZA
Cookhouse Airport,Cookhouse,ZA
Citrusdal Airport,Citrusdal,ZA
Christiana Airport,Christiana,ZA
Carolina Airport,Carolina,ZA
Carnarvon Airport,Carnarvon,ZA
Alkantpan Copper Airport,Cooperton,ZA
Carltonville Airport,Carltonville,ZA
Cape Town International Airport,Cape Town,ZA
Calvinia Airport,Calvinia,ZA
Clanwilliam Airport,Clanwilliam,ZA
Cathcart Airport,Cathcart,ZA
Stilbaai Airport,Stilbaai,ZA
De Aar Airport,De Aar,ZA
Dwaalboom Airport,Dwaalboom,ZA
Dundee Airport,Dundee,ZA
Delmas Airport,Delmas,ZA
Dordrecht Airport,Dordrecht,ZA
Durnacol Airport,Durnacol,ZA
Mubatuba Airport,Mubatuba,ZA
Delareyville Airport,Delareyville,ZA
Kokstad Airport,Kokstad,ZA
Durban International Airport,Durban,ZA
Dendron Airport,Dendron,ZA
Darlington Dam Lodge Airport,Port Elizabeth,ZA
Zulu Inyala Airport,Phinda,ZA
Dunnottar Airport,Dunnottar,ZA
De Doorns Airport,De Doorns,ZA
Walkersons Field,,ZA
Devon Airport,Devon,ZA
Delta 200 Airstrip,Koeberg,ZA
De Aar Military Airport,De Aar,ZA
Drakensberg Gardens Airport,Drakensberg Gardens,ZA
Estcourt Airport,Estcourt,ZA
Edenburg Airport,Edenburg,ZA
Egnep Airport,Egnep,ZA
Ben Schoeman Airport,East London,ZA
Empangeni Airport,Empangeni,ZA
Ermelo Airport,Ermelo,ZA
Ellisras Matimba Airport,Ellisras,ZA
Eshowe Airport,Eshowe,ZA
Elliot Airport,Elliot,ZA
Ficksburg Sentraoes Airport,Ficksburg,ZA
Frankfort Airport,Frankfort,ZA
Flamingo Vlei Airport,Flamingo Vlei,ZA
Fisantekraal Airport,Fisantekraal,ZA
Fort Beaufort Airport,Fort Beaufort,ZA
Fraserburg Airport,Fraseburg,ZA
Fraaiuitzicht Airport,Fraaiuitzicht,ZA
Freeway Airport,Kromdraai,ZA
Grange Airport,Umzimkulu,ZA
Grand Central Airport,Midrand,ZA
George Airport,George,ZA
Glen Grey Airport,Emmaus,ZA
Giyani Airport,Giyani,ZA
Gifvlei Airport,Gifvlei,ZA
Groblersdal Kob Airport,Groblersdal,ZA
Rand Airport,Johannesburg,ZA
Gowrie Airport,,ZA
Graaff Reinet Airport,Graaff-Reinet,ZA
Giants Castle Airport,Giant'S Castle Game Reserve,ZA
Grahamstown Airport,Grahamstown,ZA
Gravelotte Airport,Gravelotte,ZA
Magwa Airport,Magwa,ZA
Greytown Airport,Greytown,ZA
Harmony Airport,Virginia,ZA
Hartebeespoortdam Airport,Hartebeespoort,ZA
Howick Airport,Howick,ZA
Humansdorp Airport,Humansdorp,ZA
Pullenshope Hendrina Airport,Hendrina,ZA
Henrys Flats Airport,Henry'S Flats,ZA
Heidelburg Airport,Heidelburg,ZA
Hibberdene Airport,Hibberdene,ZA
Halfweg Airport,Halfweg,ZA
Harding Airport,Harding,ZA
Haakdoornboom Airport,Haakdoornboom,ZA
Hluhluwe Airport,Hluhluwe,ZA
Heilbron Airport,Heilbron,ZA
Hoopstad Airport,Hoopstad,ZA
Harrismith Airport,Harrismith,ZA
Hoedspruit Air Force Base Airport,Hoedspruit,ZA
Hoedspruit Airport,Hoedspruit,ZA
H M S Bastard Memorial Airport,H.M.S.Bastard Memorial,ZA
Gariep Dam Airport,Hendrik Verwoerd dam,ZA
Itala Airport,Itala,ZA
Idutywa Airport,Idutywa,ZA
Odi Airport,Lerulaneng,ZA
Isithebe Airport,Nyoni,ZA
Ingwavuma Airport,Ingwavuma,ZA
Indwe Airport,Indwe,ZA
Jagersfontain Airport,Jagersfontain,ZA
Joubertina Airport,Joubertina,ZA
Jansenville Airport,Jansenville,ZA
Kagga Kamma Airport,Kagga Kamma Private Game Reserve,ZA
Kosibaai Airport,Kosi Bay,ZA
P C Pelser Airport,Klerksdorp,ZA
Keimouth Airport,Keimouth,ZA
Koffee Bay Airport,Koffee Bay,ZA
Komati Power Station Airport,Komati Power Station,ZA
Kenhardt Airport,Kenhardt,ZA
Kobb Inn Airport,Kobb Inn,ZA
Kakamas Airport,Kakamas,ZA
Kriel Airport,Kriel,ZA
Kimberley Airport,Kimberley,ZA
Kruger Mpumalanga International Airport,Mpumalanga,ZA
Komga Airport,Komga,ZA
Komatipoort Airport,Komatipoort,ZA
Krugersdorp Airport,Krugersdorp,ZA
Kroonstad Airport,Kroonstad,ZA
Kitty Hawk Airport,Boschkop,ZA
Johan Pienaar Airport,Kuruman,ZA
Koffyfontein Min Airport,Koffyfontein,ZA
Kareedouw Airport,Kareedouw,ZA
Kenton on Sea Airport,Kenton On Sea,ZA
Kleinsee Airport,Kleinsee,ZA
Lanseria Airport,Johannesburg,ZA
Ladybrand Af Airport,Ladybrand,ZA
Lime Acres Finsch Mine Airport,Lime Acres,ZA
Londolozi Airport,Londolozi,ZA
King Shaka International Airport,Durban,ZA
Loeriesfontein Airport,Loeriesfontein,ZA
Lohathla Military Airport,Lohathla,ZA
Lichtenburg Airport,Lichtenburg,ZA
Lusikisiki Airport,Lusikisiki,ZA
Lydenburg Airport,Lydenburg,ZA
Makhado Air Force Base Airport,Louis Trichardt Southwest,ZA
Louis Trichardt Airport,Louis Trichardt,ZA
El Mirador Airport,Ardmore,ZA
Steytlerville Airport,Steytlerville,ZA
Somersveld Airport,Somersveld,ZA
Langebaanweg Airport,Langebaanweg,ZA
Ladysmith Airport,Ladysmith,ZA
Matatiele Airport,Matatiele,ZA
Middelburg Airport,Middelburg,ZA
Middelburg 2 Airport,Cape Town,ZA
Malamala Airport,Malamala,ZA
Malabar Airport,Malabar,ZA
Margate Airport,Margate,ZA
Musina(Messina) Airport,Musina,ZA
Marble Hall Airport,Marble Hall,ZA
Majuba Power Station Airport,Amerspoort,ZA
Mafeking Airport,Mafeking,ZA
Manyani Game Lodge Airport,Mafeking,ZA
Mmabatho International Airport,Mafeking,ZA
Riverside Airport,Malelane,ZA
Mossel Bay Airport,Mossel Bay,ZA
Madimbo Airport,Matshakatini,ZA
Maclear Airport,Maclear,ZA
Morningside Farm Airport,Silveroaks,ZA
Molteno Airport,Molteno,ZA
Mkuze Airport,Mkuze,ZA
Montrose Airport,Montrose,ZA
Mbazwana Airport,Mbazwana,ZA
Malmesbury Airport,Mammesbury,ZA
Msauli Airport,Msauli,ZA
Nongoma Airport,Nongoma,ZA
Newcastle Airport,Newcastle,ZA
Ngala Airport,Ngala,ZA
New Hanover Airport,New Hanover,ZA
New Largo Airport,Witbank,ZA
Nelspruit Airport,Nelspruit,ZA
Nieuwoudtville Airfield,Nieuwoudtville,ZA
Nylstroom Airfield,Modimolle,ZA
Overberg Airport,Overberg,ZA
Odendaalsrus Airport,Odendaalsrus,ZA
Jack Duvenhage Airport,Olifantshoek,ZA
Oudtshoorn Airport,Oudtshoorn,ZA
Orient Glider Airport,Orient,ZA
Othawa Airport,Otthawa,ZA
Ornate Lake St L Airport,Hluhluwe,ZA
O. R. Tambo International Airport,Johannesburg,ZA
Ottosdal Airport,Ottosdal,ZA
Orkney Airport,Orkney,ZA
Port Alfred Airport,Port Alfred,ZA
Prince Albert Airport,Prince Albert,ZA
Pofadder Airport,Pofadder,ZA
Port Elizabeth Airport,Port Elizabeth,ZA
Piet Retief Airport,Piet Retief,ZA
Plettenberg Bay Airport,Plettenberg Bay,ZA
Hendrik Van Eck Airport,Phalaborwa,ZA
Pietersburg Municipal Airport,Polokwane,ZA
Port St Johns Airport,Port St Johns,ZA
Prieska Airport,Prieska,ZA
Pongola Airport,Pongola,ZA
Pietermaritzburg Airport,Pietermaritzburg,ZA
Pilanesberg International Airport,Pilanesberg,ZA
Pilgrims Rest Airport,Mankolehlotlo,ZA
Polokwane International Airport,Potgietersrus,ZA
Punda Maria(Malia) Airport,Kruger National Park,ZA
Potchefstroom Airport,Potchefstroom,ZA
Posmasburg Soil Airport,Postmasburg,ZA
Paarl East Airport,Paarl,ZA
Petrusville Airport,Petrusville,ZA
Pietersrus Airport,Pietersrus,ZA
Paradise Beach Airport,Jeffreysbaal,ZA
Parys Airport,Parys,ZA
Progress Airport,Sunlands,ZA
Pomfret Airport,Pomfret,ZA
Potgietersrus Airport,Potgietersus,ZA
Queenstown Airport,Queenstown,ZA
Petit Airport,Daveyton,ZA
Richards Bay Airport,Richards Bay,ZA
Riversdale Airport,Riversdale,ZA
Rustenburg Airport,Rustenburg,ZA
Reivilo Airport,Reivilo,ZA
Richmond Airport,Richmond,ZA
Rooiberg Airport,Rooiberg,ZA
Robertson Airport,Robertson,ZA
Reitz Airport,Maasstroom,ZA
Sani Pass Airport,Sani Pass,ZA
Springbok Airport,Springbok,ZA
Secunda Airport,Secunda,ZA
Saldanha /Vredenburg Airport,Saldanha-Vredenburg,ZA
Sabi Sabi Airport,Belfast,ZA
Schweizer Reneke Airport,Schweizer Reneke,ZA
Stellenbosch Airport,Stellenbosch,ZA
Springs Airfield,Springs,ZA
Saffier Airport,Saffier,ZA
Swartkop Air Force Base,Pretoria,ZA
Sutherland Airport,Sutherland,ZA
Siteka Airport,Siteka,ZA
Senekal Airport,Senekal,ZA
Standerton Airport,Standerton,ZA
Sishen Airport,Sishen,ZA
Somerset East Airport,Somerset East,ZA
Sace Airport,Sace,ZA
Slurry Airport,Slurry,ZA
Hendrik Swellengrebel Airport,Swellendam,ZA
Syferfontein Airport,Hiltonia,ZA
Skukuza Airport,Skukuza,ZA
Tedderfield Air Park,Tedderfield,ZA
Thorny Bush Game Lodge Airport,Hoedspruit,ZA
Tanda Tula Airport,Welverdiend,ZA
Tommys Field Airport,Beeshoek,ZA
Thohoyandou Airport,Thohoyandou,ZA
Thabazimbi Airport,Thabazimbi,ZA
Tsitsikama Fly Airport,Tsitsikama,ZA
Stutterheim Airport,Stutterheim,ZA
Thaba Nchu Tar Airport,Homeward,ZA
New Tempe Airport,Bain's Vlei,ZA
Trennery's Airport,Qolora,ZA
Tutuka Power Station Airport,Standerton,ZA
Witberg Tswalu Airport,Tswalo Game Reserve,ZA
Tzaneen Airport,Tzaneen,ZA
Underberg Airport,Underberg,ZA
Ulco Airport,Ulco,ZA
Ugie Airport,Ugie,ZA
Uitenhage Airport,Uitenhage,ZA
Prince Mangosuthu Buthelezi Airport,Ulundi,ZA
Pierre Van Ryneveld Airport,Upington,ZA
Utrecht Airport,Utrecht,ZA
Ulusaba Airport,Ulusaba,ZA
K. D. Matanzima Airport,Mthatha,ZA
Vaalputs Airport,Vaalputs,ZA
Vryburg Airport,Vyrburg,ZA
Vrede Airport,Vrede,ZA
Ventersdorp Airport,Ventersdorp,ZA
Verborgenfontei Airport,Verborgenfontein,ZA
Virginia Airport,Durban,ZA
Von Abo's Villa Airport,Von Abo's Villa,ZA
Venetia Airport,Venetia Mine,ZA
Vanderbijlpark Airport,Vanderbijlpark,ZA
Vredendal Airport,Vredendal,ZA
Vastrap Airport,Upington,ZA
Volksrust Airport,Volksrust,ZA
Vereeniging Airport,Vereeniging,ZA
Victoria West Airport,Victoria West,ZA
Vryheid Airport,Vryheid,ZA
Warmbaths Airport,Warmbaths,ZA
Wonderboom Airport,Pretoria,ZA
Worcester Glider Airport,Worcester,ZA
Wolmeransstad Airport,Wolmeransstad,ZA
Witbank Airport,Witbank,ZA
Waterkloof Air Force Base,Pretoria,ZA
Williston Airport,Williston,ZA
Welkom Airport,Welkom,ZA
Winburg Airport,Winburg,ZA
Willowmore Airport,Willowmore,ZA
Wepener Airport,Wepener,ZA
Wavecrest Airport,Wavecrest,ZA
Wesselbronn Af Airport,Wesselsbron,ZA
Winterveldt Mine Airport,Doornbosch,ZA
Ysterplaat Air Force Base,Cape Town,ZA
Zastron Airport,Zastron,ZA
Mazeppa Bay Airport,Mazeppa Bay,ZA
Star Airport,Star,ZA
Zeerust Airport,Zeerust,ZA
Camp Okavango Airport,Camp Okavango,BW
Francistown Airport,Francistown,BW
Gumare Airport,Gumare,BW
Ghanzi Airport,Ghanzi,BW
Jwaneng Airport,,BW
Kasane Airport,Kasane,BW
Kang Airport,,BW
Khwai River Lodge Airport,Khwai River Lodge,BW
Kanye Airport,Kanye,BW
Machaneng Airport,Machaneng,BW
Molepolole Airport,Molepolole,BW
Makalamabedi Airport,Makalamabedi,BW
Maun Airport,Maun,BW
Nokaneng Airport,Nokaneng,BW
Nata Airport,Nata,BW
Gaborone Notwane Airport,Gaborone Notwane,BW
Okwa Airport,Okwa,BW
Orapa Airport,,BW
Palapye Airport,Palapye,BW
Rakops Airport,Rakops,BW
Sir Seretse Khama International Airport,Gaborone,BW
Sua Pan Airport,,BW
Selebi Phikwe Airport,,BW
Serowe Airport,Serowe,BW
Savuti Airport,Savuti,BW
Shakawe Airport,Shakawe,BW
Tshane Airport,Tshane,BW
Limpopo Valley Airport,Tuli Lodge,BW
Thebephatshwa Airport,,BW
Tshabong Airport,Tshabong,BW
Xaxaba Airport,Xaxaba,BW
Xugana Airport,,BW
La Louila Airport,La Louila,CG
Maya-Maya Airport,Brazzaville,CG
Djambala Airport,Djambala,CG
Kindamba Airport,Kindamba,CG
Lague Airport,Lague,CG
Mouyondzi Airport,Mouyondzi,CG
M'passa Airport,M'passa,CG
Sibiti Airport,Sibiti,CG
Loutete Airport,Loutete,CG
Aubeville Airport,Aubeville,CG
Yokangassi Airport,Nkayi,CG
Zanaga Airport,Zanaga,CG
Mavinza Airport,Mavinza,CG
N'Ziba Airport,N'Ziba,CG
Sidetra Airport,Sidetra,CG
Loufoula Airport,Loufoula,CG
Gokango Airport,Gokango,CG
Irogo Airport,Irogo,CG
Kele Kibangou Airport,Kele Kibangou,CG
Leboulou Airport,Leboulou,CG
Mossendjo Airport,Mossendjo,CG
N'gongo Airport,N'gongo,CG
Mandoro Airport,Mandoro,CG
Marala Airport,Marala,CG
Nyanga Airport,Nyanga,CG
Legala Airport,Legala,CG
N'Zabi Airport,N'Zabi,CG
Boundji Airport,Boundji,CG
Ewo Airport,Ewo,CG
Gamboma Airport,Gamboma,CG
Impfondo Airport,Impfondo,CG
Kelle Airport,Kelle,CG
Makoua Airport,Makoua,CG
Owando Airport,Owando,CG
Souanke Airport,Souanke,CG
Betou Airport,Betou,CG
Ouesso Airport,,CG
Makabana Airport,Makabana,CG
Bangamba Airport,Bangamba,CG
Ngot Nzoungou Airport,Dolisie,CG
Leganda Airport,Leganda,CG
Kibangou Airport,Kibangou,CG
Loubetsi Airport,Loubetsi,CG
N'komo Airport,N'komo,CG
Noumbi Airport,Noumbi,CG
Pemo Airport,Pemo,CG
Pointe Noire Airport,Pointe Noire,CG
Loukanyi Airport,Loukanyi,CG
Patch O Blue Airport,Orange Springs,US
Five Oaks Estate Airport,Crestview,US
Leeward Air Ranch Airport,Ocala/Belleview,US
Antiquers Aerodrome,Delray Beach,US
Rlm Farms Airport,Kenansville,US
Jubilee Acres Airport,Fort Meade,US
Paniola Air Ranch Airport,Citra,US
Tailwinds Airport,Jupiter,US
Flying C Farm Airport,Branford,US
Sundance Farms Airport,La Belle,US
Melrose Landing Airport,Melrose,US
Rutland Runway Airport,Rutland,US
Southern Fruit Groves Airport,Port St. Lucie,US
Fly In Ranches Airport,Vero Beach,US
Kirkland Airport,Graceville,US
Cuyler Field,Glen St Mary,US
Flying Dutchman Ranch Airport,Ocala,US
Southeastern Airport,Fort Pierce,US
Bradley Airport,Fort White,US
Green Swamp Aerodrome,Lakeland,US
Redhead Airport,Ebro,US
Gentry Airport,St Cloud,US
Wellington Aero Club Airport,West Palm Beach,US
Flying Cow Air Ranch Airport,Okeechobee,US
Cooksey Brothers Airport,Live Oak,US
Eagles Nest Aerodrome,Crescent City,US
Montgomery's Flying M Ranch Airport,Lake Panasoffkee,US
The Trails Airport,Luraville,US
Summerland Key Cove Airport,Summerland Key,US
Cub Haven Airport,Dade City,US
Rutten Airstrip,Havana,US
Baggett Airport,Fort Pierce,US
Field Of Dreams Airport,Dade City,US
Red Barn Acres Airport,Live Oak,US
Squires Aviation Ranch Airport,Jasper,US
River Acres Airport,Okeechobee,US
O'Brien Airpark East/West Airport,Branford,US
Kings Port Airport,Lake Placid,US
Wimauma Air Park,Wimauma,US
Gleim Field,Gainesville,US
Stout Airport,Kissimmee,US
Deep Woods Ranch Airport,Deland,US
Aero Acres Airport,Fort Pierce,US
Collier/Pine Barren Airpark,Century,US
Lafayette Landings Airport,De Leon Springs,US
Southerland Strip,Geneva,US
Yellow River Airstrip,Holt,US
Hartzog Field,Chipley,US
White Field,Branford,US
Matata Airport,Big Bend,SZ
Big Bend Sugar E Airport,Big Bend,SZ
Tambuti Airport,Big Bend,SZ
Lavumisa Airport,Lavumisa,SZ
Kubuta Airport,Kubuta B,SZ
Mhlume Airport,Mhlume,SZ
Matsapha Airport,Manzini,SZ
Piggs Peak Airport,Ngonini,SZ
Nhlangano Airport,Nhlangano,SZ
Nsoko Airport,Nsoko,SZ
King Mswati III Intl,Manzini,SZ
Simunye Airport,Simunye,SZ
Siteki Airport,Siteki,SZ
Tambankulu Airport,Tambankulu,SZ
Tshaneni Airport,Tshaneni,SZ
Ubombo Ranches Airport,Big Bend,SZ
Alindao Airport,Alindao,CF
Poste Airport,Obo,CF
Carnot Airport,Carnot,CF
Damara Airport,Damara,CF
Mobaye Mbanga Airport,Mobaye Mbanga,CF
Bangui M'Poko International Airport,Bangui,CF
Bangassou Airport,Bangassou,CF
Birao Airport,Birao,CF
Kembe Airport,Kembe,CF
Bambari Airport,Bambari,CF
N'Dele Airport,N'Dele,CF
Bouar Airport,Bouar,CF
Paoua Airport,Paoua,CF
Kaga-Bandoro Airport,Kaga-Bandoro,CF
Bria Airport,Bria,CF
Bossangoa Airport,Bossangoa,CF
Berberati Airport,Berberati,CF
Sibut Airport,Sibut,CF
Ouadda Airport,Ouadda,CF
Yalinga Airport,Yalinga,CF
Zemio Airport,Zemio,CF
Bambouli Airport,Bambouli,CF
Bocaranga Airport,Bocaranga,CF
Dekoa Airport,Dekoa,CF
M'Boki Airport,Mboki,CF
Batangafo Airport,Batangafo,CF
Gamboula Airport,Gamboula,CF
Grimari Airport,Grimari,CF
Gordil Airport,Melle,CF
Bakouma Airport,Bakouma,CF
Ouanda Djalle Airport,Ouanda Djalle,CF
Rafai Airport,Rafai,CF
Bouca Airport,Bouca,CF
Bozoum Airport,Bozoum,CF
Bata Airport,,GQ
Malabo Airport,Malabo,GQ
RAF Ascension Island,Ascension Island,SH
Saint Helena Airport,Saint Helena,SH
Agalega Island Airstrip,Vingt Cinq,MU
Sir Seewoosagur Ramgoolam International Airport,Port Louis,MU
Sir Charles Gaetan Duval Airport,Port Mathurin,MU
Diego Garcia Naval Support Facility,Diego Garcia,IO
Banyo Airport,Banyo,CM
Bafia Airport,Bafia,CM
Abong M'bang Airport,Abong M'bang,CM
Nkongsamba Airport,Nkongsamba,CM
Betare Oya Airport,Betare Oya,CM
Kribi Airport,Kribi,CM
Tiko Airport,Tiko,CM
Douala International Airport,Douala,CM
Eseka Airport,Eseka,CM
Mamfe Airport,Mamfe,CM
Bali Airport,Bali,CM
Kaele Airport,Kaele,CM
Batouri Airport,Batouri,CM
Yagoua Airport,Yagoua,CM
Salak Airport,Maroua,CM
Foumban Nkounja Airport,Foumban,CM
N'Gaoundere Airport,N'Gaoundere,CM
Bertoua Airport,Bertoua,CM
Garoua International Airport,Garoua,CM
Dschang Airport,Dschang,CM
Tibati Airport,Tibati,CM
Bafoussam Airport,Bafoussam,CM
Bamenda Airport,Bamenda,CM
Ebolowa Airport,Ebolowa,CM
Yaounde Airport,Yaounde,CM
Yaounde Nsimalen International Airport,Yaounde,CM
Crews Homestead Ranch Airport,Avon Park,US
Fox Field,Branford,US
Nr3 Farms Airport,Sumterville,US
Wings N Sunsets Airport,Live Oak,US
Florida Sheriffs Boys Ranch Airport,Live Oak,US
Kittyhawk Estates Airport,Live Oak,US
Little River Airport,Mc Alpin,US
Thrifts Airport,Macclenny,US
Ingalls Field,Miccosukee,US
Spencer's Airpark,Middleburg,US
Market World Airport,Auburndale,US
Ruckel Airport,Niceville,US
Suwannee Farms Airport,O'Brien,US
Crosswind Farm Airport,Ocala,US
Lake City Airpark,Lake City,US
State Prison Field,Raiford,US
Hales 700 Airport,Fort Pierce,US
Mjd Airport,Miami,US
Watson Flight Strip,Trenton,US
Eglin Aux Field 6 Airport,Valparaiso,US
Geraci Airpark,Lutz,US
Lykes Silver Lake Airport,Labelle,US
Treasure Coast Airpark,Port St. Lucie,US
Hummingbirds Landing Airport,Arcadia,US
Okeelanta Airport,South Bay,US
Burntwood Ranch Airport,Lakeland,US
Rossi Field,Lake City,US
Angel's Field,Tallahassee,US
Flying Tiger Field,Worthington,US
Johary Airport,Belleview,US
Buckingham Field,Lehigh Acres,US
Reynolds Airpark,Green Cove Springs,US
Bradshaw Tree Farm Airport,Deland,US
Peach Orchard Airport,Archer,US
Evans Properties Inc Airport,Fort Pierce,US
Indian River Aerodrome,Vero Beach,US
Indian Hammock Airport,Fort Drum,US
Calusa Ranch Airport,Miles City,US
Lewis Airport,Brandon,US
Lee Farms Airport,Lowell,US
Triple B Airpark,Crestview,US
Oak Ridge Airport,Interlachen,US
Flying-A-Ranch Airport,Fernandina Beach,US
Woodstock Airport,Fort Myers,US
Bob Paul Airport,La Belle,US
Salty Approach Airport,Fort Myers,US
Broocke Air Patch Airport,Winter Beach,US
Tangerine Airport,Zellwood,US
Flying-H Airport,Fruitland Park,US
Katete Airport,Katete,ZM
Mbala Airport,Mbala,ZM
Chocha Airport,Chocha,ZM
Choma Airport,Choma,ZM
Chipata Airport,Chipata,ZM
Chinsali Airport,Chinsali,ZM
East One Airport,Bwambwa,ZM
East Two Airport,Mofu,ZM
East Three Airport,Luano,ZM
East Four Airport,Mululowera,ZM
East Five Airport,Chidulka,ZM
East Six Airport,Chiwanangala,ZM
East Seven Airport,Kanshela,ZM
East Eight Airport,Kapu,ZM
Isoka Airport,Isoka,ZM
Jeki Airstrip,Lower Zambezi National Park,ZM
Kawambwa Airport,Kawambwa,ZM
Kasompe Airport,Kasompe,ZM
Kalengwa Airport,Kalengwa,ZM
Kanja Airport,Kanja,ZM
Kenneth Kaunda International Airport,Lusaka,ZM
Kalabo Airport,Kalabo,ZM
Kaoma Airport,Kaoma,ZM
Kasama Airport,Kasama,ZM
Kanyau Airport,Kanyau,ZM
Milliken Airport,Kabwe,ZM
Kasaba Bay Airport,Kasaba Bay,ZM
Lukuzi Airport,Nansolo,ZM
Luanshya Zambia Airport,Luanshya,ZM
Lusaka City Airport,Lusaka,ZM
Lundazi Airport,Lundazi,ZM
Luwingu Airport,Luwingu,ZM
Livingstone Airport,Livingstone,ZM
Lukulu Airport,Lukulu,ZM
Kalomo Airport,Kalomo,ZM
Mansa Airport,Mansa,ZM
Maamba Airport,Maamba,ZM
Mfuwe Airport,Mfuwe,ZM
Mongu Airport,Mongu,ZM
Mkushi Airport,Mkushi,ZM
Mufulira Airport,Mufulira,ZM
Monze Airport,Monze,ZM
Mpika Airport,Mpika,ZM
Mulobezi Airport,Mulobezi,ZM
Mwinilunga Airport,Mwinilunga,ZM
Mazabuka Airport,Mazabuka,ZM
Ngoma Airport,Ngoma,ZM
Peter Zuze Air Force Base,Ndola,ZM
Namwala Airport,Namwala,ZM
Nyimba Airport,Nyimba,ZM
Kasempa Airport,Kasempa,ZM
Petauke Airport,Petauke,ZM
Mporokoso Airport,Mporokoso,ZM
Kabompo Airport,Kabompo,ZM
Rosa Airport,Rosa,ZM
Rufansa Airport,Rufansa,ZM
Serenje Airport,Serenje,ZM
Shiwa n'gandu Airport,Shiwa n'gandu,ZM
Sakeji Airport,Sakeji,ZM
Simon Mwansa Kapwepwe International Airport,Ndola,ZM
Senanga Airport,Senanga,ZM
Southdowns Airport,Kitwe,ZM
Sesheke Airport,Sesheke,ZM
Solwesi Airport,Solwesi,ZM
West One Airport,Chinka,ZM
West Two Airport,Metamba,ZM
West Three Airport,Nyoka,ZM
West Four Airport,West Four,ZM
West Five Airport,Lipanda,ZM
West Six Airport,Kauni,ZM
West Seven Airport,Chanika,ZM
Waka Waka Airport,Waka Waka,ZM
Samfya Airport,Samfya,ZM
Zambezi Airport,Zambezi,ZM
Antsiranana Andrakaka Airport,,MG
Prince Said Ibrahim International Airport,Moroni,KM
Moheli Bandar Es Eslam Airport,,KM
Iconi Airport,Moroni,KM
Ouani Airport,Ouani,KM
Dzaoudzi Pamandzi International Airport,Dzaoudzi,YT
Roland Garros Airport,St Denis,RE
Pierrefonds Airport,St Pierre,RE
Moramanga Aerodrome,Moramanga,MG
Betainomby Airport,Betainomby,MG
Antananarivo Arivonimamo Airport,,MG
Malaimbandy Airport,Malaimbandy,MG
Antsirabe Airport,Antsirabe,MG
Antsalova Airport,Antsalova,MG
Mahanoro Airport,Mahanoro,MG
Ivato Airport,Antananarivo,MG
Ambohijanahary Airport,Ambohijanahary,MG
Ankavandra Airport,Ankavandra,MG
Belo sur Tsiribihina Airport,Belo sur Tsiribihina,MG
Miandrivazo Airport,,MG
Maintirano Airport,Maintirano,MG
Amparafaravola Airport,Amparafaravola,MG
Atsinanana Airport,Ilaka,MG
Morafenobe Airport,Morafenobe,MG
Sainte Marie Airport,,MG
Toamasina Airport,,MG
Tambohorano Airport,Tambohorano,MG
Morondava Airport,,MG
Tsiroanomandidy Airport,Tsiroanomandidy,MG
Vatomandry Airport,Vatomandry,MG
Ambatondrazaka Airport,Ambatondrazaka,MG
Arrachart Airport,,MG
Mananara Nord Airport,Mananara Nord,MG
Andapa Airport,,MG
Ambilobe Airport,,MG
Avaratra Airport,Befandriana,MG
Port Berge Airport,Port Berge,MG
Antsirabato Airport,,MG
Ambanja Airport,Ambanja,MG
Analalava Airport,,MG
Amborovy Airport,,MG
Fascene Airport,Nosy Be,MG
Soalala Airport,Soalala,MG
Mampikony Airport,Mampikony,MG
Besalampy Airport,,MG
Maroantsetra Airport,,MG
Sambava Airport,,MG
Tsaratanana Airport,Tsaratanana,MG
Vohimarina Airport,,MG
Ambalabe Airport,Antsohihy,MG
Mandritsara Airport,Mandritsara,MG
Ampampamena Airport,,MG
Ambalavao Airport,Ambalavao,MG
Antsoa Airport,Beroroha,MG
Mandabe Airport,Mandabe,MG
Tolanaro Airport,Tolanaro,MG
Betroka Airport,Betroka,MG
Fianarantsoa Airport,,MG
Farafangana Airport,,MG
Ihosy Airport,Ihosy,MG
Manja Airport,Manja,MG
Manakara Airport,,MG
Bekily Airport,Bekily,MG
Mananjary Airport,,MG
Samangoky Airport,Tanandava,MG
Morombe Airport,,MG
Toliara Airport,,MG
Vangaindrano Airport,Vangaindrano,MG
Betioky Airport,Betioky,MG
Ampanihy Airport,Ampanihy,MG
Ankazoabo Airport,Ankazoabo,MG
Cahama Airport,Cahama,AO
Matala Airport,Matala,AO
Cabo Ledo Airport,Cabo Ledo,AO
Ambriz Airport,Ambriz,AO
Mbanza Congo Airport,Mbanza Congo,AO
Benguela Airport,Benguela,AO
Dr. Antonio Agostinho Neto International Airport,Luanda,AO
Cabinda Airport,Cabinda,AO
Camembe Airport,Camembe,AO
Cacolo Airport,Cacolo,AO
Cafunfo Airport,Cafunfo,AO
Chitato Airport,Chitato,AO
Camabatela Airport,Camabatela,AO
Catumbela Airport,Catumbela,AO
Cuito Cuanavale Airport,Cuito Cuanavale,AO
Camaxilo Airport,Camaxilo,AO
Cazombo Airport,Cazombo,AO
Damba Airport,Damba,AO
Dundo Airport,Chitato,AO
Ngjiva Pereira Airport,Ngiva,AO
Nova Lisboa Airport,Huambo,AO
Kuito Airport,Kuito,AO
Lobito Airport,Lobito,AO
Lucapa Airport,Lucapa,AO
Quatro De Fevereiro Airport,Luanda,AO
Luzamba Airport,Luzamba,AO
Malanje Airport,Malanje,AO
Menongue Airport,Menongue,AO
Namibe Airport,Namibe,AO
Maquela do Zombo Airport,Maquela do Zombo,AO
Negage Airport,Negage,AO
Porto Amboim Airport,Port Amboim,AO
Sanza Pombo Airport,Sanza Pombo,AO
Saurimo Airport,Saurimo,AO
Soyo Airport,Soyo,AO
Sumbe Airport,Sumbe,AO
Toto Airport,Toto,AO
Luau Airport,Luau,AO
Lubango Airport,Lubango,AO
Luena Airport,Luena,AO
Uige Airport,Uige,AO
Waco Kungo Airport,Waco Kungo,AO
Xangongo Airport,Xangongo,AO
N'zeto Airport,N'zeto,AO
Nzagi Airport,Nzagi,AO
Akiéni Airport,Akiéni,GA
Booue Airport,Booue,GA
Ndende Airport,Ndende,GA
Fougamou Airport,Fougamou,GA
M'Bigou Airport,M'Bigou,GA
Moabi Airport,Moabi,GA
Ville Airport,N'Djole,GA
Koulamoutou Airport,Koulamoutou,GA
Mouilla Ville Airport,Mouila,GA
Oyem Airport,Oyem,GA
Okondja Airport,Okondja,GA
Lambarene Airport,Lambarene,GA
Minvoul Airport,Minvoul,GA
Bitam Airport,Bitam,GA
Cocobeach Airport,Cocobeach,GA
Moanda Airport,Moanda,GA
Mekambo Airport,Mekambo,GA
Port Gentil Airport,Port Gentil,GA
Omboue Hopital Airport,Omboue,GA
Makokou Airport,Makokou,GA
Leon M Ba Airport,Libreville,GA
Mitzic Airport,Mitzic,GA
M'Vengue El Hadj Omar Bongo Ondimba International Airport,Franceville,GA
Lastourville Airport,Lastourville,GA
Sette Cama Airport,Sette Cama,GA
Tchibanga Airport,Tchibanga,GA
Mayumba Airport,Mayumba,GA
Principe Airport,,ST
Sao Tome International Airport,Sao Tome,ST
Vila Franca do Save Airport,Vila Franca do Save,MZ
Angoche Airport,Angoche,MZ
Bilene Airport,Bilene,MZ
Beira Airport,Beira,MZ
Cuamba Airport,Cuamba,MZ
Chimoio Airport,Chimoio,MZ
Furancungo Airport,Furancungo,MZ
Inhaca Airport,Inhaca,MZ
Inhambane Airport,Inhambabe,MZ
Lichinga Airport,Lichinga,MZ
Lumbo Airport,Lumbo,MZ
Maputo Airport,Maputo,MZ
Mueda Airport,Mueda,MZ
Mocimboa da Praia Airport,Mocimboa da Praia,MZ
Marrupa Airport,Marrupa,MZ
Nacala Airport,Nacala,MZ
Nampula Airport,Nampula,MZ
Pemba Airport,Pemba / Porto Amelia,MZ
Ponta do Ouro Airport,Ponta do Ouro,MZ
Quelimane Airport,Quelimane,MZ
Songo Airport,Songo,MZ
Chingozi Airport,Tete,MZ
Ulongwe Airport,Ulongwe,MZ
Vilankulo Airport,Vilanculo,MZ
Xai-Xai Airport,Xai-Xai,MZ
Alphonse Airport,Alphonse Island,SC
Assumption Island Airport,Assumption Island,SC
Darros Airport,Darros Island,SC
Desroches Airport,Desroches Island,SC
Farquhar Airport,Farquhar Group,SC
Seychelles International Airport,Mahe Island,SC
Marie-Louise Airport,Marie-Louise Island,SC
Platte Airport,Platte Island,SC
Praslin Airport,Praslin Island,SC
Bird Island Airport,Bird Island,SC
Coetivy Airport,Coetivy Island,SC
Denis Island Airport,Denis Island,SC
Fregate Island Airport,Fregate Island,SC
Remire Island Airport,Remire Island,SC
Sarh Airport,Sarh,TD
Bongor Airport,Bongor,TD
Abeche Airport,,TD
Moundou Airport,,TD
Biltine Airport,Biltine,TD
Fada Airport,Fada,TD
Goz-Beida Airport,Goz-Beida,TD
Lai Airport,Lai,TD
Ati Airport,Ati,TD
N'Djamena International Airport,N'Djamena,TD
Bokoro Airport,Bokoro,TD
Bol Airport,Bol,TD
Mongo Airport,Mongo,TD
Am Timan Airport,Am Timan,TD
Pala Airport,Pala,TD
Zouar Airport,Zouar,TD
Bousso Airport,Bousso,TD
Mao Airport,Mao,TD
Faya Largeau Airport,,TD
Bardai Zougra Airport,Bardai Zougra,TD
Kwekwe East Airport,,ZW
Mhangura Airport,,ZW
Aberdeen Airport,Aberdeen,ZW
Braebourne Airport,Braebourne,ZW
Beit Bridge Airport,,ZW
Binga Airport,Binga,ZW
Mabalauta Airport,Mabalauta,ZW
Bumi Airport,Bumi,ZW
Bosbury Airport,Bosbury,ZW
Joshua Mqabuko Nkomo International Airport,Bulawayo,ZW
C.C. Strip,C.C. Strip,ZW
Chirundu Airport,Chirundu,ZW
Celina Airport,Celina,ZW
Chipinge Airport,Chipinge,ZW
Cam+Motor Airport,Cam+Motor,ZW
Centenary Airport,,ZW
Charles Prince Airport,Harare,ZW
Chizarira Airport,Chizarira,ZW
Chivu Airport,Chivu,ZW
Buffalo Range Airport,Chiredzi,ZW
Dawsons Airport,Dawsons,ZW
Deka Airport,Deka,ZW
Dudley Airport,Dudley,ZW
Eduan Airport,Eduan,ZW
Victoria Falls International Airport,Victoria Falls,ZW
Fothergill Airport,Fothergill,ZW
Filabusi Airport,Filabusi,ZW
Gwanda Airport,Gwanda,ZW
Gokwe Airport,,ZW
Mutara Grand Ref Airport,,ZW
Gaths Mine Airport,Gaths Mine,ZW
Gweru Airport,Gweru,ZW
Harare International Airport,Harare,ZW
Home Park Airport,Home Park,ZW
Hippo Valley Airport,Chiredzi,ZW
Induna Airport,Induna,ZW
Itafa Airport,Itafa,ZW
Kariba International Airport,Kariba,ZW
Kwekwe Airport,Kwekwe,ZW
Mkwasine Airport,Mkwasine,ZW
Kezi Airport,Kezi,ZW
Langford Airport,Langford,ZW
Longuiel Airport,Longuiel,ZW
Lusulu Airport,Lusulu,ZW
Marondera Airport,Marondera,ZW
Mashumbi Airport,Mashumbi,ZW
Mount Darwin Airport,,ZW
Mabikwa Airport,Mabikwa,ZW
Mkonono Airport,Mkonono,ZW
Mana Pools Airport,Mana Pools,ZW
Middle Sabi Airport,Middle Sabi,ZW
Mutoko Airport,Mutoko,ZW
Mutare Airport,,ZW
Masvingo International Airport,Masvingo,ZW
Murewa Airport,Murewa,ZW
Nyanyadzi Airport,Nyanyadzi,ZW
Kotwa Airport,,ZW
Plumtree Airport,Plumtree,ZW
Ratelshoek Airport,Ratelshoek,ZW
Renroc Airport,Renroc,ZW
Rutenga Airport,Rutenga,ZW
Rusape Airport,Rusape,ZW
Zisco Airport,,ZW
Sanyati Estate Airport,Sanyati Estate,ZW
Zvishavane Airport,,ZW
Sun Yet Sen Airport,Sun Yet Sen,ZW
Spray View Airport,Spray View,ZW
Sengwa Gorge Airport,Sengwa Gorge,ZW
Siyalima Airport,Siyalima,ZW
Tashinga Airport,Tashinga,ZW
Tinfields Airport,Tinfields,ZW
Tengwe Airport,Tengwe,ZW
Tonje Airport,Tonje,ZW
Thornhill Air Base,Gweru,ZW
Tsholothso Airport,Tsholothso,ZW
Tuli Airport,Tuli,ZW
Wedza Airport,Wedza,ZW
Hwange National Park Airport,Hwange,ZW
Hwange Airport,Hwange,ZW
Inyati Airport,Inyati,ZW
Zisco Airport,Zisco,ZW
Zaka Airport,Zaka,ZW
Bangula Airport,Bangula,MW
Chilumba Prv Airport,Chilumba,MW
Chelinda Malawi Airport,,MW
Chileka International Airport,Blantyre,MW
Club Makokola Airport,Club Makokola,MW
Ntchisi Airport,Ntchisi,MW
Chitipa Airport,Chitipa,MW
Dwangwa Airport,Dwangwa,MW
Dedza Airport,Dedza,MW
Karonga Airport,Karonga,MW
Katumbi Airport,Katumbi,MW
Kasungu Airport,Kasungu,MW
Lilongwe International Airport,Lilongwe,MW
Nkhota Kota Airport,Nkhota Kota,MW
Lilongwe Airport,Lilongwe,MW
Likoma Island Airport,Likoma Island,MW
Lifupa Airport,Lifupa,MW
Mchinji Airport,Mchinji,MW
Mangochi Airport,Mangochi,MW
Monkey Bay Airport,Monkey Bay,MW
Mzimba Airport,Mzimba,MW
Ngabu Airport,Ngabu,MW
Nsanje Airport,Nsanje,MW
Salima Airport,Salima,MW
Nchalo Sucoma Airport,,MW
Mtakatata Airport,Mtakatata,MW
Zomba Airport,Zomba,MW
Bobete Airport,Bobete,LS
Katse Airport,Katse,LS
Kolberg Airport,Kolberg,LS
Lebakeng Airport,Lebakeng,LS
Leribe Airport,Leribe,LS
Lesobeng Airport,Lesobeng,LS
Letseng Airport,Letseng,LS
Matsaile Airport,Matsaile,LS
Mafeteng Airport,Mafeteng,LS
Mohale's Hoek Airport,Mohale's Hoek,LS
Mokhotlong Airport,Mokhotlong,LS
Malefiloane Airstrip,Malefiloane,LS
Moshoeshoe I International Airport,Maseru,LS
Mantsonyane Airport,Mantsonyane,LS
Mohlanapeng Airport,Mohlanapeng,LS
Mashai Store Airport,Mashai Store,LS
Matabeng Store Airport,Matabeng Store,LS
Mejametalana Airbase,Maseru,LS
Matabeng Village Airport,Matabeng Village,LS
Nohanas Airport,Nohanas,LS
Nkaus Airport,Nkaus,LS
Pelaneng Airport,Pelaneng,LS
Quthing Airport,Quthing,LS
Qacha's Nek Airport,Qacha's Nek,LS
Sehlabathebe Airport,Sehlabathebe,LS
Sehonghong Airport,Sehonghong,LS
Sekakes Airport,Sekakes,LS
Semonkong Airport,Semonkong,LS
Seshutes Airport,Seshutes,LS
St. Theresa Airport,St. Theresa,LS
Thaba-Tseka Airport,Thaba-Tseka,LS
Tebellong Airport,Tebellong,LS
Tlokoeng Airport,Tlokoeng,LS
Aroab B Airport,Aroab,
Aminuis Airstrip,Aminuis,
Arandis Airport,Arandis,
Aus Airport,Aus,
Ariamsvley Airport,Ariamsvley,
Bethanien Airport,Bethanien,
Bitterwasser Lodge & Flying Club Airfield,Bitterwasser,
Epukiro Airport,Epukiro,
Eenhana Airport,Eenhana,
Gobabis Airport,Gobabis,
Gochas Airstrip,Gochas,
Grootfontein Airport,Grootfontein,
Geluk Kuala Lodge Airport,,
Omaruru Game Lodge Airport,Omaruru,
Gravenstein Prv Airport,,
Helmeringhausen Airport,Helmeringhausen,
Hobas Airport,Hobas,
Intu Africa Pan Airport,,
Karibib Airport,Karibib,
Kalkfeld Airport,Kalkfeld,
Kalahari Game Lodge Airport,,
Kamanjab Airport,Kamanjab,
Katima Mulilo Airport,Mpacha,
Keetmanshoop Airport,Keetmanshoop,
Lianshulu Airport,Muneambuanas,
Luderitz Airport,Luderitz,
Meob Bay Landing Site,Meob Bay,
Mount Etjo Airport,,
Maltahoehe Airstrip,Maltahoehe,
Mariental Airport,Mariental,
Mokuti Lodge Airport,Mokuti Lodge,
Namutoni Airport,Namutoni,
Ondangwa Airport,Ondangwa,
Omega Airport,Omega,
Oranjemund Airport,Oranjemund,
Outjo Airport,Outjo,
Omaruru Airport,Omaruru,
Okahandja Airstrip,Okahandja,
Okaukuejo Airport,Okaukuejo,
Operet Airport,Operet,
Otjiwarongo Airport,Otjiwarongo,
Pokweni Glider Airport,,
Ruacana Airport,Ruacana,
Rosh Pinah Airport,Rosh Pinah,
Rag Rock Airport,,
Rundu Airport,Rundu,
Skorpion Mine Airport,Rosh Pinah,
Sossusvlei Moun Airport,,
Swakopmund Airport,Swakopmund,
Osona Airstrip,Osona,
Solitaire Airport,Solitaire,
Stampriet Pan Airport,Stampriet,
Sesriem Airstrip,,
Strate Airport,,
Tsumkwe Airport,Tsumkwe,
Tsumeb Airport,Tsumeb,
Uis Mine Airport,Uis Mine,
Walvis Bay Airport,Walvis Bay,
Wolwedans Airport,,
Eros Airport,Windhoek,
Hosea Kutako International Airport,Windhoek,
Witvlei Airport,Witvlei,
Canon Lodge Airport,,
Ndjili International Airport,Kinshasa,CD
Ndolo Airport,,CD
Celo Zongo Airport,Celo Zongo,CD
Kimpoko Airport,Kimpoko,CD
Nsangi Airport,Nsangi,CD
Muanda Airport,,CD
Tshela Airport,Tshela,CD
Kitona Base Airport,,CD
Boma Airport,Boma,CD
Luozi Airport,Luozi,CD
Tshimpi Airport,Matadi,CD
Inga Airport,Inga,CD
Lukala Airport,Lukala,CD
Nkolo Fuma Airport,Nkolo Fuma,CD
Inkisi Airport,Inkisi,CD
Konde Airport,Konde,CD
Kwilu-Ngongo Airport,Kwilu-Ngongo,CD
Luheki Airport,Luheki,CD
Mvula Sanda Airport,Mvula Sanda,CD
Inongo Airport,Inongo,CD
Bongimba Airport,Bongimba,CD
Bikoro Airport,Bikoro,CD
Oshwe Airport,Oshwe,CD
Beno Airport,Beno,CD
Bonkita Airport,Bonkita,CD
Kempa Airport,Kempa,CD
Isongo Airport,Isongo,CD
Nioki Airport,Nioki,CD
Mushie Airport,Mushie,CD
Boshwe Airport,Boshwe,CD
Djokele Airport,Djokele,CD
Malebo Airport,Malebo,CD
Bandundu Airport,,CD
Bolongonkele Airport,Bolongonkele,CD
Bindja Airport,Bindja,CD
Semendua Airport,Semendua,CD
Basango Mboliasa Airport,Kiri,CD
Ipeke Airport,Ipeke,CD
Kempile Airport,Kempile,CD
Basengele Airport,Basengele,CD
Kikwit Airport,,CD
Idiofa Airport,Idiofa,CD
Vanga Airport,Vanga,CD
Lusanga Airport,Lusanga,CD
Kahemba Airport,Kahemba,CD
Banga Airport,Banga,CD
Kajiji Airport,Kajiji,CD
Banza Lute Airport,Banza Lute,CD
Mangai Ii Airport,Mangai Ii,CD
Boko Airport,Boko,CD
Popokabaka Airport,Popokabaka,CD
Busala Airport,Busala,CD
Kenge Airport,Kenge,CD
Fatundu Airport,Fatundu,CD
Ito Airport,Ito,CD
Masi Manimba Airport,Masi Manimba,CD
Kikongo Sur Wamba Airport,Kikongo Sur Wamba,CD
Kimafu Airport,Kimafu,CD
Yuki Airport,Yuki,CD
Malanga Airport,Malanga,CD
Kimbau Airport,Kimbau,CD
Wamba Luadi Airport,Wamba Luadi,CD
Tono Airport,Tono,CD
Nzamba Airport,Nzamba,CD
Nyanga Airport,Nyanga,CD
Ngi Airport,Ngi,CD
Mutena Airport,Mutena,CD
Kipata Katika Airport,Kipata Katika,CD
Kolokoso Airport,Kolokoso,CD
Masamuna Airport,Masamuna,CD
Mongo Wa Kenda Airport,Mongo Wa Kenda,CD
Moanza Airport,Moanza,CD
Mukedi Airport,Mukedi,CD
Mazelele Airport,Mazelele,CD
Bokela Airport,Bokela,CD
Yasa Bongo Airport,Yasa Bongo,CD
Matari Airport,Matari,CD
Kimpangu Airport,Kimpangu,CD
Missayi Airport,Missayi,CD
Mbandaka Airport,Mbandaka,CD
Monieka Airport,Monieka,CD
Ingende Airport,Ingende,CD
Yembe Moke Airport,Yembe Moke,CD
Basankusu Airport,Basankusu,CD
Beongo Airport,Beongo,CD
Mentole Airport,Mentole,CD
Kodoro Airport,Kodoro,CD
Ngumu Airport,Ngumu,CD
Libenge Airport,Libenge,CD
Imesse Airport,Imesse,CD
Engengele Airport,Engengele,CD
Gbadolite Airport,,CD
Abumumbazi Airport,Abumumbazi,CD
Bau Airport,Bau,CD
Bokada Airport,Bokada,CD
Mokaria-Yamoleka Airport,Mokaria-Yamoleka,CD
Goyongo Airport,Goyongo,CD
Gemena Airport,Gemena,CD
Kala Airport,Kala,CD
Lombo Airport,Lombo,CD
Kotakoli Airport,,CD
Mpaka Airport,Mpaka,CD
Mombongo Airport,Mombongo,CD
Karawa Airport,Karawa,CD
Tandala Airport,Tandala,CD
Bumbar Airport,Bumbar,CD
Gbado Airport,Gbado,CD
Gwaka Airport,Gwaka,CD
Lisala Airport,Lisala,CD
Bosondjo Airport,Bosondjo,CD
Bolila Airport,Bolila,CD
Binga Airport,Binga,CD
Bokungu Airport,Bokungu,CD
Mondombe Airport,Mondombe,CD
Wema Airport,Wema,CD
Yalingimba Airport,Yalingimba,CD
Boende Airport,Boende,CD
Boteka Airport,Boteka,CD
Ikela Airport,Ikela,CD
Monkoto Airport,Monkoto,CD
Yemo Airport,Yemo,CD
Kisangani Simisini Airport,,CD
Bangoka International Airport,Kisangani,CD
KM 95 CFL Airport,KM 95 CFL,CD
Katende Airport,Katende,CD
Yangambi Airport,Yangambi,CD
Lokutu Airport,Lokutu,CD
Doko Airport,Doko,CD
Dungu-Uye Airport,Dungu-Uye,CD
Doruma Airport,Doruma,CD
Aba Airport,Aba,CD
Matari Airport,,CD
Watsa Airport,Watsa,CD
Faradje Airport,Faradje,CD
Luniemu Airport,Luniemu,CD
Kere Kere Airport,Kere Kere,CD
Bunia Airport,,CD
Bambili-Dingila Airport,Bambili-Dingila,CD
Mahagi Airport,Mahagi,CD
Kilomines Airport,Kilomines,CD
Yedi Airport,Yedi,CD
Buta Zega Airport,,CD
Aketi Airport,Aketi,CD
Ango Airport,Ango,CD
Bukavu Kavumu Airport,,CD
Rughenda Airfield,Butembo,CD
Mulungu Airport,Mulungu,CD
Nzovu Airport,Nzovu,CD
Bulongo Kigogo Airport,Bulongo Kigogo,CD
Kimano Ii Airport,Kimano Ii,CD
Shabunda Airport,Shabunda,CD
Goma International Airport,Goma,CD
Katale Airport,Katale,CD
Rutshuru Airport,Rutshuru,CD
Lubero Airport,Lubero,CD
Ishasha Airport,Ishasha,CD
Katanda Rusthuru Airport,Katanda Rusthuru,CD
Beni Airport,Beni,CD
Obaye Airport,Obaye,CD
Rwindi Airport,Rwindi,CD
Kindu Airport,Kindu,CD
Tingi-Tingi Airport,Tingi-Tingi,CD
Kamisuku Airport,Kalima,CD
Kinkungwa Airport,Kalima,CD
Kampene Airport,Kampene,CD
Kiapupe Airport,Kiapupe,CD
Lulingu Tshionka Airport,Lulingu Tshionka,CD
Moga Airport,Moga,CD
Obokote Airport,Obokote,CD
Kasongo Airport,Kasongo,CD
Kailo Airport,Kailo,CD
Punia Airport,Punia,CD
Punia-Basenge Airport,Punia-Basenge,CD
Saulia Airport,Saulia,CD
Kasese Airport,Kasese,CD
Phibraki Airport,Phibraki,CD
Kamituga Airport,Kamituga,CD
Lugushwa Airport,Lugushwa,CD
Lubumbashi International Airport,Lubumbashi,CD
Pweto Airport,Pweto,CD
Mulungwishi Airport,Mulungwishi,CD
Fungurume Airport,Fungurume,CD
Kasenga Airport,Kasenga,CD
Katwe Airport,Katwe,CD
Kamatanda Airport,Kamatanda,CD
Mwadingusha Airport,Mwadingusha,CD
Kolwezi Airport,,CD
Mutshatsha Airport,Mutshatsha,CD
Kisenge Airport,Kisenge,CD
Lubudi Airport,Lubudi,CD
Mitwaba Airport,Mitwaba,CD
Manono Airport,Manono,CD
Moba Airport,Moba,CD
Mukoy Airport,Mukoy,CD
Kabombo Airport,Kabombo,CD
Bukena Airport,Bukena,CD
Kalemie Airport,,CD
Sominka Airport,Sominka,CD
Pepa Airport,Pepa,CD
Kansimba Airport,Kansimba,CD
Lusinga Airport,Lusinga,CD
Kabalo Airport,Kabalo,CD
Nyunzu Airport,Nyunzu,CD
Luvua Airport,Luvua,CD
Kongolo Airport,Kongolo,CD
Kamina Base Airport,,CD
Kamina / Ville Airport,Kamina,CD
Songa Airport,Songa,CD
Sandoa Airport,Sandoa,CD
Kanene Airport,Kanene,CD
Dilolo Airport,Dilolo,CD
Kasaji Airport,Kasaji,CD
Kapanga Airport,Kapanga,CD
Kaniama Airport,Kaniama,CD
Luena Airport,Luena,CD
Kaniama Airport,Kaniama,CD
Kananga Airport,Kananga,CD
Lubondaie Airport,Lubondaie,CD
Kasonga Airport,Kasonga,CD
Luiza Airport,Luiza,CD
Moma Airport,Moma,CD
Mboi Airport,Mboi,CD
Muambi Airport,Muambi,CD
Tshikapa Airport,Tshikapa,CD
Bulape Airport,Bulape,CD
Mutoto Airport,Mutoto,CD
Luebo Airport,Luebo,CD
Musese Airport,Musese,CD
Diboko Airport,Diboko,CD
Tshibala Airport,Tshibala,CD
Tshikaji Airport,Tshikaji,CD
Katubwe Airport,Katubwe,CD
Lutshatsha Airport,Lutshatsha,CD
Kalonda Airport,Kalonda,CD
Lodja Airport,Lodja,CD
Kole Sur Lukenie Airport,Kole Sur Lukenie,CD
Dingele Airport,Dingele,CD
Lomela Airport,Lomela,CD
Kutusongo Airport,Kutusongo,CD
Katako'kombe Airport,Katako'kombe,CD
Shongamba Airport,Shongamba,CD
Lusambo Airport,Lusambo,CD
Tshumbe Airport,Tshumbe,CD
Lukombe-Batwa Airport,Lukombe-Batwa,CD
Wasolo Airport,Wasolo,CD
Mweka Airport,Mweka,CD
Wembo-Nyama Airport,Wembo-Nyama,CD
Beni-Dibele Airport,Beni-Dibele,CD
Dikungu Airport,Dikungu,CD
Basongo Airport,Basongo,CD
Ilebo Airport,Ilebo,CD
Dekese Airport,Dekese,CD
Idumbe Airport,Idumbe,CD
Mbuji Mayi Airport,Mbuji Mayi,CD
Bibanga Airport,Bibanga,CD
Gandajika Airport,Gandajika,CD
Mwene-Ditu Airport,Mwene-Ditu,CD
Kipushi Airport,Kipushi,CD
Kashia Airport,Kashia,CD
Munkamba Airport,Munkamba,CD
Kisengwa Airport,Kisengwa,CD
Lubao Airport,Lubao,CD
Tunta Airport,Kabinda,CD
Kintail Farm Airport,Monroe,US
The Flying W Ranch Airport,Flowery Branch,US
Wilson Airport,Ringgold,US
Mallards Landing Airport,Locust Grove,US
Monticello Sky Ranch Airport,Monticello,US
Ridgeview Farm Airport,Zebulon,US
Pinebloom Plantation Airport,Albany,US
Taylor Field,Bostwick,US
Big Creek Flying Ranch Airport,Clayton,US
Heath Green Skyranch Airport,Hinesville,US
Kayes Airport,,ML
Stafford Airport,Cumberland Island,US
Patterson Island Airport,Darien,US
Jordans Airport,Arlington,US
Wyatt Airport,Summerville,US
Wellers Landing Airport,Hollonville,US
Rockin R Airport,Clarkesville,US
Two Rocks Airport,Palmetto,US
Cypress Lakes Airport,Savannah,US
Readdick Field,Kingsland,US
Hodges Airpark,Savannah,US
Vada Airport,Bainbridge,US
Briggs Field,Guyton,US
Richards Airport,Lagrange,US
Arrendale Forest Airport,Clarkesville,US
High Point Airport,High Point/Cumberland Island,US
Bivins Airport,Waycross,US
Hamilton Strip,Norman Park,US
Dream Team Airport,Madison,US
Rollins Airport,Atlanta,US
Kenley Field,Brooks,US
Cedar Ridge Airport,Griffin,US
Home Field,Madison,US
King Sky Ranch Airport,Clarkesville,US
Flying 'H' Ranch Airport,Concord,US
Pratermill Flight Park Airport,Dalton,US
Shade Tree Airport,Concord,US
Takle Field,Concord,US
Meadowlark Airport,Concord,US
Broken Ranch Airport,Forsyth,US
Twin Forks Airport,Chickamauga,US
Whispering Pines Airport,Conyers,US
Big Dog - Cameron Field,Ft Valley,US
Windy Hill Airport,Covington,US
Little Tobesofkee Creek Ranch Airport,Barnesville,US
High Valley Airpark,Suches,US
Diamond S Airport,Lovejoy,US
Walker Field,Fayetteville,US
Beck Field,Fayetteville,US
Mc Lendon Airport,Fayetteville,US
Coleman Field,Fayetteville,US
Grayhill Airport,Lagrange,US
Miami Valley Farm Airport,Fort Valley,US
Ansongo Airport,Ansongo,ML
Bandiagara Airport,Bandiagara,ML
Bafoulabe Airport,Bafoulabe,ML
Bougouni Airport,Bougouni,ML
Bourem Airport,Bourem,ML
Senou Airport,Senou,ML
Dioila Airport,Dioila,ML
Douentza Airport,Douentza,ML
Faladie Airport,Faladie,ML
Goundam Airport,Goundam,ML
Gao Airport,,ML
Kenieba Airport,Kenieba,ML
Kidal Airport,Kidal,ML
Ke-Macina Airport,Ke-Macina,ML
Kolokani Airport,Kolokani,ML
Koutiala Airport,Koutiala,ML
Kita Airport,Kita,ML
Kayes Dag Dag Airport,,ML
Markala Airport,Markala,ML
Ambodedjo Airport,,ML
Menaka Airport,Menaka,ML
Niafunke Airport,Niafunke,ML
Nara Airport,Nara,ML
Nioro du Sahel Airport,Nioro du Sahel,ML
Sikasso Airport,Sikasso,ML
Dignangan Airport,,ML
Timbuktu Airport,Timbuktu,ML
Tessalit Airport,,ML
Yelimane Airport,Yelimane,ML
Banjul International Airport,Banjul,GM
Fuerteventura Airport,Fuerteventura Island,ES
La Gomera Airport,Alajero,ES
Hierro Airport,El Hierro Island,ES
La Palma Airport,Sta Cruz de la Palma,ES
El Berriel Aeroc Airport,Gran Canaria Island,ES
Gran Canaria Airport,Gran Canaria Island,ES
Lanzarote Airport,Lanzarote Island,ES
Tenerife South Airport,Tenerife Island,ES
Tenerife Norte Airport,Tenerife Island,ES
Christians Folly Airport,Naylor,US
Mclendon Field,Mulberry Grove,US
Gibson Field,Lafayette,US
Hogjowl Airport,Layfayette,US
Richter Airpark,Ashburn,US
Critter Creek Airport,Louisville,US
Anderson Airport,Bainbridge,US
Duke Strip 2 Airport,Dublin,US
Smith Field,Byron,US
Sandy Hill Airport,Waynesboro,US
River Bend Airport,Locust Grove,US
Southern Oaks Airport,Bostwick,US
Chigger Hill Airport,Locust Grove,US
Smith Field,Greensboro,US
Brownstone Airpark,Cave Spring,US
Hannah Creek Airport,Royston,US
Heaven's Landing Airport,Clayton,US
Melilla Airport,Melilla Island,ES
Sherbro International Airport,Bonthe,SL
Bo Airport,Bo,SL
Gbangbatok Airport,Gbangbatok,SL
Hastings Airport,Freetown,SL
Kabala Airport,Kabala,SL
Kenema Airport,Kenema,SL
Lungi International Airport,Freetown,SL
Tongo Airport,Tongo,SL
Yengema Airport,Yengema,SL
Quebo Airport,Quebo,GW
Bafata Airport,Bafata,GW
Bubaque Airport,Bubaque,GW
Cufar Airport,Cufar,GW
Osvaldo Vieira International Airport,Bissau,GW
Buchanan Airport,Buchanan,LR
Robertsport/Cape Mount Airport,Robertsport/Cape Mount,LR
Cape Palmas Airport,Harper,LR
Greenville Sinoe Airport,Greenville,LR
Lamco Airport,Buchanan,LR
Spriggs Payne Airport,Monrovia,LR
Nimba Airport,Nimba,LR
Roberts International Airport,Monrovia,LR
Sasstown Airport,Sasstown,LR
Tchien Airport,Tchien,LR
Voinjama Airport,Voinjama,LR
Inezgane Airport,,MA
Al Massira Airport,Agadir,MA
Tan Tan Airport,Tan Tan,MA
Zagora Airport,Zagora,MA
Ouezzane Airport,Beni Malek,MA
Bouarfa Airport,Bouarfa,MA
Saiss Airport,Fes,MA
Ifrane Airport,,MA
Moulay Ali Cherif Airport,Errachidia,MA
Bassatine Airport,Meknes,MA
Taouima Nador Airport,Nador,MA
Angads Airport,Oujda,MA
Fes Sefrou Airport,Fes,MA
Taza Airport,Taza,MA
Smara Airport,Smara,EH
Ben Slimane Airport,Ben Slimane,MA
Beni Mellal Airport,,MA
Rabat-Sale Airport,Rabat,MA
Sidi Ifni Xx Airport,Sidi Ifni,MA
Dakhla Airport,Dakhla,EH
Mogador Airport,Essaouira,MA
El Jadida Airport,El Jadida,MA
Hassan I Airport,El Aaiun,EH
Mohammed V International Airport,Casablanca,MA
Taroudant Airport,Taroudant,MA
Safi Airport,Safi,MA
Tit Mellil Airport,Casablanca,MA
Nador International Airport,Nador,MA
Menara Airport,Marrakech,MA
Kenitra Airport,,MA
Ouarzazate Airport,Ouarzazate,MA
Sidi Slimane Airport,Sidi Slimane,MA
Cherif Al Idrissi Airport,Al Hoceima,MA
Saniat Rmel Airport,,MA
Ibn Batouta Airport,Tangier,MA
Dodji Airport,Dodji,SN
Blaise Diagne International Airport,Diass,SN
Kolda North Airport,Kolda,SN
Ziguinchor Airport,Ziguinchor,SN
Cap Skirring Airport,Cap Skirring,SN
Kaolack Airport,Kaolack,SN
Leopold Sedar Senghor International Airport,Dakar,SN
Ouro Sogui Airport,Matam,SN
Podor Airport,Podor,SN
Richard Toll Airport,Richard Toll,SN
Saint Louis Airport,Saint Louis,SN
Bakel Airport,Bakel,SN
Kedougou Airport,Kedougou,SN
Simenti Airport,Simenti,SN
Tambacounda Airport,Tambacounda,SN
Aioun el Atrouss Airport,Aioun El Atrouss,MR
Boutilimit Airport,Boutilimit,MR
Tichitt Airport,Tichitt,MR
Tidjikja Airport,Tidjikja,MR
Abbaye Airport,Boghe,MR
Kiffa Airport,Kiffa,MR
Timbedra Airport,Timbedra,MR
Nema Airport,Nema,MR
Akjoujt Airport,Akjoujt,MR
Kaedi Airport,Kaedi,MR
Letfotar Airport,Moudjeria,MR
Dahara Airport,Timbreda,MR
Nouakchott International Airport,Nouakchott,MR
Selibaby Airport,Selibaby,MR
Tamchakett Airport,Tamchakett,MR
Atar International Airport,Atar,MR
Fderik Airport,Fderik,MR
Nouadhibou International Airport,Nouadhibou,MR
Bir Moghrein Airport,Bir Moghrein,MR
Tazadit Airport,Zouerate,MR
Conakry Airport,Conakry,GN
Fria Airport,,GN
Faranah Airport,,GN
Gbenko Airport,Banankoro,GN
Kawass Airport,Kawass,GN
Kissidougou Airport,Kissidougou,GN
Labe Airport,,GN
Macenta Airport,Macenta,GN
Nzerekore Airport,Nzerekore,GN
Boke Airport,Boke,GN
Sangaredi Airport,Sangaredi,GN
Sambailo Airport,Koundara,GN
Siguiri Airport,Siguiri,GN
Kankan Airport,Kankan,GN
Amilcar Cabral International Airport,Espargos,CV
Agostinho Neto Airport,Ponta do Sol,CV
Rabil Airport,Rabil,CV
Esperadinha Airport,Brava Island,CV
Maio Airport,Vila do Maio,CV
Mosteiros Airport,Vila do Mosteiros,CV
Praia International Airport,Praia,CV
Sao Filipe Airport,Sao Filipe,CV
Preguica Airport,Preguica,CV
Sao Pedro Airport,Sao Pedro,CV
Bole International Airport,Addis Ababa,ET
Adaba Airport,Adaba,ET
Lideta Army Airport,Addis Ababa,ET
Arba Minch Airport,,ET
Axum Airport,,ET
Baco Airport,Baco,ET
Bahir Dar Airport,Bahir Dar,ET
Beica Airport,Beica,ET
Combolcha Airport,Dessie,ET
Dembidollo Airport,Dembidollo,ET
Debra Marcos Airport,Debra Marcos,ET
Dodola Airport,Dodola,ET
Aba Tenna Dejazmach Yilma International Airport,Dire Dawa,ET
Debre Tabor Airport,Debre Tabor,ET
Fincha Airport,Fincha,ET
Robe Airport,Goba,ET
Ghinnir Airport,Ghinnir,ET
Gambella Airport,Gambela,ET
Gonder Airport,Gondar,ET
Gode Airport,Gode,ET
Gore Airport,Gore,ET
Harar Meda Airport,Debre Zeyit,ET
Humera Airport,Humera,ET
Jigjiga Garad Wilwal Airport,Jijiga,ET
Jimma Airport,Jimma,ET
Kabri Dehar Airport,Kabri Dehar,ET
Kelafo East Airport,Kelafo,ET
Awassa Airport,Awassa,ET
Lalibella Airport,Lalibela,ET
Tume Airport,Maji,ET
Mekele Airport,,ET
Masslo Airport,Masslo,ET
Metema Airport,Metema,ET
Mendi Airport,Mendi,ET
Mizan Teferi Airport,Mizan Teferi,ET
Nejjo Airport,Nejjo,ET
Nekemte Airport,Nekemte,ET
Soddu Airport,Soddu,ET
Sheik Hussein Airport,Sheik Hussein,ET
Asosa Airport,Asosa,ET
Shire Airport,Shire,ET
Tippi Airport,Tippi,ET
Waca Airport,Waca,ET
Bujumbura International Airport,Bujumbura,BI
Gitega Airport,Gitega,BI
Kirundo Airport,Kirundo,BI
Adado Airport,Adado,SO
Alula Airport,Alula,SO
Baidoa Airport,Baidoa,SO
Candala Airport,Candala,SO
Bardera Airport,,SO
Eil Airport,Eil,SO
Bosaso Airport,Bosaso,SO
Gardo Airport,Gardo,SO
Egal International Airport,Hargeisa,SO
Berbera Airport,Berbera,SO
Kisimayu Airport,,SO
Aden Adde International Airport,Mogadishu,SO
Belet Uen Airport,Belet Uen,SO
Obbia Airport,Obbia,SO
Galcaio Airport,Galcaio,SO
Scusciuban Airport,Scusciuban,SO
Erigavo Airport,Erigavo,SO
Burao Airport,Burao,SO
Garowe Airport,Garowe,SO
Assa-Gueyla Airport,Assa-Gueyla,DJ
Djibouti-Ambouli Airport,Djibouti City,DJ
Ali-Sabieh Airport,Ali-Sabieh,DJ
Chabelley Airport,Chabelley,DJ
Dikhil Airport,Dikhil,DJ
Herkale Airport,Herkale,DJ
Moucha Airport,Moucha Island,DJ
Obock Airport,Obock,DJ
Tadjoura Airport,Tadjoura,DJ
Hulwan,,EG
Birma,,EG
Siwa Oasis North Airport,Siwa,EG
Wadi Abu Shihat,,EG
Ras Sudr,,EG
El Alamein International Airport,El Alamein,EG
El Arish International Airport,El Arish,EG
Assiut International Airport,Assiut,EG
El Nouzha Airport,Alexandria,EG
Almaza Air Force Base,Cairo,EG
Borg El Arab International Airport,Alexandria,EG
Abu Simbel Airport,Abu Simbel,EG
Beni Suef Air Base,Beni Suef,EG
Cairo International Airport,Cairo,EG
Capital International Airport,New Administrative Capital,EG
Cairo West Airport,El Cairo,EG
Dakhla Airport,,EG
Giza Embaba Airport,Cairo,EG
Hurghada International Airport,Hurghada,EG
El Gouna Airport,El Gouna,EG
El Gora Airport,,EG
Jiyanklis Air Base,Jiyanklis,EG
El Kharga Airport,,EG
Luxor International Airport,Luxor,EG
Marsa Alam International Airport,Marsa Alam,EG
Sohag International Airport,Sohag,EG
Mersa Matruh Airport,Mersa Matruh,EG
October Airport,,EG
Shark El Oweinat International Airport,,EG
Port Said Airport,Port Said,EG
St Catherine International Airport,,EG
Sharm El Sheikh International Airport,Sharm el-Sheikh,EG
Aswan International Airport,Aswan,EG
Sphinx International Airport,Giza,EG
Taba International Airport,Taba,EG
El Tor Airport,,EG
Asmara International Airport,Asmara,ER
Massawa International Airport,Massawa,ER
Assab International Airport,Assab,ER
Teseney Airport,Teseney,ER
Princeville Airport,Hanalei,US
Mountain View Airstrip,Mountain View,US
Haiku Airstrip,Puhi,US
Kaluakoi Airport,Kaunakakai,US
Amboseli Airport,Amboseli National Park,KE
Bura East Airport,Bura,KE
Eldoret International Airport,Eldoret,KE
Embu Airport,Embu,KE
Eliye Springs Airport,Eliye Springs,KE
El Wak Airport,El Wak,KE
Kalokol Airport,Kalokol,KE
Garissa Airport,Garissa,KE
Garba Tula Airport,Garba Tula,KE
Homa Bay Airport,Homa Bay,KE
Hola Airport,Hola,KE
Isiolo Airport,Isiolo,KE
Jomo Kenyatta International Airport,Nairobi,KE
Kiambere Airport,Kiambere,KE
Keekorok Airport,Keekorok,KE
Kakamega Airport,Kakamega,KE
Kisumu Airport,Kisumu,KE
Kilaguni Airport,Kilaguni,KE
Kericho Airport,Kericho,KE
Kisii Airport,Kisii,KE
Kitale Airport,Kitale,KE
Kitui Airport,Kitui,KE
Lokitaung Airport,Lokitaung,KE
Lokichoggio Airport,Lokichoggio,KE
Lodwar Airport,Lodwar,KE
Manda Airstrip,Lamu,KE
Loyengalani Airport,Loyengalani,KE
Mandera Airport,Mandera,KE
Segel Airport,Marsabit,KE
Maralal (Kisima) Airport,Maralal,KE
Mulika Lodge Airport,Meru-Kinna,KE
Malindi Airport,Malindi,KE
Migori Airport,Migori,KE
Mombasa Moi International Airport,Mombasa,KE
Mara Serena Lodge Airstrip,Masai Mara,KE
Moyale Airport,Moyale (Lower),KE
Nyeri Airport,Nyeri,KE
Nakuru Airport,Nakuru,KE
Narok Airport,Narok,KE
Naivasha Airport,Naivasha,KE
Nairobi Wilson Airport,Nairobi,KE
Nanyuki Airport,Nanyuki,KE
Moi Air Base,Nairobi,KE
Samburu South Airport,Samburu South,KE
Ukunda Airstrip,Ukunda,KE
Voi Airport,Voi,KE
Webuye Airport,Webuye,KE
Wajir Airport,Wajir,KE
Zelten Sw New Airport,,LY
Beni Walid Airport,,LY
Matan al-Sarra Air Base,,LY
Al Wigh Airport,,LY
Agedabia Airport,,LY
Al Khadim Airport,,LY
Zuetina Airport,,LY
Qaryat Al Karmal Airport,,LY
Taminhint Airport,,LY
Al Jufra Airport,,LY
Al Khuwaymat Airport,,LY
Bir Umran Airport,,LY
Waddan Airport,,LY
Habit Awlad Muhammad Airport,,LY
Waw Al Kabir Airport,,LY
Matratin Airport,,LY
Al Hamada Con 66 East Airport,,LY
Wadi Buzanad Sw Airport,,LY
Nanur Airport,,LY
Sarir Nw Airport,,LY
Amal V12 Airport,Amal V12,LY
Beda (M-3) Airport,Beda M3,LY
Bu Attifel Airport,,LY
Gardabya Airport,Sirt,LY
Warehouse 59e Airport,,LY
Gamal Abdel Nasser Airport,Tobruk,LY
Ghat Airport,Ghat,LY
Kufra Airport,Kufra,LY
Benina International Airport,Benghazi,LY
Mitiga Airport,Tripoli,LY
La Abraq Airport,Al Bayda',LY
Sabha Airport,Sabha,LY
Tripoli International Airport,Tripoli,LY
Marsa Brega Airport,,LY
Misrata International Airport,Misrata,LY
Ras Lanuf Oil Airport,,LY
Nafurah 1 Airport,Nafurah 1,LY
Hon Airport,,LY
Dahra Airport,,LY
Sarir (C-4) Airport,Sarir,LY
Essider Airport,,LY
Ghadames East Airport,Ghadames,LY
Warehouse 59A Airport,Warehouse 59A,LY
Zella 74 Airport,,LY
Oxy A 103 Airport,Oxy A 103,LY
Zueitina Airport,,LY
Zwara Airport,Zuwara,LY
Gisenyi Airport,Gisenyi,RW
Butare Airport,Butare,RW
Nemba Airport,Nemba,RW
Gabiro Airport,Gabiro,RW
Kigali International Airport,Kigali,RW
Ruhengeri Airport,Ruhengeri,RW
Kamembe Airport,Kamembe,RW
Akobo Airport,Akobo,SS
Atbara Airport,Atbara,SD
Aweil Airport,Aweil,SS
Bor Airport,Bor,SS
Bentu Airport,Bentu,SS
Carthago Airport,Carthago,SD
El Debba Airport,El Debba,SD
Dilling Airport,Dilling,SD
Dongola Airport,Dongola,SD
Damazin Airport,Ad Damazin,SD
El Fasher Airport,El Fasher,SD
Azaza Airport,Gedaref,SD
Galegu Airport,Dinder,SD
Geneina Airport,Geneina,SD
Gogrial Airport,Gogrial,SD
Heglig Airport,Heglig Oilfield,SD
Kassala Airport,Kassala,SD
Khashm El Girba Airport,Khashm El Girba,SD
Kosti Airport,Kosti,SD
Kago Kaju Airport,Kago Kaju,SS
Kapoeta Airport,Kapoeta,SS
Kadugli Airport,Kadugli,SD
Marida Airport,Marida,SS
Rumbek Airport,Rumbek,SS
Merowe (Merowe New),,SD
Merowe Airport,Merowe,SD
Shendi Airport,Shendi,SD
En Nahud Airport,En Nahud,SD
Nimuli Airport,Nimuli,SS
Nyala Airport,Nyala,SD
New Halfa Airport,New Halfa,SD
El Obeid Airport,Al-Ubayyid,SD
Pachella Airport,Pachella,SS
Pibor Airport,Pibor Post,SS
Port Sudan New International Airport,Port Sudan,SD
Raga Airport,Raga,SS
Renk Airport,Renk,SS
Juba Airport,Juba,SS
Khartoum International Airport,Khartoum,SD
Malakal Airport,Malakal,SS
Port Sudan Air Base,Port Sudan,SD
Wadi Halfa Airport,Wadi Halfa,SD
Tong Airport,Tong,SS
Torit Airport,Torit,SS
Tumbura Airport,Tumbura,SS
Wau Airport,Wau,SS
Yambio Airport,Yambio,SS
Yei Airport,Yei,SS
Yirol Airport,Yirol,SS
Zalingei Airport,Zalingei,SD
Amani Gomvu Airport,Kutani,TZ
Arusha Airport,Arusha,TZ
Kibambawe Airstrip,Selous Game Reserve,TZ
Mbesa Airport,Mbesa Mission,TZ
Bukoba Airport,Bukoba,TZ
Chunya Airport,Chunya,TZ
Mwalimu Julius K. Nyerere International Airport,Dar es Salaam,TZ
Dodoma Airport,Dodoma,TZ
Iringa Airport,Nduli,TZ
Inyonga Airport,Inyonga,TZ
Kigoma Airport,Kigoma,TZ
Kibondo Airport,Kibondo,TZ
Kondoa Airport,Kondoa,TZ
Kilwa Masoko Airport,Kilwa Masoko,TZ
Kilimanjaro International Airport,Arusha,TZ
Kirondatal Airport,Kirondatal,TZ
Kongwa Airport,Kongwa,TZ
Kilosa Airport,Kilosa,TZ
Kilimatinde Airport,Kilimatinde,TZ
Loliondo Airport,Loliondo,TZ
Kikwetu Airport,Lindi,TZ
Liuli Airport,Liuli,TZ
Lake Manyara Airport,Lake Manyara National Park,TZ
Mafia Island Airport,Mafia Island,TZ
Mbeya Airport,Mbeya,TZ
Mwadui Airport,Mwadui,TZ
Mufindi Airport,Mufindi,TZ
Morogoro Airport,Morogoro,TZ
Masasi Airport,Masasi,TZ
Mikumi Airport,Mikumi,TZ
Malya Airport,Malya,TZ
Mombo Airport,Mombo,TZ
Mpanda Airport,Mpanda,TZ
Moshi Airport,Moshi,TZ
Mtwara Airport,Mtwara,TZ
Musoma Airport,Musoma,TZ
Mwanza Airport,Mwanza,TZ
Mpwapwa Airport,Mpwapwa,TZ
Nachingwea Airport,Nachingwea,TZ
Njombe Airport,Njombe,TZ
Ngara Airport,Ngara,TZ
Oltipesi Airport,,TZ
Pemba Airport,Chake,TZ
Singida Airport,Singida,TZ
Same Airport,Same,TZ
Mafinga Airport,Mafinga,TZ
Seronera Airport,Seronera,TZ
Songea Airport,Songea,TZ
Sumbawanga Airport,Sumbawanga,TZ
Shinyanga Airport,Shinyanga,TZ
Tabora Airport,Tabora,TZ
Tanga Airport,Tanga,TZ
Tunduru Airport,Tunduru,TZ
Nansio Airport,Ukerewe,TZ
Urambo Airport,Urambo,TZ
Utete Airport,Utete,TZ
Uvinza Airport,Uvinza,TZ
West Kilimanjaro Airport,West Kilimanjaro,TZ
Zanzibar Airport,Kiembi Samaki,TZ
Adjumani Airport,Adjumani,UG
Arua Airport,Arua,UG
Entebbe International Airport,Kampala,UG
Gulu Airport,Gulu,UG
Jinja Airport,Jinja,UG
Kabale Airport,,UG
Kabalega Falls Airport,Kabalega Falls,UG
Kasese Airport,Kasese,UG
Lira Airport,Lira,UG
Mbarara Airport,Mbarara,UG
Masindi Airport,Masindi,UG
Pakuba Airport,,UG
Soroti Airport,Soroti,UG
Tororo Airport,Tororo,UG
Ridge Airport,Oakland,US
Paradise Mountain Airport,Sidney,US
Yaw-Hoo Field,Clarinda,US
Loken Farm Airport,Northwood,US
Too Short Airport,Indianola,US
Mggenas Airport,Gibson,US
Picayune Airport,Iowa City,US
Besch Airport,Corwith,US
Agrivation Field,Indianola,US
Knight Field,Berkley,US
Gaa Private Airport,Guttenberg,US
Green Castle Airport,Oxford,US
Davis Airport,Nemaha,US
Antique Airfield,Blakesburg,US
Kleis Airport,Zwingle,US
Beeds Lake Airport,Hampton,US
Kelley Airport,Crescent,US
Plain Ol' Field,Clear Lake,US
Laverty Field,Indianola,US
Ritel Copter Airstrip,Hudson,US
Stagecoach Airport,Adair,US
Holt Farms Airport,Northwood,US
B-8 Farms Airport,Whiting,US
Carr Field,Hornick,US
Hall Farms Airport,Winterset,US
Matthias Field,Cresco,US
Edgren Airport,Oskaloosa,US
Workman Airfield,Stockton,US
Friesenborg & Larson Airport,Buffalo Center,US
Elf Run Airport,Winterset,US
Bascom Field,Elkhart,US
Kohlhaas Airport,Livermore,US
Lawton Airport,Lawton,US
Tuinstra Airfield,Indianola,US
Hedgewood Landing Airport,Indianola,US
Sj Airfield,Sheffield,US
Hubler Field,Caldwell,US
Cx Ranch Airport,Clark Fork,US
Canyon Airport,Murphy,US
Hackney Airpark,Athol,US
Lazy H Ranch Airport,Atlanta,US
Nichols Ranch Airport,Post Falls,US
S Bar Ranch Airport,Hill City,US
Weitz Airport,Marsing,US
Southfork River Ranch Airport,Stites,US
Russell W Anderson Strip,Riverside,US
Sky Island Ranch Airport,St Maries,US
Sluder Airstrip,Bellevue,US
Seven Devils Airport,Council,US
Bird Nr 2 Airport,Sandpoint,US
Smith Ranch Airport,Hauser Lake,US
Treeport Airport,Spirit Lake,US
Rock Creek Farm Airport,Worley,US
Timber Basin Airpark Inc Airport,Sagle,US
Olmstead Sky Ranch Airport,Sandpoint,US
P And R Field,Mayfield,US
Hawk Haven Airport,Coeur D'Alene,US
Mackay Bar Airport,Dixie,US
Big Island Airport,Orofino,US
Bens Ranch Airport,Cascade,US
Tuka Airport,Clark Fork,US
Stocking Meadows Airport,Clarkia,US
High Valley Airport,Cascade,US
Hell Roaring Ranch Airport,Stanley,US
Sunrise Skypark Airport,Marsing,US
Poplar Point Airport,Bruneau,US
Carlin Bay Airport,Coeur D'Alene,US
Hidden Lakes Airport,Cascade,US
Slickpoo Mx Park Airport,Slickpoo,US
Western Spur Airport,Athol,US
Flying Coyote Ranch Airport,Carmen,US
Battle Ridge Butte Airport,Kooskia,US
40 Acre Airstrip,Salmon,US
Star 'S' Ranch Airport,Mackay,US
Red Bird Airport,Lewiston,US
Flying A Ranch Airport,Lake Fork,US
Fountains Airport,Moscow,US
Valenov Ranch Airport,Priest River,US
Simpson Airport,Grace,US
Reek Ranch Airport,Emmett,US
Driftwood Air Ranch Airport,Coeur D'Alene,US
Sands Airport,Horseshoe Bend,US
Green Acres Airport,Kuna,US
Fairfield Ranch Airport,Fairfield,US
Huskey Airport,Irwin,US
Sulphur Creek Ranch Airport,Cascade,US
Riverlake Airport,Clark Fork,US
Elk Ridge Airport,Donnelly,US
Cuddy Meadows Airport,Cambridge,US
Cx Ranch Nr 2 Airport,Clark Fork,US
Sky Ranch South Airport,Nampa,US
Picabo Airport,Picabo,US
Bighorn Airpark,Lewiston,US
Cptpa Headquarters Airport,Headquarters,US
Elk River Airport,Elk River,US
Deadwood Dam Airstrip,Cascade,US
Rainbow Ranch Airport,Idaho Falls,US
Tracy Ranch Airport,Hill City,US
Big Flat Airport,Carmen,US
Greenleaf Air Ranch Airport,Greenleaf,US
Foster Field - Dzone Skydiving Airport,Star,US
Fecundity Farm Strip,Twin Falls,US
White Pine Flats Ranch Llc Airport,Troy,US
Summit Ridge Ranch Airstrip,Horseshoe Bend,US
Bear Air Airport,Donnelly,US
Wetcreek Airport,Mackay,US
Bluebird Airport,Paragon,US
Wheeler Airport,Knox,US
Josephs Field,Moores Hill,US
Buell Airport,Milan,US
Ferrell Airport,Cadiz,US
Clover Knoll Airport,Cloverdale,US
Rheude Airport,Earl Park,US
Patrum Field,Eminence,US
Dague Strip,Grass Creek,US
Sugar Creek Air Park,Markleville,US
Pigeon Airport,Angola,US
Lou Abbett Farms Airport,La Crosse,US
Zollinger Strip,Ligonier,US
Ward Airport,Arcadia,US
Stettler Strip,Leo,US
Ridgway Flying Service Airport,Carlisle,US
Sherk Field,Lapaz,US
C V Airport,Granger,US
Haffner Airport,Lizton,US
Giltner Airport,Madison,US
Strip Airport,Newport,US
Hickory Hills Airport,Hartford City,US
Durham Airport,Russellville,US
Salsbery Airport,Sharpsville,US
Eby Field,Wakarusa,US
Finney's Airpark,Albany,US
Sommers Airport,Winamac,US
Meadors Field,Danville,US
Hilakos Airport,Mount Vernon,US
Blomenberg Airport,Decatur,US
Twelve Oaks Airport,Martinsville,US
Lockyear Airport,St Wendel,US
Dunbar Field,Pittsboro,US
Bronson Airport,Bargersville,US
Rust's Landing Airport,Bourbon,US
Skeeter Landing Airport,Shelbyville,US
Wolford's Airport,Abingdon,US
Ravenwood Airport,Zion,US
Taylor Airport,Amboy,US
Donald Alfred Gade Airport,Antioch,US
Kinsey Airport,Arenzville,US
Runyan Aviation Airport,Bushnell,US
Klein-Oneal Airport,Lawrenceville,US
Grandpa's Farm Mendota Airport,Mendota,US
Ellis Airport,Davis,US
Bills Last Resort Rla Airport,New Berlin,US
Sugar Hollow Airport,Lane,US
Foster Field,Apple River,US
Yates Airport,Murrayville,US
Adkisson Airport,Hammond,US
Henderson Field,Belvidere,US
Bob Walberg Field,Belvidere,US
J Maddock Airport,Big Rock,US
Perry Airport,Kansas,US
Palmer Flying Service Inc Airport,Manito,US
Freeport/Dornink Airport,Freeport,US
St Louis Metro-East/Shafer Field,St Jacob,US
Aero Acres Airport,Campus,US
Williams Airport,Carthage,US
Durin Airport,Steward,US
Burns Field,Shippman,US
Younglove/Otterbach Airport,Earlville,US
Mc Culley Airport,Champaign,US
Cottonwood Airport,Bloomington,US
Idlas Airport,Genoa,US
Martin Airport,Lincoln,US
M A M Trail Airport,Little York,US
Nettle Creek Landings Airport,Morris,US
Dury Estates Airport,Hurst,US
Clair Rla Airport,Loraine,US
Wilt Airport,Walnut,US
Benoit Airport,Kankakee,US
Flying Illini Airport,De Land,US
Berns Airport,Clifton,US
Martin Airport,Clinton,US
Fisch Airport,Walnut,US
Douglas Airport,Colusa,US
Oakfield Airport,Kaneville,US
Krohe Airport,Beardstown,US
W Davis Airport,Compton,US
Earl Barnickel Airport,Compton,US
Sackman Field,Columbia,US
Hendrickson Flying Service Airport,Creston,US
Hoblit Farms Airport,Atlanta,US
Corn Field,Custer Park,US
Harford Airport,Mazon,US
B & C Airport,Earlville,US
Sutton Airport,Montmorenci,US
Kephart Field,Bargersville,US
Green Acres Airport,Seymour,US
Alford Airpark,Petersburg,US
Sojourner Field,Kouts,US
Stevens Farms Airport,Rushville,US
Twin Lakes Airport,Marysville,US
Shakamak Airport,Jasonville,US
Schleter Field,Greenfield,US
Plummer Airport,Kewanna,US
Dungan Airport,Connersville,US
Greenridge Airport,Lanesville,US
T & T Airport,Vincennes,US
Crown Point Airfield,Crown Point,US
Jungclaus Airport,Martinsville,US
Gutwein Airport,Francesville,US
Zeller Elev Company Airport,Mount Vernon,US
Mcpherson Airfield,Milan,US
Culp Airport,Francesville,US
Durflinger Airport,Otterbein,US
Hull Airport,Patoka,US
Bitar Field,Pendleton,US
Hallmark Airport,Francesville,US
Robison Airport,Peru,US
Countryview Airport,Goshen,US
Plugger Airport,Evansville,US
Creekbend Airport,Elletsville,US
Stewarts Green Acres Airport,North Liberty,US
Blackhawk Airport,Lake Village,US
Flying U Ranch Airport,Union Mills,US
Spring Lake Airport,Pekin,US
Habermel Airport,Salem,US
4 Winds Aerodrome,Roachdale,US
Butler Field,Rockville,US
Powell Airport,Atlanta,US
Beechwood Flying Field,Scottsburg,US
Windy Knoll Airport,Sheridan,US
Miller Airport,Spencer,US
I & C Field,Culver,US
Songer Airport,Veedersburg,US
Carroll's Airpark,Muncie,US
Shure Airport,Farmersburg,US
Mattingly Field,Martinsville,US
Wilderness Field,Westfield,US
Tropria Airport,Churubusco,US
Horizon Field,Eaton,US
Wolfe Field,Shipshewana,US
Blackmon Field,Monterey,US
Bodin Airport,Chesterton,US
Mayer Airport,Union Dale,US
Small Field,Carthage,US
Foos Field,Granger,US
Lautzenhiser Airpark,Hamilton,US
Bowlin Airport,Huntington,US
Singleton's Landing Strip,Knox,US
Sanders Gyroport Airport,Cloverdale,US
Valhalla Airport,Maples,US
Hustons Airport,New Carlisle,US
Donica Field,Morgantown,US
Jay Schertz Farm Airport,Lowpoint,US
Curless Airport,Summum,US
Vodden Airport,Esmond,US
Carlson Airport,Pecatonica,US
Niklaus Airport,Farmer City,US
Willhoit Airport,Staunton,US
Piper's Landing Airport,Lawrenceville,US
Vogen Airport,Newark,US
Schilson Field,Carthage,US
Mc Christy Airport,Stonington,US
Morton Airport,La Harpe,US
Herren Airport,Timewell,US
Wind Rose Farm Airport,Marengo,US
Rotstein Airport,Kirkland,US
Woodlake Landing Airport,Sandwich,US
Rhea Airport,Pontoosuc,US
Early - Merkel Field,Pecatonica,US
Hendrix Airport,Buckingham,US
Melody Field,Danville,US
Sue Rock International Airport,Rock City,US
Clearwater Aero Estates Airport,Wisconsin Dells,US
Paramount Air Airport,Green Creek,US
Var-Sky Airport,Woodstown,US
Weiss Farm Airport,Allamuchy,US
Wide Sky Airpark,Bridgeton,US
Rainbow's End Airport,Salem,US
Hill Top Airport,West Milford,US
Red Lion Airport,Vincentown,US
Animas Air Park,Durango,US
Broadus Airport,Broadus,US
Thigpen Field,Bay Springs,US
Bucks Airport,Bridgeton,US
Livingston Municipal Airport,Livingston,US
Mc Kenzie Bridge State Airport,Mc Kenzie Bridge,US
Big Horn County Airport,Hardin,US
Lower Granite State Airport,Colfax,US
Purkeypile Airport,Purkeypile,US
Perry-Warsaw Airport,Perry,US
Hilliard Airpark,Hilliard,US
Caldwell Municipal Airport,Caldwell,US
Tishomingo County Airport,Belmont,US
Duckwater Airport,Duckwater,US
Chilton County Airport,Clanton,US
Capitol Drive Airport,Brookfield,US
Columbiana County Airport,East Liverpool,US
Wise River Airport,Wise River,US
Mansfield Municipal Airport,Mansfield,US
Memphis Memorial Airport,Memphis,US
Utirik Airport,Utirik Island,MH
Sandy River Airport,Sandy,US
Frank Sikes Airport,Luverne,US
Lansdowne Airport,Youngstown,US
Calhoun County Airport,Pittsboro,US
Saguache Municipal Airport,Saguache,US
Field Of Dreams Airport,Hinckley,US
Hawley Municipal Airport,Hawley,US
Griffith-Merrillville Airport,Griffith,US
New Town Municipal Airport,New Town,US
South Oaks Aerodrome,Winterville,US
Vernonia Municipal Airport,Vernonia,US
Eureka Airport,Eureka,US
Blanca Airport,Blanca,US
Henning Municipal Airport,Henning,US
Moton Field Municipal Airport,Tuskegee,US
Schaumburg Regional Airport,Chicago/Schaumburg,US
Rolla Municipal/Leonard Krech Field,Rolla,US
Eupora Airport,Eupora,US
Randall Airport,Middletown,US
Jackpot/Hayden Field,Jackpot,US
Herman Municipal Airport,Herman,US
Franklin Field,Union Springs,US
Gladewater Municipal Airport,Gladewater,US
Central City Municipal/Larry Reineke Field,Central City,US
Bermudian Valley Airpark,Kralltown,US
Bishop-Windham Airport,Bishop,US
Beaumont Hotel Airport,Beaumont,US
Cuchara Valley At La Veta Airport,La Veta,US
Hill City/Quadna Mountain Airport,Hill City,US
Wetumpka Municipal Airport,Wetumpka,US
Merrymeeting Field,Bowdoinham,US
Riverview Airport,Jenison,US
Stanley Municipal Airport,Stanley,US
City Of Coalgate Airport,Coalgate,US
Harvard State Airport,Harvard,US
Carthage-Leake County Airport,Carthage,US
Keller Brothers Airport,Lebanon,US
Richmond Airport,West Kingston,US
Stevens-Crosby Airport,North Fork,US
Butler/Choctaw County Airport,Butler,US
Jekyll Island Airport,Jekyll Island,US
Sargent Municipal Airport,Sargent,US
Charleston Municipal Airport,Charleston,US
Airhaven Airport,Staatsburg,US
Tyler County Airport,Woodville,US
Sullivan Lake State Airport,Metaline Falls,US
Lazy G Bar Ranch Airport,Decatur,US
Smithville Municipal Airport,Smithville,US
Johnson City Airport,Johnson City,US
Hendersonville Airport,Hendersonville,US
Bibb County Airport,Centreville,US
William B Greene Jr Regional Airport,Elizabethton,US
Bethel Regional Airport,Bethel,US
Brewer Airport,Brewer,US
Hartington Municipal/Bud Becker Field,Hartington,US
Turners Falls Airport,Montague,US
Warren-Sugarbush Airport,Warren,US
Elizabeth Field,Fishers Island,US
Dacy Airport,Harvard,US
Triple R Airport,Dearborn,US
Hinckley Airport,Hinckley,US
Pender Municipal Airport,Pender,US
Canadian Lakes Airport,Mecosta,US
Cushing Field Ltd Airport,Newark,US
Gettysburg Municipal Airport,Gettysburg,US
Bowie Municipal Airport,Bowie,US
Spirit Lake Municipal Airport,Spirit Lake,US
Loup City Municipal Airport,Loup City,US
Fountainhead Lodge Airpark,Eufaula,US
Tishomingo Airpark,Tishomingo,US
Tecumseh Municipal Airport,Tecumseh,US
Williams County Airport,Bryan,US
Finger Lakes Regional Airport,Seneca Falls,US
Trego Wakeeney Airport,Wakeeney,US
Kahoka Municipal Airport,Kahoka,US
Brazil Clay County/Charles B Hall Field,Brazil,US
Cynthiana-Harrison County Airport,Cynthiana,US
W E Ranch Airport,Thatcher,US
Abbeville Municipal Airport,Abbeville,US
Florala Municipal Airport,Florala,US
Flying Ten Airport,Archer,US
Dobie's Airport,Inola,US
Humboldt Municipal Airport,Humboldt,US
Lida Junction Airport,Goldfield,US
Jean Airport,Jean,US
Echo Bay Airport,Overton,US
Billy Free Municipal Airport,Dumas,US
Reelfoot Lake Airport,Tiptonville,US
Paul Bridges Field,Hohenwald,US
Benton County Airport,Camden,US
Humphreys County Airport,Waverly,US
Byerley Airport,Lake Providence,US
Delhi Municipal Airport,Delhi,US
Roosterville Airport,Liberty,US
Chandelle Airport,Dover,US
Baker Airport,Baker,US
Corning Municipal Airport,Corning,US
Ward Field,Gasquet,US
Van Pak Airport,Prairie View,US
Shoestring Aviation Airfield,Stewartstown,US
Lazy B Ranch Airport,Dover,US
Sonoma Valley Airport,Schellville/Sonoma,US
Selma Airport,Selma,US
Shelter Cove Airport,Shelter Cove,US
Sonoma Skypark Airport,Sonoma,US
Columbia/Marion County Airport,Columbia,US
Atmore Municipal Airport,Atmore,US
Lincoln Municipal Airport,Lincoln,US
Concordia Parish Airport,Vidalia,US
David G Joyce Airport,Winnfield,US
Hampton Municipal Airport,Hampton,US
The Red River Airport,Coushatta,US
Lind Airport,Lind,US
Meadow Creek Usfs Airport,Meadow Creek,US
Nezperce Municipal Airport,Nezperce,US
Dorothy Scott International Airport,Oroville,US
Jefferson County International Airport,Port Townsend,US
Landmark Usfs Airport,Landmark,US
Warm Springs Creek Airport,Lowman,US
Copper Basin Airport,Mackay,US
Mahoney Creek Usfs Airport,Mahoney Creek,US
Hollow Top Airport,Carey,US
May Airport,May,US
Lee Williams Memorial Airport,Midvale,US
Pioneer Village Field,Minden,US
Brookneal/Campbell County Airport,Brookneal,US
Kayenta Airport,Kayenta,US
Lee County Airport,Jonesville,US
Harford County Airport,Churchville,US
Lake Mills Municipal Airport,Lake Mills,US
Galt Field,Greenwood/Wonder Lake,US
Winsted Municipal Airport,Winsted,US
Holmes County Airport,Millersburg,US
Owyhee Airport,Owyhee,US
Ox Ranch Airport,Uvalde,US
Clayton Municipal Airport,Clayton,US
Squadron Field,Erie,US
Candlelight Farms Airport,New Milford,US
Brenham Municipal Airport,Brenham,US
Sekiu Airport,Sekiu,US
Rocking L Airport,Sonora,US
Easton/Valley View Airport,Greeley,US
Flying Feathers Airport,Chilton,US
Arkavalley Airport,Greenbrier,US
Tower Municipal Airport,Tower,US
Shelby Community Airport,Shelby,US
Brewton Municipal Airport,Brewton,US
Superior Municipal Airport,Superior,US
Aeroflex/Andover Airport,Andover,US
Monument Municipal Airport,Monument,US
Ona Airpark,Milton,US
Le Sueur Municipal Airport,Le Sueur,US
Lakeview/Griffith Field,Lakeview,US
Lt William M Milliken Airport,Eureka,US
Jewett Mesa Airport,Apache Creek,US
Camano Island Airfield,Stanwood,US
Littlefork Municipal/Hanover Airport,Littlefork,US
Lake Norman Airpark,Mooresville,US
Fremont Airport,Fremont,US
Carl Folsom Airport,Elba,US
Hollandale Municipal Airport,Hollandale,US
Beltzville Airport,Lehighton,US
Westport Airport,Westport,US
Todd Field,Long Prairie,US
Mark Reynolds/North Mobile County Airport,Creola,US
Haskell Municipal Airport,Haskell,US
Weltzien Skypark Airport,Wadsworth,US
Cook County Airport,Adel,US
Segars Field,Iuka,US
Jenkins Airport,Wyoming,US
Perham Municipal Airport,Perham,US
Seneca County Airport,Tiffin,US
Dawson Municipal Airport,Dawson,US
Myrtle Creek Municipal Airport,Myrtle Creek,US
Little Goose Lock And Dam Airport,Starbuck,US
Propwash Airport,Justin,US
Trigger Gap Airport,Berryville,US
Port Bucyrus/Crawford County Airport,Bucyrus,US
Donalsonville Municipal Airport,Donalsonville,US
Boise City Airport,Boise City,US
Magee Municipal Airport,Magee,US
Cross Keys Airport,Cross Keys,US
Hiebert Airfield,Goessel,US
Chehalem Airpark,Newberg,US
Haxtun Municipal Airport,Haxtun,US
Franklin-Hart Airport,Canon,US
Mc Creary County Airport,Pine Knot,US
Fowler Airport,Fowler,US
Tatum Airport,Tatum,US
Platte Valley Airpark,Hudson,US
Milaca Municipal Airport,Milaca,US
C A Moore Airport,Lexington,US
Pine Valley Airport,Berlin,US
Sublette Municipal Airport,Sublette,US
Green Acres Airport,Livingston,US
Arthur Airport,Arthur,US
Martin Campbell Field,Copperhill,US
Logan Field,Samson,US
Macon County Airport,Franklin,US
Middlesboro/Bell County Airport,Middlesboro,US
Jackson County Airport,Gainesboro,US
Goldfield Airport,Goldfield,US
Prattville/Grouby Field,Prattville,US
Dexter Regional Airport,Dexter,US
Columbia County Airport,Hudson,US
Katama Airpark,Edgartown,US
Franconia Airport,Franconia,US
Hopedale Industrial Park Airport,Hopedale,US
Chapin Field,Cambridge,US
Mansfield Municipal Airport,Mansfield,US
Bonne Terre Municipal Airport,Bonne Terre,US
Paxton Airport,Paxton,US
Argyle Airport,Argyle,US
Bolingbrook's Clow International Airport,Bolingbrook,US
Cottonwood Airport,Rockford,US
Frazier Lake Airpark,Hollister,US
Milbank Municipal Airport,Milbank,US
Canton-Plymouth-Mettetal Airport,Plymouth,US
Platte Municipal Airport,Platte,US
Mayfield Airport,Akron,US
Hector Municipal Airport,Hector,US
The Sigurd Anderson Airport,Webster,US
Redfield Municipal Airport,Redfield,US
Big Bar Usfs Airport,Lucile,US
Dry Swamp Airport,Orangeburg,US
Ardmore Downtown Executive Airport,Ardmore,US
Plateau Sky Ranch Airport,Edinburg,US
Madill Municipal Airport,Madill,US
Hoxie-Sheridan County Airport,Hoxie,US
Airpark East Airport,Dallas,US
Wood County Regional Airport,Bowling Green,US
Elyria Airport,Elyria,US
Kent State University Airport,Kent,US
Grand Canyon West Airport,Peach Springs,US
Medina Municipal Airport,Medina,US
Eddie Dew Memorial Airpark,Toronto,US
Creve Coeur Airport,St Louis,US
Airlane Enterprises Airport,Clay,US
Effingham County Regional Airport,Effingham,US
State Technical College Of Missouri Airport,Linn,US
Greenville-Rainbow Airport,Greenville,US
Willow Springs Memorial Airport,Willow Springs,US
Casey Municipal Airport,Casey,US
Nest Of Eagles Airport,Spooner,US
Marcy Field,Keene,US
Shawnee Field,Bloomfield,US
Freehold Airport,Freehold,US
Converse Airport,Converse,US
Delphi Municipal Airport,Delphi,US
Fort Walton Beach Airport,Navarre,US
Lloyd Stearman Field,Benton,US
Lindsay Municipal Airport,Lindsay,US
David Jay Perry Airport,Goldsby,US
Waynoka Municipal Airport,Waynoka,US
Ellinwood Municipal Airport,Ellinwood,US
Fredonia Airport,Fredonia,US
South Grand Lake Regional Airport,Ketchum,US
Satanta Municipal Airport,Satanta,US
Kalakaket Creek Air Station,Kalakaket Creek,US
Linn County Airport,Pleasanton,US
Lincoln County Airport,Panaca,US
Searchlight Airport,Searchlight,US
Kidwell Airport,Cal Nev Ari,US
Escalante Municipal Airport,Escalante,US
General Dick Stout Field,Hurricane,US
Parowan Airport,Parowan,US
Belzoni Municipal Airport,Belzoni,US
Posey Field,Haleyville,US
Douglas Hunter Field,Portland,US
Stevens Ranch Airport,Ashland,US
Fulton Airport,Fulton,US
Myricks Airport,Berkley,US
Lake Barkley State Park Airport,Cadiz,US
Mountain Grove Memorial Airport,Mountain Grove,US
Sandia Airpark Estates East Airport,Edgewood,US
Albert Airport,Philipsburg,US
Bennett Airport,Salisbury,US
Blairstown Airport,Blairstown,US
Grandfield Municipal Airport,Grandfield,US
Lampson Field,Lakeport,US
Lodi Airport,Lodi,US
Thomas Municipal Airport,Thomas,US
Montague-Yreka Rohrer Field,Montague,US
Dunsmuir Municipal-Mott Airport,Dunsmuir,US
Tipton Municipal Airport,Tipton,US
Fairmont Field,Fairmont,US
Plymouth Municipal Airport,Plymouth,US
Stilwell / Cherokee Nation Airport,Stilwell,US
Kingtech Field,Strathmore,US
Spaulding Airport,Susanville,US
New Jerusalem Airport,Tracy,US
Gravelly Valley Airport,Upper Lake,US
Mili Airport,Mili Island,MH
Gove County Airport,Quinter,US
Jena Airport,Jena,US
Woodworth Airport,Woodworth,US
Brookhaven-Lincoln County Airport,Brookhaven,US
Bay Minette Municipal Airport,Bay Minette,US
Point Roberts Airpark,Point Roberts,US
Eckhart International Airport,Porthill,US
Darrington Municipal Airport,Darrington,US
Tillitt Field,Forsyth,US
Seiling Airport,Seiling,US
Sunnyside Municipal Airport,Sunnyside,US
Priest River Municipal Airport,Priest River,US
Slate Creek Airport,Slate Creek,US
Arlington Municipal Airport,Arlington,US
Chewelah Municipal Airport,Chewelah,US
Kestrel Airpark,San Antonio,US
Bulverde Airpark,San Antonio,US
Bear Trap Airport,Minidoka,US
Moose Creek /Usfs/ Airport,Moose Creek Ranger Station,US
Mud Lake/West Jefferson County Airport,Mud Lake,US
Murphy Airport,Murphy,US
New Meadows Airport,New Meadows,US
Oakley Municipal Airport,Oakley,US
Bear Lake County Airport,Paris,US
Pine Airport,Pine,US
Fremont Island Lower Airport,Hooper,US
Navajo Lake Airport,Navajo Dam,US
Grant County Airport,Hyannis,US
Fremont County Airport,Canon City,US
Leach Airport,Center,US
Grove Field,Camas,US
Mexico Farms Airport,Cumberland,US
Waco Field,Troy,US
Higgins/Lipscomb County Airport,Higgins,US
Judge Lewis Field/Mount Ayr Municipal Airport,Mount Ayr,US
New Hampton Municipal Airport,New Hampton,US
Paullina Municipal Airport,Paullina,US
Grand Canyon Bar Ten Airstrip,Whitmore,US
Robbins Field,Oneonta,US
Quail Creek Airport,Quail Creek,US
Macon Municipal Airport,Macon,US
Kingston-Ulster Airport,Kingston,US
Aresti Aerodrome,Godley,US
Beach Airport,Beach,US
Mc Elroy Airfield,Kremmling,US
Lake Elmo Airport,St Paul,US
Jacksboro Municipal Airport,Jacksboro,US
Mattituck Airport,Mattituck,US
Ranger Creek Airport,Greenwater,US
Bandel Airport,Eighty Four,US
Kent County Airport,Jayton,US
Vinton County Airport,Mc Arthur,US
Pontotoc County Airport,Pontotoc,US
Jake Arner Memorial Airport,Lehighton,US
Paisley Airport,Paisley,US
Tecumseh Mills Airport,Tecumseh,US
Karlstad Municipal Airport,Karlstad,US
Clarke County Airport,Quitman,US
Bayport Aerodrome,Bayport,US
Devine Municipal Airport,Devine,US
Seeley Lake Airport,Seeley Lake,US
Cornucopia Field,Cornucopia,US
Jackson County Airport,Sylva,US
Lowell City Airport,Lowell,US
Cypress River Airport,Jefferson,US
Suwannee County Airport,Live Oak,US
Krassel Usfs Airport,Mc Call,US
Wilderness Airpark,Kent City,US
Jicarilla Apache Nation Airport,Dulce,US
Dilley Airpark,Dilley,US
Pinehurst State Airport,Pinehurst,US
Forest Lake Airport,Forest Lake,US
Randolph County Airport,Cuthbert,US
Ripley Airport,Ripley,US
Memaloose Usfs Airport,Imnaha,US
Ashland/Lineville Airport,Ashland/Lineville,US
Ocean City Municipal Airport,Ocean City,US
Jackson County Airport,Edna,US
Mc Dermitt State Airport,Mc Dermitt,US
Wolf Lake Airport,Napoleon,US
Mecosta Morton Airport,Mecosta,US
Georgetown-Scott County Regional Airport,Georgetown,US
Eldora Airport,Eldora,US
Eldorado Airport,Eldorado,US
Lake Wenatchee State Airport,Leavenworth,US
Goose Creek Airport,Indian Trail,US
Palatka Municipal/Lt Kay Larkin Field,Palatka,US
Cranland Airport,Hanson,US
Vineland-Downstown Airport,Vineland,US
Owyhee Reservoir State Airport,Owyhee,US
Green Acres Airfield,Pampa,US
Grindstone Air Harbor Airport,Port Austin,US
Grove City Airport,Grove City,US
Joe Vaughn Spraying Airport,Kress,US
Kroelinger Airport,Vineland,US
Gardiner Airport,Gardiner,US
Mark Anton Airport,Dayton,US
Jamestown Municipal Airport,Jamestown,US
Holley Mountain Airpark,Clinton,US
Holly Grove Municipal Airport,Holly Grove,US
Addison Airport,Addison,US
Lime Village Airport,Lime Village,US
Tischner Air Airport,Anderson,US
Cape Cod Airport,Marston Mills,US
Plum Island Airport,Newburyport,US
Parlin Field,Newport,US
Hollister Field,Wilmington,US
Pittsfield Municipal Airport,Pittsfield,US
Post Mills Airport,Post Mills,US
Almena Airport,Paw Paw,US
Tri-County Airport,Yates City,US
Cavalier Municipal Airport,Cavalier,US
Camp Blanding Army Air Field (Camp Blanding Mil Reservation) Airport,Camp Blanding Mil Res (Starke),US
Lee Field,Alliance,US
Oakes Municipal Airport,Oakes,US
Beach City Airport,Beach City,US
Iraan Municipal Airport,Iraan,US
Shamrock Municipal Airport,Shamrock,US
T-Bar Airport,Tahoka,US
Skiatook Municipal Airport,Skiatook,US
Commerce Municipal Airport,Commerce,US
Concord Airpark,Painesville,US
Geary A Bates/Jefferson County Airpark,Steubenville,US
Garrett County Airport,Oakland,US
Granite Shoals/ Bob Sylvester Airpark,Granite Shoals,US
Gorham Airport,Gorham,US
Somerset County Airport,Somerset,US
Grays Creek Airport,Fayetteville,US
Shelby County Airport,Shelbyville,US
Jerry Sumners Sr Aurora Municipal Airport,Aurora,US
Houston Fort Bend Airport,Houston,US
Rolette Airport,Rolette,US
Madisonville Regional Airport,Madisonville,US
Rough River State Park Airport,Falls-Of-Rough,US
Airglades Airport,Clewiston,US
Wakulla County Airport,Panacea,US
Louisville Municipal Airport,Louisville,US
Millen Airport,Millen,US
Pierson Municipal Airport,Pierson,US
Quincy Municipal Airport,Quincy,US
Pond Creek Municipal Airport,Pond Creek,US
Scott Field,Mangum,US
Telida Airport,Telida,US
Elk County Airport,Moline,US
Neodesha Municipal Airport,Neodesha,US
Argonia Municipal Airport,Argonia,US
Haskell Airport,Haskell,US
Sunrise Beach Airport,Sunrise Beach Village,US
Pineville Municipal Airport,Pineville,US
Larimore Municipal Airport,Larimore,US
Princeton-Caldwell County Airport,Princeton,US
Harry S Truman Regional Airport,Bates City,US
Lawrenceburg/Lawrence County (Fleeman Field) Airport,Lawrenceburg,US
G V Montgomery Airport,Forest,US
Hoffman's Black Mountain Aerodrome,Cheboygan,US
Charles W Baker Airport,Millington,US
Mount Vernon Municipal Airport,Mount Vernon,US
Newfound Valley Airport,Bristol,US
Kampel Airport,Wellsville,US
Redwing Airport,Jobstown,US
Gansner Field,Quincy,US
Angwin-Parrett Field,Angwin,US
Chowchilla Airport,Chowchilla,US
Independence Airport,Independence,US
Hinton Municipal Airport,Hinton,US
Washington Island Airport,Washington Island,US
Alderman Airport,St Clairsville,US
Flying W Airport,Hartsville,US
Dyer Airport,Dyer,US
Waynesboro Municipal Airport,Waynesboro,US
Le Maire Memorial Airport,Jeanerette,US
Hendricks County-Gordon Graham Field,Indianapolis,US
Peter Prince Field,Milton,US
St Elmo Airport,St Elmo,US
Bunkie Municipal Airport,Bunkie,US
Franklinton Airport,Franklinton,US
Kenedy Regional Airport,Kenedy,US
River Ranch Resort Airport,River Ranch,US
Twisp Municipal Airport,Twisp,US
Vashon Municipal Airport,Vashon,US
Beaver Marsh Airport,Beaver Marsh,US
Warden Airport,Warden,US
Waterville Airport,Waterville,US
Sportsman Airpark,Newberg,US
Chiloquin State Airport,Chiloquin,US
Wilbur Airport,Wilbur,US
Willapa Harbor Airport,South Bend/Raymond/,US
Muleshoe Municipal Airport,Muleshoe,US
Percival Springs Airport,Watson,US
Salado Airport,Salado,US
Smith Prairie Airport,Prairie,US
Rockford Municipal Airport,Rockford,US
Shearer /Usfs/ Airport,Shearer,US
Stanley Airport,Stanley,US
Thomas Creek Airport,Stanley,US
Fremont Island Upper Airport,Hooper,US
Yuma Municipal Airport,Yuma,US
Zangger Vintage Airpark,Larchwood,US
De Vere Field,Cle Elum,US
Clearview Airpark,Westminster,US
Swanson Field,Eatonville,US
Maryland Airport,Indian Head,US
St Mary's County Regional Airport,Leonardtown,US
Drake Airport,Radcliffe,US
Rockwell City Municipal Airport,Rockwell City,US
Eureka Creek Airport,Eureka Creek,US
Eva Creek Airport,Eva Creek,US
Lakeview Airport,Lake Dallas,US
Ingalls Municipal Airport,Ingalls,US
Ralph M Sharpe Airport,Tunica,US
Inter County Airport,Irwin,US
Eagles Nest Airport,West Creek,US
Danville Municipal Airport,Danville,US
Stevensville Airport,Stevensville,US
Fairview Airport,Landrum,US
Geneva Municipal Airport,Geneva,US
Kinsley Municipal Airport,Kinsley,US
Water Valley Municipal Airport,Water Valley,US
Delaware Airpark,Dover/Cheswold,US
Groveton/Trinity County Airport,Groveton,US
Pru Field,Ritzville,US
Dutch John Airport,Dutch John,US
Walden-Jackson County Airport,Walden,US
Merillat Airport,Tecumseh,US
Campbell Municipal Airport,Campbell,US
Hallettsville Municipal Airport,Hallettsville,US
"Union County, Troy Shelton Field",Union,US
Wells Airport,Rockford,US
Padgham Field,Allegan,US
Wasco State Airport,Wasco,US
Port Washington/Didier Field,Port Washington,US
Triple-Ace Field,Decatur,US
Kearny County Airport,Lakin,US
Happy Camp Airport,Happy Camp,US
Munday Municipal Airport,Munday,US
Hornersville Memorial Airport,Hornersville,US
Garrison Dam Recreational Airpark,Riverdale,US
Fort Peck Airport,Fort Peck,US
Calico Rock Municipal Airport,Calico Rock,US
Arapahoe Municipal Airport,Arapahoe,US
Cain Field,Stanwood,US
Salem Airpark,Salem,US
Cook Airport,Urbana,US
Lucas Airport,Lucas,US
Smyrna Airport,Smyrna,US
Deer Lodge-City-County Airport,Deer Lodge,US
Wayne Wonderland Airport,Loa,US
Lynden Municipal/Jansen Field,Lynden,US
Avoca Airport,Avoca,US
Dragoon Creek Airport,Lyndon,US
Princeton Airport,Princeton/Rocky Hill,US
Strom Field,Morton,US
Tripp Creek Airport,St Johns,US
Flying-A-Ranch Airport,Fruitport,US
The New Tazewell/Wayne Coffey Municipal Airport,Tazewell,US
Greensboro Executive Airport,Greensboro,US
Flying M Ranch Airport,Yerington,US
Arlington Municipal Airport,Arlington,US
Dry Bay Airport,Yakutat,US
Augusta Municipal Airport,Augusta,US
Southbridge Municipal Airport,Southbridge,US
Greenville Municipal Airport,Greenville,US
Sterling Airport,Sterling,US
Shady Acres Airport,Spanaway,US
Mishawaka Pilots Club Airport,Elkhart,US
Lake In The Hills Airport,Chicago/Lake In The Hills,US
James Clements Municipal Airport,Bay City,US
Cable Union Airport,Cable,US
Crivitz Municipal Airport,Crivitz,US
Ephraim/Gibraltar Airport,Ephraim,US
Dalton Airport,Flushing,US
Downtown Airport,Springfield,US
Skylane Airport,Evansville,US
Excelsior Springs Memorial Airport,Excelsior Springs,US
Cisco Municipal Airport,Cisco,US
C E 'Rusty' Williams Airport,Mansfield,US
Vivian Airport,Vivian,US
Forest Hill Airport,Westphalia,US
Dan E Richards Municipal Airport,Paducah,US
Jones Memorial Airport,Bristow,US
Mineola Wisener Field,Mineola,US
Franklin Flying Field,Franklin,US
Faulkton Municipal Airport,Faulkton,US
Grygla Municipal - Mel Wilkens Field,Grygla,US
Wadsworth Municipal Airport,Wadsworth,US
Ashland County Airport,Ashland,US
Dawson Army Air Field,Camp Dawson (Kingwood),US
Tri-City Airport,Sebring,US
Gen-Airpark Airport,Geneseo,US
Butler Farm Show Airport,Butler,US
Grand Haven Memorial Airpark,Grand Haven,US
East Kansas City Airport,Grain Valley,US
Hillsboro Municipal Airport,Hillsboro,US
Hobart Sky Ranch Airport,Hobart,US
Mason County Airport,Point Pleasant,US
Sky King Airport,Terre Haute,US
Richwood Municipal Airport,Richwood,US
Dayton/Phillipsburg Airport,Dayton,US
Hampton County Airport,Hampton,US
Ridgeland-Claude Dean Airport,Ridgeland,US
Davis Field,Folkston,US
Yates Center Municipal Airport,Yates Center,US
Freeman Field,Junction City,US
Syracuse-Hamilton County Municipal Airport,Syracuse,US
Borth Field,Meade,US
Mark Hoard Memorial Airport,Leoti,US
Comanche County Airport,Coldwater,US
Kankakee Airport,Kankakee,US
Hf Strip,Fowler,US
Sky Ranch Airport,Sandy Valley,US
Milwrick Flying M Airport,Lincoln,US
Litchfield Municipal Airport,Litchfield,US
Gastons Airport,Lakeview,US
Moontown Airport,Huntsville,US
Lafayette Municipal Airport,Lafayette,US
North Pickens Airport,Reform,US
Warren Municipal/John B Frazer Jr Field,Warren,US
Mount Hawley Auxiliary Airport,Peoria,US
Namorik Airport,Namorik Atoll,MH
Maloelap Airport,Taora Is  Maloelap Atoll,MH
Old Bridge Airport,Old Bridge,US
Mahnomen County Airport,Mahnomen,US
Napoleon Airport,Napoleon,US
Gustine Airport,Gustine,US
Purcell Municipal - Steven E Shephard Field,Purcell,US
Sayre Municipal Airport,Sayre,US
Walters Municipal Airport,Walters,US
Harris Ranch Airport,Coalinga,US
Grand Lake Regional Airport,Afton,US
Biggs Airport Airport,Wellston,US
Mott Municipal Airport,Mott,US
Mina Airport,Mina,US
Le Gros Memorial Airport,Crowley,US
Hart Airport,Many,US
Jennings Airport,Jennings,US
Honaker Field,Scottsburg,US
Lakeway Airpark,Lakeway,US
Roscommon Conservation Airport,Roscommon,US
Illinois Valley Airport,Cave Junction,US
Schiffer Acres Airport,St Johns,US
Toketee State Airport,Clearwater,US
Nehalem Bay State Airport,Manzanita,US
Grants Pass Airport,Grants Pass,US
Condon State Pauling Field,Condon,US
Cedar Mills Airport,Gordonville,US
Wolfe Air Park,Manvel,US
Boyceville Municipal Airport,Boyceville,US
Tetlin Airport,Tetlin,US
Fayette Regional Air Center Airport,La Grange,US
Clark Airport,Justin,US
Middle Bass Island Airport,Middle Bass Island,US
Wildcat Canyon Airport,China Spring,US
Big Bend Ranch State Park Airport,Presidio,US
Stafford Municipal Airport,Stafford,US
Al Meyers Airport,Tecumseh,US
Jerry Tyler Memorial Airport,Niles,US
Akroville Airport,Slidell,US
Murphy Hot Springs Airport,Three Creek,US
Warren /Usfs/ Airport,Warren,US
Johnson Creek Airport,Yellow Pine,US
Bowman Field,Anaconda,US
St Labre Mission Airport,Ashland,US
Augusta Airport,Augusta,US
Benchmark Airport,Augusta,US
Big Sandy Airport,Big Sandy,US
Boulder Airport,Boulder,US
Roy Otten Memorial Airfield,Versailles,US
Put In Bay Airport,Put In Bay,US
Kentmorr Airpark,Stevensville,US
Mears Field,Concrete,US
Bladenboro Airport,Bladenboro,US
Grand Coulee Dam Airport,Electric City,US
Eureka Municipal Airport,Eureka,US
Middle Bass-East Point Airport,Middle Bass Island,US
North Bass Island Airport,North Bass Island,US
George L Scott Municipal Airport,West Union,US
Winterset Municipal Airport,Winterset,US
Woodbine Municipal Airport,Woodbine,US
Isabel Municipal Airport,Isabel,US
Feather River Airport,Feather River,US
Watervliet Municipal Airport,Watervliet,US
Three Lakes Municipal Airport,Three Lakes,US
Valle Airport,Grand Canyon,US
Red Stewart Airfield,Waynesville,US
Manila Airport,Manila,US
Calkins Field,Wayland,US
Floydada Municipal Airport,Floydada,US
University Airpark,Bath,US
Braceville Airport,Newton Falls,US
Sanpete County Regional Airport,Manti,US
Melbourne Municipal/John E Miller Field,Melbourne,US
Goodspeed Airport,East Haddam,US
White Cloud Airport,White Cloud,US
Parr Airport,Zanesville,US
Keystone Heights Airport,Keystone Heights,US
Thayer Memorial Airport,Thayer,US
Morgan County Airport,Morgan,US
Montgomery County Airport,Star,US
Deblois Flight Strip,Deblois,US
Odessa Municipal Airport,Odessa,US
Belleville Airport,Belleville,US
Marion Municipal Airport,Marion,US
Northome Municipal Airport,Northome,US
Rolle Airfield,San Luis,US
Charles A Chase Jr Memorial Field,Dover/Foxcroft,US
Beloit Airport,Beloit,US
Betz Airport,Blissfield,US
Tenkiller Lake Airpark,Cookson,US
Sky Acres Airport,Millbrook,US
Hoskins Field,Olympia,US
Salina-Gunnison Airport,Salina,US
Brighton Airport,Brighton,US
Minneapolis City County Airport,Minneapolis,US
Hawthorne Field,Kountze/Silsbee,US
Silver Lake F S Strip,Silver Lake,US
Carrington Municipal Airport,Carrington,US
Alpine Airport,Alpine,US
Moundridge Municipal Airport,Moundridge,US
Central Jersey Regional Airport,Manville,US
Curtis Municipal Airport,Curtis,US
Pelican Rapids Municipal-Lyon's Field,Pelican Rapids,US
Cochran Airport,Cochran,US
Clare Municipal Airport,Clare,US
Braxton County Airport,Sutton,US
Ness City Municipal Airport,Ness City,US
Harlem Airport,Harlem,US
Gtr Green River Intergalactic Spaceport Airport,Green River,US
Manatee Airport,Palmetto,US
Gilmer County Airport,Ellijay,US
Sturgis Municipal Airport,Sturgis,US
Camp Lake Airport,Camp Lake,US
Rankin Airport,Rankin,US
Wend Valley Airport,Charlotte,US
Norwich Airport,Norwich,US
Real County Airport,Leakey,US
Shoshoni Municipal Airport,Shoshoni,US
Chemehuevi Valley Airport,Chemehuevi Valley,US
Polk County/Cornelius Moore Field,Cedartown,US
Searcy County Airport,Marshall,US
Scottsboro Municipal-Word Field,Scottsboro,US
Isbell Field,Fort Payne,US
Livengood Camp Airport,Livengood,US
South Albany Airport,South Bethlehem,US
Duanesburg Airport,Duanesburg,US
Ticonderoga Municipal Airport,Ticonderoga,US
Schroon Lake Airport,Schroon Lake,US
Robertson Field,Plainville,US
Simsbury Airport,Simsbury,US
Walker/Rowe Waterloo Airport,Waterloo,US
Gifford Field,Colebrook,US
Ackley Municipal Airport,Ackley,US
Albia Municipal Airport,Albia,US
Abrams Municipal Airport,Grand Ledge,US
Hoodoo Meadows Airport,Salmon,US
Fuller Airport,Milford,US
Alma Municipal Airport,Alma,US
Westport Airport,Westport,US
Panola County-Sharpe Field,Carthage,US
Kizer Field,Prescott,US
Wilson Airport,Stephens,US
La Moure Rott Municipal Airport,La Moure,US
Greenville Municipal Airport,Greenville,US
Hamburg Airport,Hamburg,US
Youngstown Elser Metro Airport,Youngstown,US
Monroe County Airport,Woodsfield,US
Fairmont Municipal-Frankman Field,Fairmont,US
Columbia Airport,Columbia Station,US
Knox County Airport,Mount Vernon,US
Morrow County Airport,Mount Gilead,US
Brantley County Airport,Nahunta,US
Berrien County Airport,Nashville,US
Quitman Brooks County Airport,Quitman,US
Treutlen County Airport,Soperton,US
Pedro Bay Airport,Pedro Bay,US
Bloomfield Municipal Airport,Bloomfield,US
Walz Airport,Kiowa,US
Lake Ann Airway Estates Airport,Traverse City,US
Carroll County Airport,Berryville,US
Booneville Municipal Airport,Booneville,US
Carlisle Municipal Airport,Carlisle,US
Shady Lawn Field,Bannister,US
Dermott Municipal Airport,Dermott,US
Russellville-Logan County Airport,Russellville,US
Clarendon Municipal Airport,Clarendon,US
Corning Municipal Airport,Corning,US
Moultonborough Airport,Moultonborough,US
Newmans Airport,Kalamazoo,US
Greenwood Lake Airport,West Milford,US
Middlesex Valley Airport,Middlesex,US
Lidgerwood Municipal Airport,Lidgerwood,US
Greene Airport,Greene,US
Snyder Airport,Snyder,US
Mc Curtain County Regional Airport,Idabel,US
Cherokee Municipal Airport,Cherokee,US
Decker Field,Meno,US
Flandreau Municipal Airport,Flandreau,US
I H Bass Jr Memorial Airport,Lumberton,US
Jackson Municipal Airport,Jackson,US
Major Gilbert Field,La Pointe,US
Milnor Municipal Airport,Milnor,US
Eunice Airport,Eunice,US
Jeremiah Denton Airport,Dauphin Island,US
Gold Beach Municipal Airport,Gold Beach,US
Ken Jernstedt Airfield,Hood River,US
Skyport Airport,Cornelius,US
St Thomas Municipal Airport,St Thomas,US
Tieton State Airport,Rimrock,US
Malin Airport,Malin,US
Mulino State Airport,Portland-Mulino,US
Kenneth Copeland Airport,Fort Worth,US
Circle Town County Airport,Circle,US
West Fork Lodge Airport,Conner,US
Dell Flight Strip,Dell,US
Rangely Airport,Rangely,US
Spanish Peaks Airfield,Walsenburg,US
Northwood Municipal/Vince Field,Northwood,US
Hay Springs Municipal Airport,Hay Springs,US
Deerfield Valley Regional Airport,West Dover,US
Antelope County Airport,Neligh,US
Bandera State Airport,Bandera,US
Whitfield Farms Airport,Hurdle Mills,US
Wessington Springs Airport,Wessington Springs,US
Lakes Of The North Airport,Gaylord,US
Para Field,Yale,US
Eagles Landing Airport,Harrietta,US
Horsfeld Airport,Horsfeld,US
Jakolof Bay Airport,Jakolof Bay,US
Iron County Airport,Crystal Falls,US
Bourland Field,Fort Worth,US
Howard Nixon Memorial Airport,Chesaning,US
Kentland Municipal Airport,Kentland,US
Pawnee City Municipal Airport,Pawnee City,US
Lockhart Municipal Airport,Lockhart,US
Parma Airport,Parma,US
Hawkinsville-Pulaski County Airport,Hawkinsville,US
Orban Airport,Dewitt,US
Edgeley Municipal Airport,Edgeley,US
Alkay Airport,Clio,US
Lake City Municipal Cj Evans Field,Lake City,US
Cedar Air Park,Olathe,US
Oscoda County/Dennis Kauffman Memorial Airport,Mio,US
Madisonville Municipal Airport,Madisonville,US
Madison Municipal Airport,Madison,US
Aero Valley Airport,Roanoke,US
Gross Airport,Pinconning,US
Lee County/Butters Field,Bishopville,US
Charles E Grutzmacher Municipal Airport,Onaga,US
St Ignatius Airport,St Ignatius,US
Weatherby Usfs Airport,Atlanta,US
Remer Municipal Airport,Remer,US
Dr C P Savage Sr Airport,Montezuma,US
Osage City Municipal Airport,Osage City,US
Cannon Field,Somerset,US
Ferndale Airfield,Bigfork,US
Woodruff Lake Airport,Winn,US
Defuniak Springs Airport,Defuniak Springs,US
Rwj Airpark,Baytown,US
Albany Airport,Albany,US
Burgess Field,Brown City,US
Arnold Field,Croswell,US
Atlanta Airport,Atlanta,US
Slate Run Airport,Spencer,US
Oxford Municipal Airport,Oxford,US
Jb West Municipal Airport Airport,Star City,US
Packwood Airport,Packwood,US
Eagles Aerodrome,Conway,US
Rushford Municipal/Robert W Bunke Field,Rushford,US
Boulder Canyon Airport,Belding,US
Wyandot County Airport,Upper Sandusky,US
Fisher County Airport,Rotan/Roby,US
Seaside Municipal Airport,Seaside,US
Islesboro Airport,Islesboro,US
East Troy Municipal Airport,East Troy,US
Ray Community Airport,Ray,US
Troy Airport,Troy,US
Jana Airport,Edgerton,US
Huggins Memorial Airport,Timmonsville,US
Claremont Airport,Elkton,US
Reigle Field,Palmyra,US
Whitefish Airport,Whitefish,US
Heritage Creek Airstrip,Decatur,US
Newton Field,Jackman,US
Torchport Airport,Eastport,US
Norwalk/Huron County Airport,Norwalk,US
Warner Robins Air Park,Warner Robins,US
Okolona Municipal/Richard Stovall Field,Okolona,US
Winona-Montgomery County Airport,Winona,US
Aleknagik /New Airport,Aleknagik,US
Roosevelt Memorial Airport,Warm Springs,US
John H Boylan State (Island Pond) Airport,Island Pond,US
Saratoga County Airport,Saratoga Springs,US
Bowbells Municipal Airport,Bowbells,US
Napoleon Municipal Airport,Napoleon,US
Falmouth Airpark,Falmouth,US
Rensselaer County Airport,Troy,US
Dean Memorial Airport,Haverhill,US
Black Rapids Airport,Black Rapids,US
Boerne Stage Airfield,San Antonio,US
Washburn Municipal Airport,Washburn,US
Northwood Municipal Airport,Northwood,US
Woolsey Memorial Airport,Northport,US
Parsons Airport,Carrollton,US
Bandit Field Airdrome Airport,Clyde,US
Arcadia-Bienville Parish Airport,Arcadia,US
Post-Garza County Municipal Airport,Post,US
Homer Municipal Airport,Homer,US
Bluebird Hill Airport,Keithville,US
Le Roy Airport,Le Roy,US
Eau Claire Lakes Airport,Drummond,US
Bluffton Airport,Bluffton,US
Greensburg Jeannette Regional Airport,Jeannette,US
Harvey Municipal Airport,Harvey,US
Hope Airport,Hope,US
Flora Municipal Airport,Flora,US
Sheridan Airport,Sheridan,US
Galveston Airport,Galveston,US
Holly Hill Airport,Holly Hill,US
Twin City Airport,Loris,US
Bressler Field,Bird City,US
Zelmer Memorial Airpark Inc Airport,Palmyra,US
Tribune Municipal Airport,Tribune,US
Schuy-Rush Airport,Rushville,US
Kasilof Airport,Kasilof,US
Lakota Municipal Airport,Lakota,US
Hartselle/Morgan County Regional Airport,Hartselle,US
Dewitt Municipal/Whitcomb Field,De Witt,US
Fordyce Municipal Airport,Fordyce,US
Crystal Lake Airport,Decatur,US
Sugar Springs Airpark,Gladwin,US
Gurdon Lowe Field,Gurdon,US
Applegate Airport,Queen City,US
Prentice Airport,Prentice,US
Sky Haven Airport,Enderlin,US
Hat Field,Nunica,US
Casselton Robert Miller Regional Airport,Casselton,US
Naknek Airport,Naknek,US
Vici Municipal Airport,Vici,US
Mc Laughlin Municipal Airport,Mc Laughlin,US
Presho Municipal Airport,Presho,US
Quartz Creek / Kougarok Airport,Quartz Creek,US
Roy Wilcox Airport,Chatom,US
Ocean Springs Airport,Ocean Springs,US
Holk Field At Foley Municipal Airport,Foley,US
Roy E Ray Airport,Bayou La Batre,US
De Quincy Industrial Airpark,De Quincy,US
Oakridge State Airport,Oakridge,US
George Felt Airport,Roseburg,US
Crescent Lake State Airport,Crescent Lake,US
Toledo State Airport,Toledo,US
Lake Billy Chinook Airport,Culver,US
Cape Blanco State Airport,Sixes,US
Herreid Municipal Airport,Herreid,US
Maverick County Memorial International Airport,Eagle Pass,US
Denton Airport,Denton,US
Dutton Airport,Dutton,US
Fairfield Airport,Fairfield,US
Fairview Airport,Fairview,US
Fort Smith Landing Strip,Fort Smith,US
Geraldine Airport,Geraldine,US
Calhan Airport,Calhan,US
Shiprock Airstrip,Shiprock,US
Kadoka Municipal Airport,Kadoka,US
Wilson Creek Airport,Wilson Creek,US
P K Airpark,Raeford,US
Southern Wake Regional Airport,Raleigh,US
Albert J Lindberg Airport,Hessel,US
Houghton Lake State Airport,Houghton Lake Heights,US
Gutzmer's Twin Oaks Airport,Whitewater,US
Hanley Field,Munising,US
Elroy Airport,Elroy,US
Bauer Field,Reese,US
Seymour Municipal Airport,Seymour,US
Skyway Estates Airport,Eaton Rapids,US
Odell Williamson Municipal Airport,Ocean Isle Beach,US
Spencer Airport,Spencer,US
Navasota Municipal Airport,Navasota,US
Camden Municipal Airport,Camden,US
Fort Atkinson Municipal Airport,Fort Atkinson,US
Virgil L Williams Plainwell Municipal Airport,Plainwell,US
Sedan City Airport,Sedan,US
Newton Municipal Airport,Newton,US
Cottage Grove State Airport,Cottage Grove,US
Cindy Guntly Memorial Airport,Franksville,US
Warren Airport,Warren,US
Seneca Municipal Airport,Seneca,US
Christmas Valley Airport,Christmas Valley,US
Limington-Harmon Airport,Limington,US
Adams County Legion Field,Friendship (Adams),US
Stanton Municipal Airport,Stanton,US
Hillside Airport,Stilwell,US
Hermann Municipal Airport,Hermann,US
Colville Municipal Airport,Colville,US
Tyler Municipal Airport,Tyler,US
Page Regional Airport,Page,US
Lee Bottom Airport,Hanover,US
Prospect State Airport,Prospect,US
Wallace Municipal Airport,Wallace,US
Lubec Municipal Airport,Lubec,US
Maple Grove Airport,Fowlerville,US
Wrens Memorial Airport,Wrens,US
Boundary County Airport,Bonners Ferry,US
Gillespie Field,Meddybemps,US
Wm 'Tiny' Zehnder Field,Frankenmuth,US
Robert R Wells Jr Airport,Columbus,US
Cavanaugh Bay Airport,Coolin,US
Bluff Airport,Bluff,US
Diamondhead Airport,Diamondhead,US
Mesquite Airport,Mesquite,US
Rio Grande City Municipal Airport,Rio Grande City,US
Priest Lake Usfs Airport,Nordman,US
Old Hoppe Place Airport,Agua Dulce,US
Central County Airport,Iola,US
Reds Horse Ranch Usfs Airport,Enterprise,US
Teague Municipal Airport,Teague,US
Hamp Airport,Elwell,US
Davenport Airport,Davenport,US
Wells Municipal Airport,Wells,US
Richmond Field,Gregory,US
Wamego Municipal Airport,Wamego,US
Slatington Airport,Slatington,US
Avey Field,Laurier,US
Huntington Municipal Airport,Huntington,US
Butler Municipal Airport,Butler,US
Griffin-Spalding County Airport,Griffin,US
Johnson County Airport,Mountain City,US
Kimball Municipal Airport,Kimball,US
Rainy Pass Lodge Airport,Rainy Pass,US
Middlebury State Airport,Middlebury,US
Frankfort-Highland Airport,Utica/Frankfort,US
Minute Man Air Field,Stow,US
Skaneateles Aero Drome Airport,Skaneateles,US
Chapman Memorial Field,Centerburg,US
Brooten Municipal/John O Bohmer Field,Brooten,US
Maddock Municipal Airport,Maddock,US
Greenville Municipal Airport,Greenville,US
Deshler Municipal Landing Strip,Deshler,US
Iosco County Airport,East Tawas,US
Talihina Municipal Airport,Talihina,US
Manning Field,Jefferson,US
Titusville Airport,Titusville,US
Wynkoop Airport,Mount Vernon,US
Barnesville/Bradfield Airport,Barnesville,US
Cove Valley Airport,Williamsburg,US
Brooklyn Airport,Brooklyn,US
Van Wagnen Airport,Napoleon,US
Hazelton Municipal Airport,Hazelton,US
Lebanon Springfield/George Hoerter Field,Springfield,US
Boone County Airport,Lebanon,US
Lexington County Airport,Pelion,US
St George Airport,St George,US
Saluda County Airport,Saluda,US
Edgefield County Airport,Trenton,US
Branhams Airport,Darlington,US
Oak Tree Landing Airport,High Springs,US
Shelby County Airport,Shelbyville,US
Creighton Municipal Airport,Creighton,US
Fairview Municipal Airport,Fairview,US
Sisters Eagle Air Airport,Sisters,US
Grundy Center Municipal Airport,Grundy Center,US
Keosauqua Municipal Airport,Keosauqua,US
Butler Airpark,Rose Hill,US
Lisbon Municipal Airport,Lisbon,US
Logan County Airport,Logan,US
Wishek Municipal Airport,Wishek,US
Hazen Municipal David Duch Field,Hazen,US
Horseshoe Bend Airport,Horseshoe Bend,US
Lewis County Regional Airport,Monticello,US
Marianna/Lee County-Steve Edwards Field,Marianna,US
Marked Tree Municipal Airport,Marked Tree,US
New York Skyports Inc Seaplane Base,New York,US
Waunakee Airport,Waunakee,US
Mcville Airport,Freeport,US
Welsh Airport,Welsh,US
Cleveland Municipal Airport,Cleveland,US
Alvin Airpark,Alvin,US
Terrell County Airport,Dryden,US
Old Harbor Airport,Old Harbor,US
Big Timber At Howard Field,Big Timber,US
Bridger Municipal Airport,Bridger,US
Florence Municipal Airport,Florence,US
Woltermann Memorial Airport,Columbus,US
Davis Airport,Gates,US
Powers Airport,Powers,US
Laurel Municipal Airport,Laurel,US
Stehekin State Airport,Stehekin,US
Hinsdale Airport,Hinsdale,US
Hogeland Airport,Hogeland,US
Hysham Airport,Hysham,US
Edgemont Municipal Airport,Edgemont,US
Wall Municipal Airport,Wall,US
Bison Municipal Airport,Bison,US
Wade F Maley Field,Shinnston,US
Yanceyville Municipal Airport,Yanceyville,US
Tarrant Field,Mount Selman,US
Vultures Row Airport,Sanger,US
Moorestown Airpark,Moorestown,US
Bois Blanc Island Airport,Bois Blanc Island,US
North Fox Island Airport,North Fox Island,US
Van Effen Field,Rock,US
Two Hearted Airstrip,Newberry,US
St Helen Airport,St Helen,US
Welke Airport,Beaver Island,US
Prickett-Grooms Field,Sidnaw,US
Nash Field Indianola Airport,Indianola,US
Titus Field,Arthurdale,US
Cairo-Grady County Airport,Cairo,US
Mead Flying Service Airport,Mead,US
Fairview Airport,Rhome,US
Ozark/Blackwell Field,Ozark,US
Westport Airport,Wichita,US
Sunbury Airport,Sunbury,US
Throckmorton Municipal Airport,Throckmorton,US
Westport Auxiliary Airport,Wichita,US
Rosalia Municipal Airport,Rosalia,US
Lancaster Municipal Airport,Lancaster,US
Wings For Christ International Flt Academy Airport,Waco,US
Cherry Field,Nunica,US
Willard Field,Tekoa,US
Bendigo Airport,Tower City,US
Calvada Meadows Airport,Pahrump,US
Horizon Airport,San Antonio,US
Anacortes Airport,Anacortes,US
Hicks Airport,Ponder,US
Roosevelt Municipal Airport,Roosevelt,US
Orogrande Airport,Orogrande,US
Rossettie Airport,Manchester,US
Turner County Airport,Ashburn,US
Bethany Memorial Airport,Bethany,US
Efs Airport,Shoffner,US
Van Zandt County Regional Airport,Wills Point,US
Marine City Airport,Marine City,US
Skyhaven Airport,Tunkhannock,US
Bishop Airport,Decatur,US
Thomas Memorial Airport,Glendo,US
Nakeen Airport,Nakeen,US
Winters Municipal Airport,Winters,US
Marlette Township Airport,Marlette,US
Hobby Field,Creswell,US
Swan Creek Airport,Jonesville,US
Pam's Place Airport,Eminence,US
San Augustine County Airport,San Augustine,US
Rankin Airport,Maryville,US
Brennand Airport,Neenah,US
Philippi/Barbour County Regional Airport,Philippi,US
South Alabama Regional At Bill Benton Field,Andalusia,US
Fort Benton Airport,Fort Benton,US
Greensboro Municipal Airport,Greensboro,US
Lanett Regional Airport,Lanett,US
Roanoke Municipal Enloe Airport,Roanoke,US
Stevenson Airport,Stevenson,US
Avery County/Morrison Field,Spruce Pine,US
Northampton Airport,Northampton,US
Hampton Airfield,Hampton,US
Miller Farm Landing Strip,Baltimore,US
Skylark Airpark,Warehouse Point,US
Ellington Airport,Ellington,US
Baldwin Municipal Airport,Baldwin,US
Gates Airport,Garrettsville,US
Caddo Mills Municipal Airport,Caddo Mills,US
Clifton Municipal/Isenhower Field,Clifton,US
Ledgedale Airpark,Brockport,US
Herron Airport,New Cumberland,US
Mc Clusky Municipal Airport,Mc Clusky,US
Geauga County Airport,Middlefield,US
Canton Municipal Airport,Canton,US
Reese Airport,Muncie,US
Orleans Airport,Orleans,US
Kenmare Municipal Airport,Kenmare,US
Graham Field,North Sioux City,US
Coyote Creek Airport,Fuley,US
Linton Municipal Airport,Linton,US
Post-Air Airport,Indianapolis,US
Mc Gehee Municipal Airport,Mc Gehee,US
Mountain View Wilcox Memorial Field,Mountain View,US
Bearce Airport,Mount Ida,US
Osceola Municipal Airport,Osceola,US
Ozark/Franklin County Airport,Ozark,US
Paris Municipal Airport,Paris /Subiaco/,US
Piggott Municipal Airport,Piggott,US
Rector Airport,Rector,US
Salem Airport,Salem,US
Fort Kent Municipal Airport,Fort Kent,US
Corning-Painted Post Airport,Corning,US
Raymond L Kussmaul Jr Memorial Airport,Clinton,US
Butter Valley Golf Port Airport,Bally,US
Donald's Air Park Inc Airport,Plymouth,US
Piso Airport,Suring,US
White River Municipal Airport,White River,US
Bailes Airport,Angleton,US
Ronan Airport,Ronan,US
7 Oaks Flight Park Airport,Fairfax,US
Winnett Airport,Winnett,US
Stark's Twin Oaks Airpark,Hillsboro,US
Wisdom Airport,Wisdom,US
Independence State Airport,Independence,US
White Sulphur Springs Airport,White Sulphur Springs,US
Valier Airport,Valier,US
Ross International Airport,Sweetgrass,US
Lenhardt Airpark,Hubbard,US
Freedom Field,Lindsay,US
Skywest Inc Airport,Midland,US
Richey Airport,Richey,US
North Fork Valley Airport,Paonia,US
Big Foot Airfield,Walworth,US
Brush Municipal Airport,Brush,US
Red Cloud Municipal Airport,Red Cloud,US
Julesburg Municipal Airport,Julesburg,US
City Of Las Animas - Bent County Airport,Las Animas,US
Port Of Ilwaco Airport,Ilwaco,US
Lake Anna Airport,Bumpass,US
Henry County Airport,Napoleon,US
Hyde County Airport,Engelhard,US
Thompsonville Airport,Thompsonville,US
Backus Municipal Airport,Backus,US
Bagley Municipal Airport,Bagley,US
Big Falls Municipal Airport,Big Falls,US
American Creek Airport,American Creek,US
Lone Hickory Airport,Yadkinville,US
Clare County Airport,Harrison,US
Antlers Municipal Airport,Antlers,US
Tri-City Airport,West Lafayette,US
Lavina Airport,Lavina,US
Quincy Municipal Airport,Quincy,US
Medicine Bow Airport,Medicine Bow,US
Oxford County Regional Airport,Oxford,US
Flyin Tiger Airport,Angleton,US
San Saba County Municipal Airport,San Saba,US
Marion County Airport,Buena Vista,US
Mauston/New Lisbon Union Airport,New Lisbon,US
Roscoe Field,Pensacola,US
Pine Bluffs Municipal Airport,Pine Bluffs,US
Mackinac County Airport,St Ignace,US
Harris Airport,Fort Ann,US
Upton Municipal Airport,Upton,US
Cheyenne Eagle Butte Airport,Eagle Butte,US
Smithville Crawford Municipal Airport,Smithville,US
Bloomfield Municipal Airport,Bloomfield,US
Hollands International Field,Newfane,US
Soldier Bar Usfs Airport,Soldier Bar,US
Carnegie Municipal Airport,Carnegie,US
Yazoo County Airport,Yazoo City,US
El Dorado Springs Memorial Airport,El Dorado Springs,US
Blackhawk Airfield,Madison,US
Palmyra Municipal Airport,Palmyra,US
Hinde Airport,Huron,US
Eureka Airport,Eureka,US
Spicewood Airport,Spicewood,US
Kelleys Island Land Field,Kelleys Island,US
Guntersville Municipal/Joe Starnes Field,Guntersville,US
Livingston Municipal Airport,Livingston,US
Twin Lakes Airport,Mocksville,US
Stephen A Bean Municipal Airport,Rangeley,US
Hawthorne-Feather Airpark,Hillsboro,US
Twin Mountain Airport,Twin Mountain,US
Sully Municipal Airport,Sully,US
Mathews Memorial Airport,Tipton,US
Toledo Municipal Airport,Toledo,US
Traer Municipal Airport,Traer,US
New Holstein Municipal Airport,New Holstein,US
Sisseton Municipal Airport,Sisseton,US
Paul C Miller/Sparta Airport,Sparta,US
Clark County Airport,Clark,US
Lake Andes Municipal Airport,Lake Andes,US
Howard Municipal Airport,Howard,US
Crosbyton Municipal Airport,Crosbyton,US
Greater Morris County Airport,Daingerfield,US
Murdo Municipal Airport,Murdo,US
Willard Airport,Willard,US
Corry-Lawrence Airport,Corry,US
Giermek Executive Airport,Olean,US
Harrison County Airport,Cadiz,US
Koons Airport,Salem,US
Gallatin County Airport,Sparta,US
Robinson Airport,Vevay,US
Glenndale Airport,Kokomo,US
Tomlinson Field,New Rockford,US
Bucklin Airport,Bucklin,US
Harper Municipal Airport,Harper,US
Cimarron Municipal Airport,Cimarron,US
Tatitna Airport,Tatitna,US
Maxwell Aviation Airport,Lyons,US
Booneville/Baldwyn Airport,Booneville/Baldwyn,US
Sally Wofford Airport,Weiner,US
Mc Ville Municipal Airport,Mc Ville,US
Tradewater Airport,Dawson Springs,US
Grimes Airport,Bethel,US
Skydive Chicago Airport,Ottawa,US
Flying Dollar Airport,Canadensis,US
Danville Airport,Danville,US
Starr-Browning Airstrip,Browning,US
Polson Airport,Polson,US
Cashmere-Dryden Airport,Cashmere,US
Santiam Junction State Airport,Santiam Junction,US
Enterprise Municipal Airport,Enterprise,US
Bowdle Municipal Airport,Bowdle,US
Live Oak County Airport,George West,US
San Geronimo Airpark,San Antonio,US
Ryegate Airport,Ryegate,US
Sand Springs Strip,Sand Springs,US
Schafer /Usfs/ Airport,Schafer,US
Scobey Border Station/East Poplar International Airport,Scobey,US
Spotted Bear /Usfs/ Airport,Spotted Bear,US
Terry Airport,Terry,US
Townsend Airport,Townsend,US
Canyon Ferry Airport,Townsend,US
Stuart-Atkinson Municipal Airport,Atkinson,US
Parkston Municipal Airport,Parkston,US
Dove Creek Airport,Dove Creek,US
Springfield Municipal Airport,Springfield,US
New Market Airport,New Market,US
Mansfield Airport,Mansfield,US
Apex Airpark,Silverdale,US
R & K Skyranch Airport,Rochester,US
Washington County Airport,Potosi,US
Clarissa Municipal Airport,Clarissa,US
Leaders Clear Lake Airport,Clear Lake,US
Peltz Field,Ringsted,US
Broken Bow Municipal Airport,Broken Bow,US
Sauk/Prairie Airport,Prairie Du Sac,US
Carlton Landing Field,Canadian,US
Turtle Lake Municipal Airport,Turtle Lake,US
Carter Airport,Pulaski,US
Chattanooga Sky Harbor Airport,Chattanooga,US
Midlakes Airport,Gorham,US
Stonington Municipal Airport,Stonington,US
Richland Airport,Richland Center,US
Mignon Laird Municipal Airport,Cheyenne,US
Rueter Airfield,Palmyra,US
David City Municipal Airport,David City,US
Gilbert Field,Rio,US
Whiskey Creek Airport,Silver City,US
Cassville Municipal Airport,Cassville,US
Gav Air Airport,Wharton,US
Nome City Field,Nome,US
Beulah Airport,Beulah,US
Stallion Army Air Field,Socorro,US
Cleveland Municipal Airport,Cleveland,US
Bradley Sky-Ranch Airport,North Pole,US
Walhalla Municipal Airport,Walhalla,US
Cowley Field,Sandusky,US
Glowacki Airport,St Johns,US
Ekalaka Airport,Ekalaka,US
Genoa Municipal Airport,Genoa,US
Onida Municipal Airport,Onida,US
Sebewaing Township Airport,Sebewaing,US
Greaton Airfield,Saco,US
Smith's International Airport,Sherrill,US
Bamberg County Airport,Bamberg,US
Crawford Airport,Crawford,US
Lumpkin County-Wimpys Airport,Dahlonega,US
Courtland Airport,Courtland,US
Barwick Lafayette Airport,Lafayette,US
Ugashik Airport,Ugashik,US
Shiflet Field,Marion,US
Totatlanika River Airport,Totatlanika River,US
Salmon River Airfield,Marlborough,US
Evart Municipal Airport,Evart,US
Highmore Municipal Airport,Highmore,US
Gregory Municipal/Flynn Field,Gregory,US
Harding County Airport,Buffalo,US
Deck Airport,Myerstown,US
Cando Municipal Airport,Cando,US
Hastings Airport,Hastings,US
Dublin Municipal Airport,Dublin,US
Hoven Municipal Airport,Hoven,US
Sycamore Strip,Fort Worth,US
Buffalo Airfield,Buffalo,US
Prices Airport,Linden,US
Akron/Jesson Field,Akron,US
Royalton Airport,Gasport,US
Pine Hill Airport,Albion,US
Ebensburg Airport,Ebensburg,US
Gackle Municipal Airport,Gackle,US
Havana Regional Airport,Havana,US
West Liberty Airport,West Liberty,US
Cottonwood Falls Airport,Cottonwood Falls,US
Patty Field,El Dorado,US
Ellsworth Municipal Airport,Ellsworth,US
Kingman/Clyde Cessna Field,Kingman,US
Greensburg Municipal Airport,Greensburg,US
Edwards Af Aux North Base Airport,Edwards,US
Ackerman Choctaw County Airport,Ackerman,US
Kelly-Dumas Airport,Oak Grove,US
Sheridan-Grant County Regional Airport,Sheridan,US
Vansant Airport,Erwinna,US
Seamans Field,Factoryville,US
Farmers Pride Airport,Fredericksburg,US
Hunt Airport,Portland,US
Four Winds Airport,Celina,US
Scobey Airport,Scobey,US
Lakeside Municipal Airport,Lakeside,US
Mineral County Airport,Superior,US
Three Forks Airport,Three Forks,US
Winifred Airport,Winifred,US
Lexington Airport,Lexington,US
Turner Airport,Turner,US
Wilsall Airport,Wilsall,US
Currant Ranch Airport,Currant,US
Modisett Airport,Rushville,US
Martin Municipal Airport,Martin,US
Eads Municipal Airport,Eads,US
Chamberlain Municipal Airport,Chamberlain,US
Campbell Field,Weirwood,US
Chanceford Airport,Brogue,US
Clio Crop Care Airport,Clio,US
Dixie Usfs Airport,Dixie,US
Vaiden Field,Marion,US
Bold Airport,Anchorage,US
Sun Valley Airport,Bullhead City,US
California Pines Airport,Alturas,US
Adin Airport,Adin,US
Fort Bidwell Airport,Fort Bidwell,US
Scott Valley Airport,Fort Jones,US
Butte Valley Airport,Dorris,US
Dayton Valley Airpark,Dayton/Carson City,US
Ak-Chin Regional Airport,Maricopa,US
Costin Airport,Port St Joe,US
Alsek River Airport,Yakutat,US
Twin Hills Airport,Twin Hills,US
Harlequin Lake Airport,Yakutat,US
Situk Airport,Yakutat,US
Tanis Mesa Airport,Yakutat,US
Yankee Creek 2 Airport,Yankee Creek,US
Chignik Lake Airport,Chignik Lake,US
Logan County Airport,Lincoln,US
Apalachicola Regional-Cleve Randolph Field,Apalachicola,US
Colonel James Jabara Airport,Wichita,US
Taylor County Airport,Campbellsville,US
Alturas Municipal Airport,Alturas,US
Lehigh Valley International Airport,Allentown,US
Abilene Regional Airport,Abilene,US
Albuquerque International Sunport Airport,Albuquerque,US
Aberdeen Regional Airport,Aberdeen,US
Southwest Georgia Regional Airport,Albany,US
Antrim County Airport,Bellaire,US
Jimmy Carter Regional Airport,Americus,US
Nantucket Memorial Airport,Nantucket,US
Allen Parish Airport,Oakdale,US
Waseca Municipal/Maynard Richard Stensrud Field,Waseca,US
Waco Regional Airport,Waco,US
California Redwood Coast-Humboldt County Airport,Arcata/Eureka,US
Atlantic City International Airport,Atlantic City,US
Wallace-Pender Airport,Wallace,US
Wadena Municipal Airport,Wadena,US
Dexter B Florence Memorial Field,Arkadelphia,US
Lenawee County Airport,Adrian,US
Ada Regional Airport,Ada,US
Ardmore Municipal Airport,Ardmore,US
Addison Airport,Dallas,US
Atwood/Rawlins County Airport,Atwood,US
Audubon County Airport,Audubon,US
Joint Base Andrews Airport,Camp Springs,US
Double Eagle Ii Airport,Albuquerque,US
Central Colorado Regional Airport,Buena Vista,US
Albert Lea Municipal Airport,Albert Lea,US
Alexandria International Airport,Alexandria,US
Usaf Academy Davis Airfield,Colorado Springs,US
Washington County Airport,Washington,US
Nebraska City Municipal Airport,Nebraska City,US
Jaffrey Airfield Silver Ranch Airport,Jaffrey,US
Afton Lincoln County/General Boyd L Eddins Field,Afton,US
Anson County/Jeff Cloud Field,Wadesboro,US
Perot Field/Fort Worth Alliance Airport,Fort Worth,US
Allegheny County Airport,Pittsburgh,US
Ralph C Weiser Field,Magnolia,US
Macdill Afb Aux Field,Avon Park,US
Augusta Regional At Bush Field,Augusta,US
Wagner Municipal Airport,Wagner,US
Amedee Army Air Field,Herlong,US
Amery Municipal Airport,Amery,US
Athens/Ben Epps Airport,Athens,US
Wahoo Municipal Airport,Wahoo,US
Alliance Municipal Airport,Alliance,US
Hopkins Field,Nucla,US
Anderson Regional Airport,Anderson,US
Langlade County Airport,Antigo,US
Aiken Regional Airport,Aiken,US
Atlantic Municipal Airport,Atlantic,US
Aitkin Municipal/Steve Kurtz Field,Aitkin,US
George Downer Airport,Aliceville,US
Lee C Fine Memorial Airport,Kaiser/Lake Ozark,US
Mount Carmel Municipal Airport,Mount Carmel,US
Corona Municipal Airport,Corona,US
Habersham County Airport,Cornelia,US
Blake Field,Delta,US
Jakes Bar Airport,Mccarthy,US
Butte Municipal Airport,Palmer,US
Gastonia Municipal Airport,Gastonia,US
Colorado Plains Regional Airport,Akron,US
Wakefield Municipal Airport,Wakefield,US
Akron Fulton International Airport,Akron,US
Albany International Airport,Albany,US
Alice International Airport,Alice,US
Alamogordo-White Sands Regional Airport,Alamogordo,US
St Louis Regional Airport,Alton/St Louis,US
Waterloo Regional Airport,Waterloo,US
San Luis Valley Regional/Bergman Field,Alamosa,US
Walla Walla Regional Airport,Walla Walla,US
Thomas C Russell Field,Alexander City,US
Rick Husband Amarillo International Airport,Amarillo,US
Bacon County Airport,Alma,US
Gratiot Community Airport,Alma,US
Alexander Salamon Airport,West Union,US
Ames Municipal Airport,Ames,US
Anniston Regional Airport,Anniston,US
Anderson Regional Airport,Anderson,US
Anoka County/Blaine (Janes Field) Airport,Minneapolis,US
Angaur Airstrip,Angaur Island,PW
Sault Ste Marie Municipal/Sanderson Field,Sault Ste Marie,US
Salida/Harriett Alexander Field,Salida,US
Lee Airport,Annapolis,US
Tri-State Steuben County Airport,Angola,US
Ainsworth Regional Airport,Ainsworth,US
Anthony Municipal Airport,Anthony,US
Arco-Butte County Airport,Arco,US
Lima Allen County Airport,Lima,US
Altoona/Blair County Airport,Altoona,US
Ava Bill Martin Memorial Airport,Ava,US
Centennial Airport,Denver,US
Napa County Airport,Napa,US
Naples Municipal Airport,Naples,US
Phillips Army Air Field (Aberdeen Proving Ground) Airport,Aberdeen,US
Ap Hill Lz (Fort Ap Hill) Airport,Bowling Green,US
Alpena County Regional Airport,Alpena,US
Port Of South Louisiana Executive Regional Airport,Reserve,US
Marion County/Brown Field,Jasper,US
Apple Valley Airport,Apple Valley,US
Zapata County Airport,Zapata,US
Llano Municipal Airport,Llano,US
Appleton Municipal Airport,Appleton,US
Atoka Municipal Airport,Atoka,US
Harriman-And-West Airport,North Adams,US
Allendale County Airport,Allendale,US
Girdwood Airport,Girdwood,US
Acadiana Regional Airport,New Iberia,US
Ann Arbor Municipal Airport,Ann Arbor,US
Walnut Ridge Regional Airport,Walnut Ridge,US
Wharton Regional Airport,Wharton,US
Aurora Municipal Airport,Chicago/Aurora,US
Watertown International Airport,Watertown,US
Lakeland/Noble F Lee Memorial Field,Minocqua-Woodruff,US
Beaufort Executive Airport,Beaufort,US
Slidell Airport,Slidell,US
Aspen-Pitkin County/Sardy Field,Aspen,US
Springdale Municipal Airport,Springdale,US
Boire Field,Nashua,US
Tri-County At Henry Joyner Field,Ahoskie,US
Harrison County Airport,Marshall,US
Talladega Municipal Airport,Talladega,US
Astoria Regional Airport,Astoria,US
Warsaw Municipal Airport,Warsaw,US
John F Kennedy Memorial Airport,Ashland,US
Ashley Municipal Airport,Ashley,US
Hall-Miller Municipal Airport,Atlanta,US
Hartsfield/Jackson Atlanta International Airport,Atlanta,US
Artesia Municipal Airport,Artesia,US
Appleton International Airport,Appleton,US
Watertown Regional Airport,Watertown,US
Augusta State Airport,Augusta,US
Aurora Municipal/Al Potter Field,Aurora,US
Austin Municipal Airport,Austin,US
Auburn Municipal Airport,Auburn,US
Auburn University Regional Airport,Auburn,US
Austin-Bergstrom International Airport,Austin,US
Wausau Downtown Airport,Wausau,US
Mecklenburg-Brunswick Regional Airport,South Hill,US
Alva Regional Airport,Alva,US
Asheville Regional Airport,Asheville,US
Avon Park Executive Airport,Avon Park,US
Wilkes-Barre/Scranton International Airport,Wilkes-Barre/Scranton,US
Marana Regional Airport,Marana,US
Catalina Airport,Avalon,US
Washington Municipal Airport,Washington,US
West Memphis Municipal Airport,West Memphis,US
Arlington Municipal Airport,Arlington,US
Algona Municipal Airport,Algona,US
Houston/Southwest Airport,Houston,US
Alexandria Regional/Chandler Field,Alexandria,US
Clarion County Airport,Clarion,US
Altus/Quartz Mountain Regional Airport,Altus,US
Neil Armstrong Airport,Wapakoneta,US
Angel Fire Airport,Angel Fire,US
Waycross-Ware County Airport,Waycross,US
Arnold Afb Airport,Tullahoma,US
Colorado City Municipal Airport,Colorado City,US
Hazlehurst Airport,Hazlehurst,US
Kalamazoo/Battle Creek International Airport,Kalamazoo,US
Arrowhead Assault Strip,Fort Chaffee,US
Garnseys Airport,Schuylerville,US
Basin Harbor Airport,Vergennes,US
Bowman Field,Livermore Falls,US
Whitfords Airport,Weedsport,US
Biddeford Municipal Airport,Biddeford,US
Sugarloaf Regional Airport,Carrabassett,US
Tiber Dam Airport,Tiber Dam,US
Beale Afb Airport,Marysville,US
Barnes County Municipal Airport,Valley City,US
Barksdale Afb Airport,Bossier City,US
Westfield-Barnes Regional Airport,Westfield/Springfield,US
Columbus Municipal Airport,Columbus,US
Battle Mountain Airport,Battle Mountain,US
Huron County Memorial Airport,Bad Axe,US
New Braunfels Ntl Airport,New Braunfels,US
Black Butte North Airport,Winifred,US
Benson Municipal Airport,Benson,US
Curtis Field,Brady,US
Branson Airport,Branson,US
Marlboro County Jetport/H E Avent Field,Bennettsville,US
Broken Bow Municipal/Keith Glaze Field,Broken Bow,US
Virginia Tech/Montgomery Executive Airport,Blacksburg,US
Bryce Canyon Airport,Bryce Canyon,US
Black River Falls Area Airport,Black River Falls,US
Tri-County Airport,Bonifay,US
Boca Raton Airport,Boca Raton,US
Baudette International Airport,Baudette,US
Blanding Municipal Airport,Blanding,US
Willmar Municipal/John L Rice Field,Willmar,US
Boulder Junction Payzer Airport,Boulder Junction,US
Bradley International Airport,Windsor Locks,US
Bend Municipal Airport,Bend,US
Morrilton Municipal Airport,Morrilton,US
Bridgeport/Sikorsky Airport,Bridgeport,US
Boulder Municipal Airport,Boulder,US
Beeville Municipal Airport,Beeville,US
Beech Factory Airport,Wichita,US
Laurence G Hanscom Field,Bedford,US
Southwest Michigan Regional Airport,Benton Harbor,US
Boyne Mountain Airport,Boyne Falls,US
Bradford Regional Airport,Bradford,US
Terry County Airport,Brownfield,US
Scottsbluff/Western Nebraska Regional/Wm  B Heilig Field,Scottsbluff,US
Boeing Field/King County International Airport,Seattle,US
Buffalo Municipal Airport,Buffalo,US
Meadows Field,Bakersfield,US
Mobile International Airport,Mobile,US
Virgil I Grissom Municipal Airport,Bedford,US
Albertville Regional/Thomas J Brumlik Field,Albertville,US
Hutchinson County Airport,Borger,US
Decatur County Industrial Air Park,Bainbridge,US
Winchester Municipal Airport,Winchester,US
Greater Binghamton/Edwin A Link Field,Binghamton,US
Bangor International Airport,Bangor,US
Hancock County/Bar Harbor Airport,Bar Harbor,US
Baxley Municipal Airport,Baxley,US
Baker Municipal Airport,Baker,US
Birmingham-Shuttlesworth International Airport,Birmingham,US
Block Island State Airport,Block Island,US
Beatrice Municipal Airport,Beatrice,US
Biggs Army Air Field (Fort Bliss) Airport,Fort Bliss/El Paso/,US
Bishop Airport,Bishop,US
Early County Airport,Blakely,US
Billings Logan International Airport,Billings,US
Bismarck Municipal Airport,Bismarck,US
West Michigan Regional Airport,Holland,US
Keesler Afb Airport,Biloxi,US
Rocky Mountain Metro Airport,Denver,US
Bemidji Regional Airport,Bemidji,US
Wayne County Airport,Wooster,US
Stephens County Airport,Breckenridge,US
Baker City Municipal Airport,Baker City,US
Buckley Space Force Base Airport,Aurora,US
Burke Lakefront Airport,Cleveland,US
Blackwell-Tonkawa Municipal Airport,Blackwell,US
Brooks County Airport,Falfurrias,US
Allan C Perkinson/Blackstone Army Air Field,Blackstone,US
Brooksville-Tampa Bay Regional Airport,Brooksville,US
Raleigh County Memorial Airport,Beckley,US
Brookings Regional Airport,Brookings,US
Mercer County Airport,Bluefield,US
Blythe Airport,Blythe,US
Bellingham International Airport,Bellingham,US
Monmouth Executive Airport,Belmar/Farmingdale,US
Blue Canyon - Nyack Airport,Emigrant Gap,US
Scott Afb/Midamerica St Louis Airport,Belleville,US
Brigham City Regional Airport,Brigham City,US
Monroe County Airport,Bloomington,US
Central Il Regional/Bloomington-Normal Airport,Bloomington/Normal,US
Berlin Regional Airport,Berlin,US
Burnet Municipal/Kate Craddock Field,Burnet,US
Beaumont Municipal Airport,Beaumont,US
Nashville International Airport,Nashville,US
Banning Municipal Airport,Banning,US
Barnwell Regional Airport,Barnwell,US
Burns Municipal Airport,Burns,US
Boone Municipal Airport,Boone,US
Boise Air Trml/Gowen Field,Boise,US
Brookings Airport,Brookings,US
General Edward Lawrence Logan International Airport,Boston,US
Bartow Executive Airport,Bartow,US
Big Spring/Mc Mahon-Wrinkle Airport,Big Spring,US
Miley Memorial Field,Big Piney,US
Baxter County Airport,Mountain Home,US
Jack Brooks Regional Airport,Beaumont/Port Arthur,US
Gilliam - Mc Connell Airfield,Carthage,US
Brunswick Golden Isles Airport,Brunswick,US
Morehouse Memorial Airport,Bastrop,US
Buffalo-Lancaster Regional Airport,Buffalo,US
Brainerd Lakes Regional Airport,Brainerd,US
Belen Regional Airport,Belen,US
Southeast Iowa Regional Airport,Burlington,US
Brownsville/South Padre Island International Airport,Brownsville,US
Samuels Field,Bardstown,US
Belfast Municipal Airport,Belfast,US
Blair Executive Airport,Blair,US
Skypark Airport,Bountiful,US
Battle Creek Executive At Kellogg Field,Battle Creek,US
Bert Mooney Airport,Butte,US
Britton Municipal Airport,Britton,US
Pittsburgh/Butler Regional Airport,Butler,US
"Baton Rouge Metro, Ryan Field",Baton Rouge,US
Patrick Leahy Burlington International Airport,Burlington,US
Beatty Airport,Beatty,US
Cram Field,Burwell,US
Buffalo Niagara International Airport,Buffalo,US
Butler Memorial Airport,Butler,US
Bob Hope Airport,Burbank,US
Burlington Municipal Airport,Burlington,US
Burlington/Alamance Regional Airport,Burlington,US
Beaver County Airport,Beaver Falls,US
Albion Municipal Airport,Albion,US
Bartlesville Municipal Airport,Bartlesville,US
Skagit Regional Airport,Burlington/Mount Vernon,US
Boulder City Municipal Airport,Boulder City,US
Batesville Regional Airport,Batesville,US
Beverly Regional Airport,Beverly,US
Bullwhacker Airport,Winifred,US
Brawley Municipal Airport,Brawley,US
Brownwood Regional Airport,Brownwood,US
Bowling Green-Warren County Regional Airport,Bowling Green,US
Baltimore/Washington International Thurgood Marshall Airport,Baltimore,US
Harry Stern Airport,Wahpeton,US
Bowman Regional Airport,Bowman,US
George R Carr Memorial Air Field,Bogalusa,US
Burke County Airport,Waynesboro,US
Buckeye Municipal Airport,Buckeye,US
Brunswick Executive Airport,Brunswick,US
Boundary Airport,Boundary,US
Johnson County Airport,Buffalo,US
Arkansas International Airport,Blytheville,US
Burley Municipal Airport,Burley,US
Williamsburg-Whitley County Airport,Williamsburg,US
Bicycle Lake Army Air Field,Fort Irwin/Barstow,US
Bay City Regional Airport,Bay City,US
Bozeman Yellowstone International Airport,Bozeman,US
Mercer County Airport,Aledo,US
Southern Cross Airport,Williamstown,US
Nappanee Municipal Airport,Nappanee,US
Oceana County Airport,Hart/Shelby,US
Silver West Airport,Westcliffe,US
Morris Municipal/James R Washburn Field,Morris,US
Amana Airport,Amana,US
Pekin Municipal Airport,Pekin,US
Frasca Field,Urbana,US
Marion Airport,Marion,US
Andrews University Airpark,Berrien Springs,US
Peleliu Airport,Babelthuap Island,PW
Mineral County Memorial Airport,Creede,US
Waverly Municipal Airport,Waverly,US
Manchester Municipal Airport,Manchester,US
Middleton Municipal/Morey Field,Middleton,US
Mejit Airport,Mejit Atoll,MH
Reedsburg Municipal Airport,Reedsburg,US
Brodhead Airport,Brodhead,US
Miller Airport,Bluffton,US
Hiram Cure Airport,Sunfield,US
Toutant Airport,Putnam,US
Portage Municipal Airport,Portage,US
Wilson Bar Usfs Airport,Dixie,US
Kili Airport,Kili Island,MH
Lower Loon Creek Airport,Challis,US
Ogle County Airport,Mount Morris,US
Bult Field,Monee,US
Millers Landing Airport,Elsie,US
Lake Lawn Airport,Delavan,US
Kendallville Municipal Airport,Kendallville,US
Cayuse Creek Usfs Airport,Cayuse Creek,US
Plymouth Municipal Airport,Plymouth,US
Monmouth Municipal Airport,Monmouth,US
Crosby Municipal Airport,Crosby,US
Dixon Municipal-Charles R Walgreen Field,Dixon,US
Cassville Municipal Airport,Cassville,US
Marshall County Airport,Lacon,US
Poplar Grove Airport,Poplar Grove,US
New Coalinga Municipal Airport,Coalinga,US
Campbell Airport,Grayslake,US
Bresson Airport,Compton,US
Byron Airport,Byron,US
Tkaczyk Field,Oakley,US
Sylvania Airport,Sturtevant,US
Dowagiac Municipal Airport,Dowagiac,US
Mentone Airport,Mentone,US
Lowell Airport,Lowell,US
Lake Village Airport,Lake Village,US
Wexford County Airport,Cadillac,US
Columbia Metro Airport,Columbia,US
Craig-Moffat Airport,Craig,US
Akron-Canton Regional Airport,Akron,US
Clayton Municipal Airpark,Clayton,US
Caribou Municipal Airport,Caribou,US
Clarion Municipal Airport,Clarion,US
Greater Cumberland Regional Airport,Cumberland,US
Council Bluffs Municipal Airport,Council Bluffs,US
Cambridge Municipal Airport,Cambridge,US
Shalz Field,Colby,US
Columbus Afb Airport,Columbus,US
Clinton Municipal Airport,Clinton,US
Cable Airport,Upland,US
Newnan Coweta County Airport,Atlanta,US
Buchanan Field,Concord,US
Northeast Iowa Regional Airport,Charles City,US
Caledonia County Airport,Lyndonville,US
Cedar City Regional Airport,Cedar City,US
Harrell Field,Camden,US
Cambridge Municipal Airport,Cambridge,US
George T Lewis Airport,Cedar Key,US
Woodward Field,Camden,US
Chadron Municipal Airport,Chadron,US
Childress Municipal Airport,Childress,US
Essex County Airport,Caldwell,US
Cessna Acft Field,Wichita,US
Jack Mc Namara Field,Crescent City,US
Westover Arb/Metro Airport,Springfield/Chicopee,US
Crete Municipal Airport,Crete,US
Oconee County Regional Airport,Clemson,US
Mettel Field,Connersville,US
Bob Sikes Airport,Crestview,US
Kyle-Oakley Field,Murray,US
Cortez Municipal Airport,Cortez,US
Coulter Field,Bryan,US
Buffalo Municipal Airport,Buffalo,US
Crawfordsville Regional Airport,Crawfordsville,US
Colorado Air And Space Port Airport,Denver,US
Tuscola Area Airport,Caro,US
Greenlee County Airport,Clifton/Morenci,US
Coffeyville Municipal Airport,Coffeyville,US
Craig Seaplane Base,Craig,US
Crystal River/Davis Field,Crystal River,US
Cambridge-Dorchester Regional Airport,Cambridge,US
Cuyahoga County Airport,Cleveland,US
Cape Girardeau Regional Airport,Cape Girardeau,US
College Park Airport,College Park,US
Casa Grande Municipal Airport,Casa Grande,US
Lovell Field,Chattanooga,US
Chandler Municipal Airport,Chandler,US
Chickasha Municipal Airport,Chickasha,US
Wauchula Municipal Airport,Wauchula,US
Charlottesville-Albemarle Airport,Charlottesville,US
Circle Hot Springs Airport,Circle Hot Springs,US
Mississippi County Airport,Charleston,US
Charleston Afb/International Airport,Charleston,US
Chillicothe Municipal Airport,Chillicothe,US
Houston County Airport,Caledonia,US
Chico Regional Airport,Chico,US
The Eastern Iowa Airport,Cedar Rapids,US
Choteau Airport,Choteau,US
Arthur N Neu Airport,Carroll,US
Cairo Regional Airport,Cairo,US
Chippewa County International Airport,Sault Ste Marie,US
Ellen Church Field,Cresco,US
Culpeper Regional Airport,Culpeper,US
Kegelman Af Aux Field,Cherokee,US
North Central West Virginia Airport,Clarksburg,US
Grand Marais/Cook County Airport,Grand Marais,US
Crisp County-Cordele Airport,Cordele,US
Williamsburg Regional Airport,Kingstree,US
Fletcher Field,Clarksdale,US
Crookston Municipal/Kirkwood Field,Crookston,US
Cherokee County Regional Airport,Cherokee,US
Cordova Municipal Airport,Cordova,US
Outlaw Field,Clarksville,US
Pennridge Airport,Perkasie,US
Cleveland-Hopkins International Airport,Cleveland,US
Clintonville Municipal Airport,Clintonville,US
Clinton Regional Airport,Clinton,US
Easterwood Field,College Station,US
William R Fairchild International Airport,Port Angeles,US
Cliff Hatfield Memorial Airport,Calipatria,US
Chehalis-Centralia Airport,Chehalis,US
Charlotte/Douglas International Airport,Charlotte,US
Clearwater Executive Airport,Clearwater,US
Camarillo Airport,Camarillo,US
Cullman Regional/Folsom Field,Cullman,US
John Glenn Columbus International Airport,Columbus,US
University Of Illinois/Willard Airport,Champaign/Urbana,US
H A Clark Memorial Field,Williams,US
Houghton County Memorial Airport,Hancock,US
Sparta/Fort Mc Coy Airport,Sparta,US
Myers Field,Canby,US
Chariton Municipal Airport,Chariton,US
Claremont Municipal Airport,Claremont,US
Cherokee County Regional Airport,Canton,US
Blosser Municipal Airport,Concordia,US
Cavern City Air Trml Airport,Carlsbad,US
Chino Airport,Chino,US
Billy G Ray Field,Chappell,US
Chanute Martin Johnson Airport,Chanute,US
Tstc Waco Airport,Waco,US
Canyonlands Regional Airport,Moab,US
Colorado Springs East Airport,Ellicott,US
Yellowstone Regional Airport,Cody,US
Coeur D'Alene Airport,Coeur D'Alene,US
Patrick Space Force Base Airport,Cocoa Beach,US
Merritt Island Airport,Merritt Island,US
Coleman Municipal Airport,Coleman,US
Concord Municipal Airport,Concord,US
Cloquet/Carlton County Airport,Cloquet,US
City Of Colorado Springs Municipal Airport,Colorado Springs,US
Cotulla-La Salle County Airport,Cotulla,US
Columbia Regional Airport,Columbia,US
Columbus County Regional Airport,Whiteville,US
Wendell H Ford Airport,Hazard,US
Chesapeake Regional Airport,Norfolk,US
Compton/Woodley Airport,Compton,US
Greene County Regional Airport,Greensboro,US
Casper/Natrona County International Airport,Casper,US
St Louis Downtown Airport,Cahokia/St Louis,US
Cleburne Regional Airport,Cleburne,US
Calaveras County/Maury Rasmussen Field,San Andreas,US
Lakefield Airport,Celina,US
Chandler Regional Airport,Chandler,US
H L Sonny Callahan Airport,Fairhope,US
Cook Municipal Airport,Cook,US
Cheraw Municipal/Lynch Bellinger Field,Cheraw,US
Chatham Municipal Airport,Chatham,US
Grand Strand Airport,North Myrtle Beach,US
Jacksonville Executive At Craig Airport,Jacksonville,US
Corpus Christi International Airport,Corpus Christi,US
Mc Clellan-Palomar Airport,Carlsbad,US
C David Campbell Field-Corsicana Municipal Airport,Corsicana,US
Z M Jack Stell Field,Crossett,US
West Virginia International Yeager Airport,Charleston,US
Roscoe Turner Airport,Corinth,US
Corning Municipal Airport,Corning,US
Cambridge Municipal Airport,Cambridge,US
Columbus Airport,Columbus,US
Infinity One Oklahoma Spaceport Airport,Burns Flat,US
Creston Municipal Airport,Creston,US
Campbell Airstrip,Anchorage,US
Crossville Memorial-Whitson Field,Crossville,US
Cut Bank International Airport,Cut Bank,US
West Georgia Regional/O V Gray Field,Carrollton,US
Ingersoll Airport,Canton,US
Cross City Airport,Cross City,US
Clinton-Sampson County Airport,Clinton,US
Jim Hamilton L B Owens Airport,Columbia,US
Cushing Municipal Airport,Cushing,US
Carmi Municipal Airport,Carmi,US
Custer County Airport,Custer,US
Castroville Municipal Airport,Castroville,US
Covington Municipal Airport,Atlanta,US
Cincinnati/Northern Kentucky International Airport,Covington,US
Hollister Municipal Airport,Hollister,US
Sharp County Regional Airport,Ash Flat,US
Clovis Regional Airport,Clovis,US
Corvallis Municipal Airport,Corvallis,US
Cannon Afb Airport,Clovis,US
Charlevoix Municipal Airport,Charlevoix,US
Cow Creek Airport,Winifred,US
Central Wisconsin Airport,Mosinee,US
Kickapoo Downtown Airport,Wichita Falls,US
Chennault International Airport,Lake Charles,US
Clinton Municipal Airport,Clinton,US
Claxton-Evans County Airport,Claxton,US
Chase City Municipal Airport,Chase City,US
Calexico International Airport,Calexico,US
Conroe/North Houston Regional Airport,Houston,US
Carson City Airport,Carson City,US
Camilla-Mitchell County Airport,Camilla,US
Conway Regional Airport,Conway,US
Capital City Airport,Harrisburg,US
Pickaway County Memorial Airport,Circleville,US
Cheyenne Regional/Jerry Olson Field,Cheyenne,US
Clay Center Municipal Airport,Clay Center,US
Cozad Municipal Airport,Cozad,US
Tri-Cities Airport,Endicott,US
Cascade Locks State Airport,Cascade Locks,US
Tom B David Field,Calhoun,US
Chisana Airport,Chisana,US
Chistochina Airport,Chistochina,US
Dimmit County Airport,Carrizo Springs,US
Norman County Ada/Twin Valley Airport,Ada/Twin Valley,US
Osage Municipal Airport,Osage,US
Kulm Municipal Airport,Kulm,US
Garrison Municipal Airport,Garrison,US
Minto Municipal Airport,Minto,US
Faith Municipal Airport,Faith,US
Bottineau Municipal Airport,Bottineau,US
Ojibwa Airpark,Weidman,US
Fertile Municipal Airport,Fertile,US
Lake Isabella/Cal Brewer Memorial Airport,Lake Isabella,US
Westwinds Airport,Delta,US
Yale Airport,Yale,US
Arcade Tri-County Airport,Arcade,US
Fessenden-Streibel Municipal Airport,Fessenden,US
Manitowish Waters Airport,Manitowish Waters,US
Drayton Municipal Airport,Drayton,US
Leeds Municipal Airport,Leeds,US
Starbuck Municipal Airport,Starbuck,US
Warren Municipal Airport,Warren,US
Sauk Centre Municipal Airport,Sauk Centre,US
Stephen Municipal Airport,Stephen,US
Springfield Municipal Airport,Springfield,US
Cougar Ranch Airport,Challis,US
Columbus Municipal Airport,Columbus,US
Crosby Municipal Airport,Crosby,US
Clarence Aerodrome,Buffalo,US
Geneseo Airport,Geneseo,US
West Fargo Municipal Airport,Fargo,US
Robertson Field,Langdon,US
Mayville Municipal Airport,Mayville,US
Glen Ullin Regional Airport,Glen Ullin,US
Timber Lake Municipal Airport,Timber Lake,US
Gowanda Airport,Gowanda,US
Tioga Municipal Airport,Tioga,US
Towner Municipal Airport,Towner,US
Dinsmore Airport,Dinsmore,US
Westhope Municipal Airport,Westhope,US
Corsica Municipal Airport,Corsica,US
Delta Junction Airport,Delta Junction,US
Cy Nunnally Memorial Airport,Monroe,US
Chorman Airport,Farmington,US
Dart Airport,Mayville,US
Red Lake Falls Municipal Airport,Red Lake Falls,US
Ovid Airport,Ovid,US
Boonville Airport,Boonville,US
Sequoia Field,Visalia,US
Pratt's Eastern Divide Airport,Sherman,US
Mancelona Municipal Airport,Mancelona,US
Spencerport Airpark,Spencerport,US
Dupont/Lapeer Airport,Lapeer,US
Romeo State Airport,Romeo,US
Robertson Field,Richmond,US
Davison Army Air Field,Fort Belvoir,US
Daytona Beach International Airport,Daytona Beach,US
Necedah Airport,Necedah,US
Barstow-Daggett Airport,Daggett,US
Dallas Love Field,Dallas,US
Danville Regional Airport,Danville,US
Skyhaven Airport,Rochester,US
James M Cox Dayton International Airport,Dayton,US
W H 'Bud' Barron Airport,Dublin,US
Dubuque Regional Airport,Dubuque,US
Ronald Reagan Washington Ntl Airport,Washington,US
Chester Catawba Regional Airport,Chester,US
Pryor Field Regional Airport,Decatur,US
Daviess County Airport,Washington,US
Dodge City Regional Airport,Dodge City,US
William H Morse State Airport,Bennington,US
Duffys Tavern Airport,Slana,US
Decatur Airport,Decatur,US
Deland Municipal-Sidney H Taylor Field,Deland,US
Decorah Municipal Airport,Decorah,US
Denver International Airport,Denver,US
J Lynn Helms Sevier County Airport,De Queen,US
Coleman A Young Municipal Airport,Detroit,US
Deer Park Airport,Deer Park,US
Defiance Memorial Airport,Defiance,US
Dallas-Fort Worth International Airport,Dallas-Fort Worth,US
Douglas Municipal Airport,Douglas,US
Converse County Airport,Douglas,US
Dothan Regional Airport,Dothan,US
Dalhart Municipal Airport,Dalhart,US
Driggs/Reed Memorial Airport,Driggs,US
Dickinson/Theodore Roosevelt Regional Airport,Dickinson,US
President Donald J Trump International Airport,West Palm Beach,US
De Kalb Taylor Municipal Airport,De Kalb,US
Chautauqua County/Dunkirk Airport,Dunkirk,US
Houston County Airport,Crockett,US
Knoxville Downtown Island Airport,Knoxville,US
Dillon County Airport,Dillon,US
Laughlin Afb Airport,Del Rio,US
Duluth International Airport,Duluth,US
Baraboo/Wisconsin Dells Regional Airport,Baraboo,US
Dillon Airport,Dillon,US
Delano Municipal Airport,Delano,US
Columbia Gorge Regional/The Dalles Municipal Airport,The Dalles,US
Delaware Municipal/Jim Moore Field,Delaware,US
Davis Monthan Afb Airport,Tucson,US
Deming Municipal Airport,Deming,US
Sedalia Regional Airport,Sedalia,US
Carroll County Regional/Jack B Poage Field,Westminster,US
Dona Ana County International Jetport Airport,Santa Teresa,US
Daniel Field,Augusta,US
Dalton Municipal Airport,Dalton,US
Denison Municipal Airport,Denison,US
Vermilion Regional Airport,Danville,US
Dover Afb Airport,Dover,US
Dupage Airport,Chicago/West Chicago,US
Michael Army Air Field (Dugway Proving Ground) Airport,Dugway Proving Ground,US
Duplin County Airport,Kenansville,US
Douglas Municipal Airport,Douglas,US
Beauregard Regional Airport,De Ridder,US
Drummond Island Airport,Drummond Island,US
Durango-La Plata County Airport,Durango,US
Delta Regional Airport,Colt,US
Del Rio International Airport,Del Rio,US
Des Moines International Airport,Des Moines,US
Dansville Municipal Airport,Dansville,US
Delta Municipal Airport,Delta,US
Dwight Airport,Dwight,US
Detroit Lakes/Wething Field,Detroit Lakes,US
Shreveport Downtown Airport,Shreveport,US
Denton Enterprise Airport,Denton,US
Destin Executive Airport,Destin,US
Detroit Metro Wayne County Airport,Detroit,US
Durant Regional/Eaker Field,Durant,US
Dubois Municipal Airport,Dubois,US
Halliburton Field,Duncan,US
Bisbee Douglas International Airport,Douglas Bisbee,US
Toledo Suburban Airport,Lambertville,US
Dubois Regional Airport,Dubois,US
Moore County Airport,Dumas,US
Stuart Powell Field,Danville,US
Devils Lake Regional Airport,Devils Lake,US
Davenport Municipal Airport,Davenport,US
Gnoss Field,Novato,US
Slayton Municipal Airport,Slayton,US
Phoenix Deer Valley Airport,Phoenix,US
Yolo County Airport,Davis/Woodland/Winters,US
David Wayne Hooks Memorial Airport,Houston,US
Ashland Regional Airport,Ashland,US
Dixon Airport,Dixon,US
Dexter Municipal Airport,Dexter,US
Danbury Municipal Airport,Danbury,US
Lac Qui Parle County Airport,Madison,US
Demopolis Regional Airport,Demopolis,US
Summerville Airport,Summerville,US
Doylestown Airport,Doylestown,US
Dyersburg Regional Airport,Dyersburg,US
Dyess Afb Airport,Abilene,US
Sky Harbor Airport,Duluth,US
Horseshoe Bay Resort Airport,Horseshoe Bay,US
Blairsville Airport,Blairsville,US
Roy Hurd Memorial Airport,Monahans,US
Timberon Airport,Alamogordo,US
Hatch Municipal Airport,Hatch,US
Lea County/Zip Franklin Memorial Airport,Lovington,US
Andrews County Airport,Andrews,US
Crane County Airport,Crane,US
Ohkay Owingeh Airport,Espanola,US
San Martin Airport,San Martin,US
Gruver Municipal Airport,Gruver,US
Whiteriver Airport,Whiteriver,US
Wickenburg Municipal Airport,Wickenburg,US
Lea County/Jal Airport,Jal,US
Bruce Field,Ballinger,US
Lindrith Airpark,Lindrith,US
Smiley Johnson Municipal/Bass Field,Clarendon,US
Fabens Airport,Fabens,US
Georgetown Airport,Georgetown,US
Flying J Ranch Airport,Pima,US
Alpine-Casparis Municipal Airport,Alpine,US
Wilson's Airport,Hickory,US
Reagan County Airport,Big Lake,US
Major Samuel B Cornelius Field,Spearman,US
Groveland/Yosemite Airport,Groveland,US
Upton County Airport,Mc Camey,US
Bagdad Airport,Bagdad,US
Oldham County Airport,Vega,US
Engler Field,Bad Axe,US
Ocean Ridge Airport,Gualala,US
Denver City Airport,Denver City,US
Bird Dog Airfield,Krum,US
Eloy Municipal Airport,Eloy,US
Gila Bend Municipal Airport,Gila Bend,US
Kearny Airport,Kearny,US
Huber Airpark Civic Club Llc Airport,Seguin,US
San Manuel Airport,San Manuel,US
Sells Airport,Sells,US
Sierra Sky Park Airport,Fresno,US
Superior Municipal Airport,Superior,US
Denio Junction Airport,Denio,US
Conchas Lake Airport,Conchas Dam,US
Chinle Municipal Airport,Chinle,US
Estancia Municipal Airport,Estancia,US
Glenwood Airport,Glenwood,US
Benson Municipal/Paul Kerchum Field,Benson,US
Mid Valley Airpark,Los Lunas,US
Eagle Grove Municipal Airport,Eagle Grove,US
Phifer Airfield,Wheatland,US
Kearney Regional Airport,Kearney,US
Pangborn Memorial Airport,Wenatchee,US
Chippewa Valley Regional Airport,Eau Claire,US
Elbert County-Patz Field,Elberton,US
Southern West Virginia Regional Airport,Williamson,US
South Texas International At Edinburg Airport,Edinburg,US
Webster City Municipal Airport,Webster City,US
Elizabeth City Cg Air Station/Regional Airport,Elizabeth City,US
Northwest Florida Beaches International Airport,Panama City,US
Mondell Field,Newcastle,US
Edwards County Airport,Rocksprings,US
Austin Executive Airport,Austin,US
Northeastern Regional Airport,Edenton,US
Bellefontaine Regional Airport,Bellefontaine,US
Enterprise Municipal Airport,Enterprise,US
University Airport,Davis,US
Edwards Afb Airport,Edwards,US
Needles Airport,Needles,US
Dillant/Hopkins Airport,Keene,US
Meeker Coulter Field,Meeker,US
Shelby County Airport,Alabaster,US
Belle Fourche Municipal Airport,Belle Fourche,US
Ellington Airport,Houston,US
Northeast Kingdom International Airport,Newport,US
Monroe Municipal Airport,Monroe,US
Jefferson Municipal Airport,Jefferson,US
Eagle County Regional Airport,Eagle,US
"Duke Field,(Eglin Af Aux Nr 3) Airport",Crestview,US
Emmetsburg Municipal Airport,Emmetsburg,US
Wellington Municipal Airport,Wellington,US
Eagle River Union Airport,Eagle River,US
Elkhart-Morton County Airport,Elkhart,US
Shelby-Cleveland County Regional Airport,Shelby,US
Henderson City-County Airport,Henderson,US
Erie Municipal Airport,Erie,US
County Memorial Airport,New Madrid,US
Murray Field,Eureka,US
Elkhart Municipal Airport,Elkhart,US
Elkins/Randolph County (Jennings Randolph Field) Airport,Elkins,US
Elko Regional Airport,Elko,US
Wayne County Airport,Monticello,US
Ennis Big Sky Airport,Ennis,US
Addington Field,Elizabethtown,US
Bessemer Ntl Airport,Bessemer,US
Eagle Lake Airport,Eagle Lake,US
South Arkansas Regional At Goodwin Field,El Dorado,US
Elk City Regional Business Airport,Elk City,US
Elmira/Corning Regional Airport,Elmira/Corning,US
Bowers Field,Ellensburg,US
Ely Municipal Airport,Ely,US
El Paso International Airport,El Paso,US
Ely/Yelland Field,Ely,US
Wellsville Municipal/Tarantine Field,Wellsville,US
Kemmerer Municipal Airport,Kemmerer,US
Emporia Municipal Airport,Emporia,US
San Gabriel Valley Airport,El Monte,US
Emporia-Greensville Regional Airport,Emporia,US
Vance Afb Airport,Enid,US
Centralia Municipal Airport,Centralia,US
Wendover Airport,Wendover,US
Kenosha Regional Airport,Kenosha,US
Sabre Army Air Field (Fort Campbell) Airport,Fort Campbell (Clarksville),US
Newberry County Airport,Newberry,US
Keokuk Municipal Airport,Keokuk,US
Pike County Airport,Waverly,US
Neosho Hugh Robinson Airport,Neosho,US
Ephrata Municipal Airport,Ephrata,US
Eastport Municipal Airport,Eastport,US
El Dorado/Capt Jack Thomas Memorial Airport,El Dorado,US
Charlotte/Monroe Executive Airport,Monroe,US
Erie International/Tom Ridge Field,Erie,US
Errol Airport,Errol,US
Kerrville Municipal/Louis Schreiner Field,Kerrville,US
Luce County Airport,Newberry,US
Delta County Airport,Escanaba,US
Esler Regional Airport,Alexandria,US
Easton/Newnam Field,Easton,US
Estherville Municipal Airport,Estherville,US
Easton State Airport,Easton,US
West Bend Municipal Airport,West Bend,US
Tarboro-Edgecombe Airport,Tarboro,US
Wheaton Municipal Airport,Wheaton,US
Eastland Municipal Airport,Eastland,US
Weedon Field,Eufaula,US
Mahlon Sweet Field,Eugene,US
Caldwell Executive Airport,Caldwell,US
New Smyrna Beach Municipal (Jack Bolt Field) Airport,New Smyrna Beach,US
Eveleth/Virginia Municipal Airport,Eveleth,US
Northwest Missouri Regional Airport,Maryville,US
Evansville Regional Airport,Evansville,US
Evanston-Uinta County Burns Field,Evanston,US
Summit Airport,Middletown,US
New Bedford Regional Airport,New Bedford,US
Newton-City-County Airport,Newton,US
Coastal Carolina Regional Airport,New Bern,US
Newark Liberty International Airport,Newark,US
Davidson County Executive Airport,Lexington,US
Eagle Creek Airpark,Indianapolis,US
Curtis L Brown Jr Field,Elizabethtown,US
Key West International Airport,Key West,US
Shannon Airport,Fredericksburg,US
Kewanee Municipal Airport,Kewanee,US
Heart Of Georgia Regional Airport,Eastman,US
Shawano Municipal Airport,Shawano,US
Cameron Memorial Airport,Cameron,US
Jones Field,Bonham,US
Quanah Municipal Airport,Quanah,US
Wilbarger County Airport,Vernon,US
Marian Airpark,Wellington,US
Eufaula Municipal Airport,Eufaula,US
Olustee Municipal Airport,Olustee,US
Henryetta Municipal Airport,Henryetta,US
Shell Creek Airpark,Punta Gorda,US
Wichita Valley Airport,Wichita Falls,US
Center Municipal Airport,Center,US
Memphis Municipal Airport,Memphis,US
Perry Municipal Airport,Perry,US
Ranger Municipal Airport,Ranger,US
Sulphur Municipal Airport,Sulphur,US
Healdton Municipal Airport,Healdton,US
Firebaugh Airport,Firebaugh,US
Possum Kingdom Airport,Graford,US
Cordell Municipal Airport,Cordell,US
Carrizozo Municipal Airport,Carrizozo,US
Ennis Municipal Airport,Ennis,US
El Dorado Downtown-Stevens Field,El Dorado,US
Athens Municipal Airport,Athens,US
North Palm Beach County General Aviation Airport,West Palm Beach,US
Ralph M Hall/Rockwall Municipal Airport,Rockwall,US
St George Island Airport,Apalachicola,US
City Of Slaton/Larry T Neal Memorial Airport,Slaton,US
Winnsboro Municipal Airport,Winnsboro,US
Franklin County Airport,Mount Vernon,US
Arledge Field,Stamford,US
Hayfork Airport,Hayfork,US
Anadarko Municipal Airport,Anadarko,US
Air Park-Dallas Airport,Dallas,US
French Valley Airport,Murrieta/Temecula,US
Franklin Field,Franklin,US
Harrison Field Of Knox City Airport,Knox City,US
Horseshoe Bend Airport,Weatherford,US
Okemah Municipal Airport,Okemah,US
Lubbock Executive Airpark,Lubbock,US
Cochran County Airport,Morton,US
Caldwell Parish Airport,Columbia,US
Union Parish Airport,Farmerville,US
Jonesboro Airport,Jonesboro,US
Winnsboro Municipal Airport,Winnsboro,US
Kingfisher Airport,Kingfisher,US
Calhoun County Airport,Blountstown,US
Yoakum County Airport,Plains,US
Holdenville Municipal Airport,Holdenville,US
Felker Army Air Field,Fort Eustis,US
Farmington Regional Airport,Farmington,US
Hector International Airport,Fargo,US
Fresno Yosemite International Airport,Fresno,US
Fayetteville Regional/Grannis Field,Fayetteville,US
Simmons Army Air Field,Fort Bragg,US
Faribault Municipal-Liz Wall Strohfus Field,Faribault,US
Fort Bridger Airport,Fort Bridger,US
Fairbury Municipal Airport,Fairbury,US
Fresno Chandler Executive Airport,Fresno,US
Richmond Executive/Chesterfield County Airport,Richmond,US
Flying Cloud Airport,Minneapolis,US
Butts Army Air Field (Fort Carson) Airport,Fort Carson,US
Hutfly Airport,Forrest City,US
Frederick Municipal Airport,Frederick,US
Frederick Regional Airport,Frederick,US
Fairfield County Airport,Winnsboro,US
Findlay Airport,Findlay,US
Albertus Airport,Freeport,US
Fremont Municipal Airport,Fremont,US
First Flight Airport,Kill Devil Hills,US
Atlanta Regional Falcon Field,Atlanta,US
Fairfield Municipal Airport,Fairfield,US
Fergus Falls Regional Airport,Fergus Falls,US
Wright-Patterson Afb Airport,Dayton,US
Capital City Airport,Frankfort,US
Fremont Municipal Airport,Fremont,US
Falcon Field,Mesa,US
Collegedale Municipal Airport,Collegedale,US
Fleming-Mason Airport,Flemingsburg,US
Fernandina Beach Municipal Airport,Fernandina Beach,US
Friday Harbor Airport,Friday Harbor,US
Sierra Vista Municipal-Libby Army Air Field,Fort Huachuca Sierra Vista,US
Clearfield-Lawrence Airport,Clearfield,US
Flagler Executive Airport,Palm Coast,US
Fitchburg Municipal Airport,Fitchburg,US
Fillmore County Airport,Preston,US
Venango Regional Airport,Franklin,US
Franklin Regional Airport,Franklin,US
Frankfort Clinton County Regional Airport,Frankfort,US
Frankfort Dow Memorial Field,Frankfort,US
Fond Du Lac County Airport,Fond Du Lac,US
Flagstaff Pulliam Airport,Flagstaff,US
Fort Lauderdale/Hollywood International Airport,Fort Lauderdale,US
Florence Regional Airport,Florence,US
Marion County Regional Airport,Flippin,US
Flat Airport,Flat,US
Sherman Army Air Field,Fort Leavenworth,US
Fallon Municipal Airport,Fallon,US
Meadow Lake Airport,Colorado Springs,US
Fort Meade Executive Airport,Fort Meade (Odenton),US
Cape Cod Coast Guard Air Station,Falmouth,US
Fort Morgan Municipal Airport,Fort Morgan,US
Four Corners Regional Airport,Farmington,US
Page Field,Fort Myers,US
Fairmont State Airport,Fairmont,US
Brenner Field,Falls City,US
Northern Colorado Regional Airport,Fort Collins/Loveland,US
Bishop International Airport,Flint,US
Flora Municipal Airport,Flora,US
Fort Dodge Regional Airport,Fort Dodge,US
Topeka Regional Airport,Topeka,US
Francis S Gabreski Airport,Westhampton Beach,US
Fillmore Municipal Airport,Fillmore,US
Rohnerville Airport,Fortuna,US
Bigfork Municipal Airport,Bigfork,US
Fitch H Beach Airport,Charlotte,US
Treasure Coast International Airport,Fort Pierce,US
Perry-Foley Airport,Perry,US
Rutherford County/Marchman Field,Rutherfordton,US
Republic Airport,Farmingdale,US
French Lick Municipal Airport,French Lick,US
Marshall Army Air Field,Fort Riley (Junction City),US
Fairmont Municipal Airport,Fairmont,US
Front Royal-Warren County Airport,Front Royal,US
Joe Foss Field,Sioux Falls,US
Fosston Municipal/Anderson Field,Fosston,US
Henry Post Army Air Field (Fort Sill) Airport,Fort Sill,US
Fort Scott Municipal Airport,Fort Scott,US
Fort Smith Regional Airport,Fort Smith,US
Franklin County State Airport,Highgate,US
Fort Stockton-Pecos County Airport,Fort Stockton,US
Fort Sumner Municipal Airport,Fort Sumner,US
Fort Madison Municipal Airport,Fort Madison,US
Godman Army Air Field,Fort Knox,US
Elton Hensley Memorial Airport,Fulton,US
Fort Worth Meacham International Airport,Fort Worth,US
Fulton County Executive/Charlie Brown Field,Atlanta,US
Fullerton Municipal Airport,Fullerton,US
Northern Aroostook Regional Airport,Frenchville,US
Farmville Regional Airport,Farmville,US
Fort Wayne International Airport,Fort Wayne,US
Branson West Municipal/Emerson Field,Branson West,US
Fairfield Municipal Airport,Fairfield,US
Sussex Airport,Sussex,US
Rostraver Airport,Monongahela,US
Fort Worth Spinks Airport,Fort Worth,US
Fort Lauderdale Executive Airport,Fort Lauderdale,US
Forest City Municipal/Trimble Field,Forest City,US
Fayette County Airport,Somerville,US
Washington Regional Airport,Washington,US
Middle Peninsula Regional Airport,West Point,US
Fayetteville Municipal Airport,Fayetteville,US
Drake Field,Fayetteville,US
Fitzgerald Municipal Airport,Fitzgerald,US
Donald P Miller Airport,Fostoria,US
Oswego County Airport,Fulton,US
Finleyville Airpark,Finleyville,US
Peach State Aerodrome,Williamson,US
Gabbs Airport,Gabbs,US
Northeast Alabama Regional Airport,Gadsden,US
Hutson Field,Grafton,US
Gage Airport,Gage,US
Montgomery County Airpark,Gaithersburg,US
South Lafourche Leonard Miller Jr Airport,Galliano,US
Gallia-Meigs Regional Airport,Gallipolis,US
Williams Auxiliary Airfield 6 Airport,Gila Bend,US
Great Bend Municipal Airport,Great Bend,US
Harrel W Timmons Galesburg Regional Airport,Galesburg,US
Great Barrington Airport,Great Barrington,US
Northeast Wyoming Regional Airport,Gillette,US
Grant County Regional/Ogilvie Field,John Day,US
Garden City Regional Airport,Garden City,US
Claremore Regional Airport,Claremore,US
Grand Canyon Ntl Park Airport,Grand Canyon,US
Guthrie County Regional Airport,Guthrie Center,US
Greeneville Municipal Airport,Greeneville,US
Marion-Crittenden County James C Johnson Regional Airport,Marion,US
Granite Falls Municipal/Lenzen-Roe-Fagen Memorial Field,Granite Falls,US
Granbury Regional Airport,Granbury,US
Greene County/Lewis A Jackson Regional Airport,Dayton,US
Gardner Municipal Airport,Gardner,US
Dawson Community Airport,Glendive,US
Gladwin Zettel Memorial Airport,Gladwin,US
Delaware Coastal Airport,Georgetown,US
Spokane International Airport,Spokane,US
Brown County Airport,Georgetown,US
Glendale Regional Airport,Glendale,US
Ashe County Airport,Jefferson,US
South Big Horn County Airport,Greybull,US
Shelbyville Municipal Airport,Shelbyville,US
Pope Field,Greenfield,US
Grand Forks International Airport,Grand Forks,US
Floyd Bennett Memorial Airport,Glens Falls,US
Greenfield Municipal Airport,Greenfield,US
Georgetown County Airport,Georgetown,US
Grant Municipal Airport,Grant,US
East Texas Regional Airport,Longview,US
Grinnell Regional Airport,Grinnell,US
Logansport/Cass County Airport,Logansport,US
Wokal Field/Glasgow-Valley County Airport,Glasgow,US
Marshfield Municipal - George Harlow Field,Marshfield,US
Centerville Municipal Airport,Centerville,US
Glenwood Municipal Airport,Glenwood,US
Idaho County Airport,Grangeville,US
Winter Haven Regional Airport,Winter Haven,US
Grand Junction Regional Airport,Grand Junction,US
Port Meadville Airport,Meadville,US
Gatlinburg-Pigeon Forge Airport,Sevierville,US
Arlington Municipal Airport,Arlington,US
Renner Field/Goodland Municipal Airport,Goodland,US
Gainesville Municipal Airport,Gainesville,US
Greenville Mid-Delta Airport,Greenville,US
Gaylord Regional Airport,Gaylord,US
Scholes International At Galveston Airport,Galveston,US
Glasgow Municipal Airport,Glasgow,US
Clinton Regional Airport,Clinton,US
Grove Regional Airport,Grove,US
Greenville Downtown Airport,Greenville,US
Granby-Grand County Airport,Granby,US
Gaines County Airport,Seminole,US
Grenada Municipal Airport,Grenada,US
Gooding Municipal Airport,Gooding,US
Grants-Milan Municipal Airport,Grants,US
Goodnews Airport,Goodnews,US
Gainesville Regional Airport,Gainesville,US
Guthrie/Edmond Regional Airport,Guthrie,US
Groton-New London Airport,Groton (New London),US
Nevada County Airport,Grass Valley,US
Gatesville Municipal Airport,Gatesville,US
Grayling Army Air Field,Grayling,US
Putnam County Regional Airport,Greencastle,US
Midwest Ntl Air Center Airport,Mosby,US
Glacier Park International Airport,Kalispell,US
Grand Prairie Municipal Airport,Grand Prairie,US
Gulfport-Biloxi International Airport,Gulfport,US
Grand Rapids/Itasca County-Gordon Newstrom Field,Grand Rapids,US
Galion Municipal Airport,Galion,US
Green Bay/Austin Straubel International Airport,Green Bay,US
Greenwood County Airport,Greenwood,US
Greenville Airport,Greenville,US
Gray Army Air Field (Joint Base Lewis-Mcchord) Airport,Fort Lewis/Tacoma,US
Central Nebraska Regional Airport,Grand Island,US
Robert Gray Army Air Field,Fort Hood (Killeen),US
Gordon Municipal Airport,Gordon,US
Gerald R Ford International Airport,Grand Rapids,US
Seymour Johnson Afb Airport,Goldsboro,US
Goshen Municipal Airport,Goshen,US
Piedmont Triad International Airport,Greensboro,US
Greenville Spartanburg International Airport,Greer,US
Wheeler-Sack Army Air Field,Fort Drum,US
Gothenburg Municipal Airport,Gothenburg,US
Great Falls International Airport,Great Falls,US
Grantsburg Municipal Airport,Grantsburg,US
Golden Triangle Regional Airport,Columbus/W Point/Starkville,US
Georgetown Executive Airport,Georgetown,US
Gunnison-Crested Butte Regional Airport,Gunnison,US
Gallup Municipal Airport,Gallup,US
Camp Guernsey Airport,Guernsey,US
Grissom Arb Airport,Peru,US
Guymon Municipal Airport,Guymon,US
Gordonsville Municipal Airport,Gordonsville,US
Lee Gilmer Memorial Airport,Gainesville,US
Genesee County Airport,Batavia,US
Majors Airport,Greenville,US
Auburn/Dekalb Executive Airport,Auburn,US
Greenwood-Leflore Airport,Greenwood,US
Gwinner/Roger Melroe Field,Gwinner,US
Kgws Sumers Airpark,Glenwood Springs,US
Wayne Executive Jetport Airport,Goldsboro,US
Gila Bend Af Aux Airport,Gila Bend,US
Greeley-Weld County Airport,Greeley,US
Giddings-Lee County Airport,Giddings,US
Donaldson Field,Greenville,US
North Texas Regional/Perrin Field,Sherman/Denison,US
Glencoe Municipal Airport,Glencoe,US
Phoenix Goodyear Airport,Goodyear,US
Gary/Chicago International Airport,Gary/Chicago,US
Evergreen Regional/Middleton Field,Evergreen,US
Stigler Regional Airport,Stigler,US
Gregory M Simmons Memorial Airport,Cisco,US
Abernathy Field,Pulaski,US
Vinita Municipal Airport,Vinita,US
Wilburton Municipal Airport,Wilburton,US
Highland-Winet Airport,Highland,US
Buffalo Municipal Airport,Buffalo,US
Bowling Green Municipal Airport,Bowling Green,US
Whetstone International Airport,Port Of Del Bonita,US
Huntsville Municipal Airport,Huntsville,US
Clarksville Municipal Airport,Clarksville,US
Herlong Airport,Herlong,US
Hyampom Airport,Hyampom,US
Bismarck Memorial Airport,Bismarck,US
Owen Field,Seymour,US
Nowata Municipal Airport,Nowata,US
Hefner-Easley Airport,Wagoner,US
Stratford Field,Stratford,US
Mid-America Industrial Airport,Pryor,US
Hernando Village Airpark,Hernando,US
Pawhuska Municipal Airport,Pawhuska,US
Eldon Model Airpark,Eldon,US
Field Of Dreams Airport,Hale,US
River Falls Airport,Amarillo,US
A Paul Vance Fredericktown Regional Airport,Fredericktown,US
Hominy Municipal Airport,Hominy,US
Benton Municipal Airport,Benton,US
Pawnee Municipal Airport,Pawnee,US
Marion County-Rankin Fite Airport,Hamilton,US
Irwins Sky Ranch Airport,Casper,US
Hannibal Regional Airport,Hannibal,US
Half Moon Bay Airport,Half Moon Bay,US
Three Rivers Municipal/Dr Haines Airport,Three Rivers,US
Butler County Regional/Hogan Field,Hamilton,US
Mohall Municipal Airport,Mohall,US
Himsel Army Air Field,Nineveh,US
Hattiesburg Bobby L Chain Municipal Airport,Hattiesburg,US
Asheboro Regional Airport,Asheboro,US
Hobart Regional Airport,Hobart,US
Jim Hogg County Airport,Hebbronville,US
Heber Springs Municipal Airport,Heber Springs,US
Hutchinson Municipal/Butler Field,Hutchinson,US
Hallock Municipal Airport,Hallock,US
Heber Valley Airport,Heber,US
Hammond Northshore Regional Airport,Hammond,US
Brewster Field,Holdrege,US
Headland Municipal Airport,Headland,US
Yampa Valley Airport,Hayden,US
South Texas Regional At Hondo Airport,Hondo,US
Thompson-Robbins Airport,Helena/West Helena,US
Washington Manassas/Harry P Davis Field,Washington,US
Herlong Recreational Airport,Jacksonville,US
Hettinger/Jb Lindquist Regional Airport,Hettinger,US
Holyoke Airport,Holyoke,US
Healdsburg Municipal Airport,Healdsburg,US
Hardy-Anders Field/Natchez-Adams County Airport,Natchez,US
Hartford-Brainard Airport,Hartford,US
Mackall Army Air Field,Camp Mackall,US
Monett Regional Airport,Monett,US
Indy South Greenwood Airport,Indianapolis,US
Hagerstown Regional/Richard A Henson Field,Hagerstown,US
Hemphill County Airport,Canadian,US
Huntington Municipal Airport,Huntington,US
Jack Northrop Field/Hawthorne Municipal Airport,Hawthorne,US
Stan Stamper Municipal Airport,Hugo,US
Range Regional Airport,Hibbing,US
Mount Washington Regional Airport,Whitefield,US
Hill Afb Airport,Ogden,US
Higginsville Industrial Municipal Airport,Higginsville,US
Lake Havasu City Airport,Lake Havasu City,US
Portland-Hillsboro Airport,Portland,US
Hebron Municipal Airport,Hebron,US
Hanford Municipal Airport,Hanford,US
Blytheville Municipal Airport,Blytheville,US
Hawkins Field,Jackson,US
Hickory Regional Airport,Hickory,US
Batesville Airport,Batesville,US
Hill City Municipal Airport,Hill City,US
Wheeling Ohio County Airport,Wheeling,US
Helena Regional Airport,Helena,US
Yoakum-Defrenn Army Heliport,Fort Hood (Killeen),US
Twin County Airport,Galax Hillsville,US
Holloman Afb Airport,Alamogordo,US
Atlanta Speedway Airport,Atlanta,US
Hemet-Ryan Airport,Hemet,US
Bedford County Airport,Bedford,US
Huntingburg Airport,Huntingburg,US
Henderson Executive Airport,Las Vegas,US
Harlan Municipal Airport,Harlan,US
Henderson/Oxford Airport,Oxford,US
Lea County Regional Airport,Hobbs,US
Highland County Airport,Hillsboro,US
Homerville Airport,Homerville,US
Huron Regional Airport,Huron,US
Campbell Army Air Field (Fort Campbell) Airport,Fort Campbell/Hopkinsville,US
Memorial Field,Hot Springs,US
William P Hobby Airport,Houston,US
Westchester County Airport,White Plains,US
Hampton Municipal Airport,Hampton,US
Baytown Airport,Baytown,US
Hugoton Municipal Airport,Hugoton,US
Bowerman Field,Hoquiam,US
Thomson/Mcduffie County Airport,Thomson,US
Mesquite Metro Airport,Mesquite,US
Ravalli County Airport,Hamilton,US
Hermiston Municipal Airport,Hermiston,US
Harnett Regional Jetport Airport,Erwin,US
Valley International Airport,Harlingen,US
Boone County Airport,Harrison,US
Hurlburt Field,Mary Esther,US
Herington Regional Airport,Herington,US
Hereford Municipal Airport,Hereford,US
Stennis International Airport,Bay St Louis,US
Harrisburg-Raleigh Airport,Harrisburg,US
Sundance Airport,Oklahoma City,US
Billy Mitchell Airport,Hatteras,US
Hot Springs County Airport,Thermopolis,US
Hastings Municipal Airport,Hastings,US
Ingalls Field,Hot Springs,US
Hot Springs Municipal Airport,Hot Springs,US
Homestead Arb Airport,Homestead,US
Huntsville International-Carl T Jones Field,Huntsville,US
Hornell Municipal Airport,Hornell,US
Hawthorne Industrial Airport,Hawthorne,US
Roscommon County/Blodgett Memorial Airport,Houghton Lake,US
Tri-State/Milton J Ferguson Field,Huntington,US
Lawrence County Airpark,Chesapeake/Huntington Wva,US
Redstone Army Air Field,Redstone Arsnl Huntsville,US
Terre Haute Regional Airport,Terre Haute,US
Houlton International Airport,Houlton,US
Houma-Terrebonne Airport,Houma,US
Hutchinson Regional Airport,Hutchinson,US
Hopkinsville-Christian County Airport,Hopkinsville,US
Hanksville Airport,Hanksville,US
Tweed/New Haven Airport,New Haven,US
Havre City-County Airport,Havre,US
Hartsville Regional Airport,Hartsville,US
Hayward Executive Airport,Hayward,US
North Perry Airport,Hollywood,US
Wheatland County At Harlowton Airport,Harlowton,US
Brookhaven Airport,Shirley,US
Warrenton/Fauquier Airport,Warrenton,US
Hilton Head Airport,Hilton Head Island,US
Hartford Municipal Airport,Hartford,US
Cape Cod Gateway Airport,Hyannis,US
San Marcos Regional Airport,Austin,US
Clark Bay Seaplane Base,Hollis,US
Sawyer County Airport,Hayward,US
Hays Regional Airport,Hays,US
Conway-Horry County Airport,Conway,US
Saginaw County/H W Browne Airport,Saginaw,US
Sgt Lee Russell Carroll County Airport,Huntingdon,US
Mercer County Regional Airport,Hazen,US
Hazleton Regional Airport,Hazleton,US
False River Regional Airport,New Roads,US
Isedor Iverson Airport,Mc Gregor,US
Northeast Ohio Regional Airport,Ashtabula,US
City Of Tulia/Swisher County Municipal Airport,Tulia,US
Cabin Creek Usfs Airport,Big Creek Ranger Station,US
Noble County Airport,Caldwell,US
Kee Field,Pineville,US
Piqua/Hartzell Field,Piqua,US
Jackson County Airport,Ravenswood,US
Ed-Air Airport,Oaktown,US
Randolph County Airport,Winchester,US
Fayette County Airport,Washington Court House,US
Elkader Airport,Elkader,US
Greensburg Municipal Airport,Greensburg,US
Tucker-Guthrie Memorial Airport,Harlan,US
Richard Downing Airport,Coshocton,US
Robert Newlon Field,Huntington,US
Paoli Municipal Airport,Paoli,US
Dahio Trotwood Airport,Dayton,US
Wapshilla Airport,Winchester,US
Stanton Airport,Stanton,US
Mad River Airpark,Tremont City,US
Hagerstown Airport,Hagerstown,US
Mount Sterling Municipal Airport,Mount Sterling,US
Ortner Airport,Wakeman,US
Clinton Field,Wilmington,US
Cincinnati West Airport,Harrison,US
Warren County/John Lane Field,Lebanon,US
Clermont County Airport,Batavia,US
Morgan County Airport,Mc Connelsville,US
Westfield Airport,Westfield,US
Moraine Air Park,Dayton,US
Grimes Field,Urbana,US
Osceola Municipal Airport,Osceola,US
Peru Municipal Airport,Peru,US
Noblesville Airport,Noblesville,US
Salem Municipal Airport,Salem,US
Ed Newlon Field,New Lexington,US
Boonville Airport,Boonville,US
Reed Ranch Airport,Yellow Pine,US
Breckinridge County Airport,Hardinsburg,US
Hardin County Airport,Kenton,US
Columbia-Adair County Airport,Columbia,US
Alexandria Airport,Alexandria,US
Dyersville Area Airport,Dyersville,US
Mc Connell Afb Airport,Wichita,US
Washington Dulles International Airport,Washington,US
Niagara Falls International Airport,Niagara Falls,US
George Bush Intcntl/Houston Airport,Houston,US
Kimball Municipal/Robert E Arraj Field,Kimball,US
Devils Mountain Lodge Airport,Nabesna,US
Schenck Field,Clarinda,US
Winner Regional Airport,Winner,US
Wichita Dwight D Eisenhower Ntl Airport,Wichita,US
Marble Creek Airport,Challis,US
Idaho Falls Regional Airport,Idaho Falls,US
Ida Grove Municipal Airport,Ida Grove,US
Indiana County/Jimmy Stewart Field,Indiana,US
Indianola Municipal Airport,Indianola,US
Independence Municipal Airport,Independence,US
Pine Ridge Airport,Pine Ridge,US
Natchitoches Regional Airport,Natchitoches,US
Iowa Falls Municipal Airport,Iowa Falls,US
Laughlin/Bullhead International Airport,Bullhead City,US
Kingman Airport,Kingman,US
Lansing Municipal Airport,Chicago,US
James H Connell Field At Independence Municipal Airport,Independence,US
Washington/Wilkes County Airport,Washington,US
Windham Airport,Willimantic,US
Jacksonville Municipal Airport,Jacksonville,US
Kleberg County Airport,Kingsville,US
Greater Kankakee Airport,Kankakee,US
Ankeny Regional Airport,Ankeny,US
Jack Barstow Airport,Midland,US
Skylark Field,Killeen,US
New Castle Airport,Wilmington,US
Wilmington International Airport,Wilmington,US
Wilmington Air Park,Wilmington,US
Imperial Municipal Airport,Imperial,US
Immokalee Regional Airport,Immokalee,US
Madison Regional Airport,Madison,US
Ford Airport,Iron Mountain Kingsford,US
Indianapolis International Airport,Indianapolis,US
Inverness Airport,Inverness,US
Hillsboro Municipal Airport,Hillsboro,US
Winkler County Airport,Wink,US
Falls International/Einarson Field,International Falls,US
Creech Afb Airport,Indian Springs,US
Smith Reynolds Airport,Winston Salem,US
Winslow-Lindbergh Regional Airport,Winslow,US
Mount Sterling/Montgomery County Airport,Mount Sterling,US
Iowa City Municipal Airport,Iowa City,US
Lincoln County Regional Airport,Lincolnton,US
Imperial County Airport,Imperial,US
Williamsport Regional Airport,Williamsport,US
Kirksville Regional Airport,Kirksville,US
Kirsch Municipal Airport,Sturgis,US
Sibley Municipal Airport,Sibley,US
Kissimmee Gateway Airport,Orlando,US
Kinston Regional Jetport At Stallings Field,Kinston,US
Long Island Mac Arthur Airport,New York,US
Schoolcraft County Airport,Manistique,US
Alexander Field South Wood County Airport,Wisconsin Rapids,US
Ithaca Tompkins International Airport,Ithaca,US
Kit Carson County Airport,Burlington,US
Canandaigua Airport,Canandaigua,US
Mesa Gateway Airport,Phoenix,US
Gogebic/Iron County Airport,Ironwood,US
Wabash Municipal Airport,Wabash,US
Wiscasset Airport,Wiscasset,US
West Houston Airport,Houston,US
Halifax/Northampton Regional Airport,Roanoke Rapids,US
New Century Aircenter Airport,Olathe,US
Abbeville Chris Crusta Memorial Airport,Abbeville,US
Inyokern Airport,Inyokern,US
Santa Ynez/Kunkle Field,Santa Ynez,US
White Mountain Regional Airport,Fryeburg,US
Jackson Hole Airport,Jackson,US
Jackson-Medgar Wiley Evers International Airport,Jackson,US
Westover Field Amador County Airport,Jackson,US
Jasper County/Bell Field,Jasper,US
Colonel Tommy C Stiner Airfield,Jacksboro,US
Jacksonville International Airport,Jacksonville,US
Jonesboro Municipal Airport,Jonesboro,US
Jackson County Airport,Jefferson,US
Kimble County Airport,Junction,US
Wood County/Collins Field,Mineola/Quitman,US
Jordan Airport,Jordan,US
Jefferson City Memorial Airport,Jefferson City,US
Jerome County Airport,Jerome,US
Jesup-Wayne County Airport,Jesup,US
John F Kennedy International Airport,New York,US
Walker County/Bevill Field,Jasper,US
Tazewell County Airport,Richlands,US
Waltrip Williamsburg Executive Airport Airport,Williamsburg,US
Stanton County Municipal Airport,Johnson City,US
Chautauqua County/Jamestown Airport,Jamestown,US
Gulf Shores International/Jack Edwards Field,Gulf Shores,US
Moorhead Municipal/Florence Klingensmith Field,Moorhead,US
Julian Carroll Airport,Jackson,US
Quartz Creek Airport,Cooper Landing,US
Joplin Regional Airport,Joplin,US
Mora Municipal Airport,Mora,US
Jamestown Regional Airport,Jamestown,US
Johnston Regional Airport,Smithfield,US
Joliet Regional Airport,Joliet,US
East Hampton Town Airport,East Hampton,US
Ohio County Airport,Hartford,US
Concord-Padgett Regional Airport,Concord,US
James A Rhodes Airport,Jackson,US
Cherokee County Airport,Jacksonville,US
John Murtha Johnstown/Cambria County Airport,Johnstown,US
Sallisaw Municipal Airport,Sallisaw,US
Joseph State Airport,Joseph,US
Springerville Municipal Airport,Springerville,US
Southern Wisconsin Regional Airport,Janesville,US
John Bell Williams Airport,Raymond,US
Clark Regional Airport,Jeffersonville,US
Watonga Regional Airport,Watonga,US
John C Tune Airport,Nashville,US
Mid-Way Regional Airport,Midlothian/Waxahachie,US
Fox Stephens Field/Gilmer Municipal Airport,Gilmer,US
Jackson County/Reynolds Field,Jackson,US
St James Municipal Airport,St James,US
Plantation Airpark,Sylvania,US
Hillsdale Municipal Airport,Hillsdale,US
Leesburg Executive Airport,Leesburg,US
York Municipal Airport,York,US
Charleston Executive Airport,Charleston,US
Pickens County Airport,Jasper,US
Farington Field,Auburn,US
Greater Beardstown Airport,Beardstown,US
Rolla Downtown Airport,Rolla,US
Holly Airport,Holly,US
Piseco Airport,Piseco,US
Sam Riggs Airpark,Claremore,US
Grand Glaize-Osage Beach Airport,Osage Beach,US
Becks Grove Airport,Rome,US
Montezuma Municipal Airport,Montezuma,US
Albany Municipal Airport,Albany,US
Mills Field,South Hutchinson,US
Cooperstown-Westville Airport,Cooperstown,US
Russell County Airport,Jamestown,US
Carrollton Memorial Airport,Carrollton,US
Council Airport,Council,US
Heber Airpark,Gansevoort,US
Sharon Airport,Sharon Springs,US
Salem Memorial Airport,Salem,US
Gardner Municipal Airport,Gardner,US
Washington County Veteran's Memorial Airport,Washington,US
Unionville Municipal Airport,Unionville,US
Beaver Municipal Airport,Beaver,US
Texhoma Municipal Airport,Texhoma,US
Cook Airfield,Rose Hill,US
Medicine Lodge Airport,Medicine Lodge,US
Cpt Ben Smith Airfield/Monroe City Airport,Monroe City,US
Thompson Pass Airport,Valdez,US
Gould Peterson Municipal Airport,Tarkio,US
Harold Krier Field,Ashland,US
Amelia Earhart Airport,Atchison,US
Moritz Memorial Airport,Beloit,US
Gene Snyder Airport,Falmouth,US
Council Grove Municipal Airport,Council Grove,US
Vinland Valley Aerodrome,Baldwin City,US
Dighton Airport,Dighton,US
Oswego Municipal Airport,Oswego,US
Garnett Municipal Airport,Garnett,US
Lincoln Municipal Airport,Lincoln,US
Robert Odegaard Field,Kindred,US
Osborne Municipal Airport,Osborne,US
Freedom Municipal Airport,Freedom,US
Abilene Municipal Airport,Abilene,US
Jetmore Municipal Airport,Jetmore,US
Miami County Airport,Paola,US
Smith Center Municipal Airport,Smith Center,US
Sabetha Municipal Airport,Sabetha,US
Hiawatha Municipal Airport,Hiawatha,US
Allen County Airport,Iola,US
Macon-Fower Memorial Airport,Macon,US
Horton Municipal Airport,Horton,US
Rush County Airport,La Crosse,US
Tuscola Airport,Tuscola,US
Allison Municipal Airport,Allison,US
Kake Seaplane Base,Kake,US
Chignik Lagoon Airport,Chignik Lagoon,US
Colorado Creek Airport,Colorado Creek,US
Glacier Creek Airport,Glacier Creek,US
Mesa Del Rey Airport,King City,US
Ekuk Airport,Ekuk,US
Southwest Washington Regional Airport,Kelso,US
Kanab Municipal Airport,Kanab,US
West Point Village Seaplane Base,West Point,US
Hancock County/Ron Lewis Field,Lewisport,US
Rosamond Skypark Airport,Rosamond,US
Kern Valley Airport,Kernville,US
Furnace Creek Airport,Death Valley National Park,US
Borrego Valley Airport,Borrego Springs,US
Stovepipe Wells Airport,Death Valley National Park,US
Taft-Kern County Airport,Taft,US
Fallbrook Community Airpark,Fallbrook,US
Wasco-Kern County Airport,Wasco,US
Coal Creek Airport,Yukon Charley Rivers,US
Yucca Valley Airport,Yucca Valley,US
Pahute Mesa Airstrip,Mercury,US
Pearce Ferry Airport,Meadview,US
Hesperia Airport,Hesperia,US
St Tammany Regional Airport,Covington,US
Jonesville Airport,Jonesville,US
Tensas Parish Airport,St Joseph,US
Big Bear City Airport,Big Bear City,US
Rio Linda Airport,Rio Linda,US
Grand Canyon Caverns Airport,Peach Springs,US
Leesville Airport,Leesville,US
Marble Canyon Airport,Marble Canyon,US
Bakersfield Municipal Airport,Bakersfield,US
Heller Farm Airport,Winifred,US
Oceano County Airport,Oceano,US
Lodi Airpark,Lodi,US
Shoshone Airport,Shoshone,US
Elk Hills-Buttonwillow Airport,Buttonwillow,US
Perris Valley Airport,Perris,US
Pollock Municipal Airport,Pollock,US
Agua Dulce Airport,Agua Dulce,US
California City Municipal Airport,California City,US
Trona Airport,Trona,US
Poso-Kern County Airport,Famoso,US
Chiriaco Summit Airport,Chiriaco Summit,US
Jacumba Airport,Jacumba,US
Monache Meadows Airport,Lone Pine,US
Thibodaux Municipal Airport,Thibodaux,US
New Cuyama Airport,New Cuyama,US
Ocotillo Airport,Ocotillo Wells,US
Alamo Landing Field,Alamo,US
Mountain Valley Airport,Tehachapi,US
Feliciana Airpark,Jackson,US
Southeast Colorado Regional Airport,Lamar,US
Purdue University Airport,Lafayette,US
Lakeland Linder International Airport,Lakeland,US
Los Alamos Airport,Los Alamos,US
Capital Region International Airport,Lansing,US
Laramie Regional Airport,Laramie,US
Harry Reid International Airport,Las Vegas,US
Lawton-Fort Sill Regional Airport,Lawton,US
Los Angeles International Airport,Los Angeles,US
Lubbock Preston Smith International Airport,Lubbock,US
Arnold Palmer Regional Airport,Latrobe,US
North Platte Regional/Lee Bird Field,North Platte,US
Liberal Mid-America Regional Airport,Liberal,US
Floyd W Jones Lebanon Airport,Lebanon,US
Clarksville/Red River Cty-J D Trissell Field,Clarksville,US
Lumberton Regional Airport,Lumberton,US
Texas Gulf Coast Regional Airport,Angleton/Lake Jackson,US
Left Coulee Airport,Winifred,US
Wayne Municipal/Stan Morris Field,Wayne,US
Lake Charles Regional Airport,Lake Charles,US
Laconia Municipal Airport,Laconia,US
Rickenbacker International Airport,Columbus,US
Lake City Gateway Airport,Lake City,US
Linden Airport,Linden,US
Mason County Airport,Ludington,US
Lebanon Municipal Airport,Lebanon,US
Leesburg International Airport,Leesburg,US
Lemmon Municipal Airport,Lemmon,US
Auburn/Lewiston Municipal Airport,Auburn/Lewiston,US
Blue Grass Airport,Lexington,US
Langley Afb Airport,Hampton,US
Angelina County Airport,Lufkin,US
Lafayette Regional/Paul Fournet Field,Lafayette,US
Laguardia Airport,New York,US
Long Beach (Daugherty Field) Airport,Long Beach,US
Lagrange/Callaway Airport,Lagrange,US
La Grande/Union County Airport,La Grande,US
Laguna Army Air Field (Yuma Proving Ground) Airport,Yuma Proving Ground (Yuma),US
Logan-Cache Airport,Logan,US
Hearne Municipal Airport,Hearne,US
Lincoln Regional/Karl Harder Field,Lincoln,US
Fairfield County Airport,Lancaster,US
William T Piper Memorial Airport,Lock Haven,US
Wright Army Air Field (Fort Stewart)/Midcoast Regional Airport,Fort Stewart (Hinesville),US
La Junta Municipal Airport,La Junta,US
Triangle North Executive Airport,Louisburg,US
Limon Municipal Airport,Limon,US
Bill And Hillary Clinton Ntl/Adams Field,Little Rock,US
Littlefield Taylor Brown Municipal Airport,Littlefield,US
Litchfield Municipal Airport,Litchfield,US
Lake Placid Airport,Lake Placid,US
Lancaster County-Mc Whirter Field,Lancaster,US
Louisa County/Freeman Field,Louisa,US
Lake County Airport,Lakeview,US
Challis Airport,Challis,US
Levelland Municipal Airport,Levelland,US
Monticello Municipal/Ellis Field,Monticello,US
Little River Airport,Little River,US
Lamar Municipal Airport,Lamar,US
Vance Brand Airport,Longmont,US
Louisville/Winston County Airport,Louisville,US
Crater Lake/Klamath Regional Airport,Klamath Falls,US
Palm Beach County Park Airport,West Palm Beach,US
Lancaster Regional Airport,Lancaster,US
Hunt Field,Lander,US
Lincoln Airport,Lincoln,US
Kings Land O' Lakes Airport,Land O' Lakes,US
Lake County Executive Airport,Willoughby,US
Lonesome Pine Airport,Wise,US
Tri-County Regional Airport,Lone Rock,US
Lancaster Airport,Lancaster,US
Derby Field,Lovelock,US
Wings Field,Philadelphia,US
Lewis University Airport,Chicago/Romeoville,US
Bowman Field,Louisville,US
London/Corbin/Magee Airport,London,US
Lompoc Airport,Lompoc,US
Lorain County Regional Airport,Lorain/Elyria,US
Pickens County Airport,Pickens,US
Larned-Pawnee County Airport,Larned,US
Laredo International Airport,Laredo,US
Little Rock Afb Airport,Jacksonville,US
Lincoln Regional Airport,Lincoln,US
Le Mars Municipal Airport,Le Mars,US
Mt Pleasant Regional-Faison Field,Mount Pleasant,US
Las Cruces International Airport,Las Cruces,US
Lawrence Smith Memorial Airport,Harrisonville,US
Lordsburg Municipal Airport,Lordsburg,US
La Crosse Regional Airport,La Crosse,US
Lawson Army Air Field (Fort Benning) Airport,Fort Benning (Columbus),US
Lusk Municipal Airport,Lusk,US
Los Banos Municipal Airport,Los Banos,US
Nellis Afb Airport,Las Vegas,US
Altus Afb Airport,Altus,US
Liberty County Airport,Chester,US
Luray Caverns Airport,Luray,US
Decatur Municipal Airport,Decatur,US
Luke Afb Airport,Glendale,US
Ellington Airport,Lewisburg,US
Cincinnati Municipal/Lunken Field,Cincinnati,US
Hesler/Noble Field,Laurel,US
Menomonie Municipal/Score Field,Menomonie,US
Lamesa Municipal Airport,Lamesa,US
Laurens County Airport,Laurens,US
Pearland Regional Airport,Houston,US
Livermore Municipal Airport,Livermore,US
Brunswick County Airport,Lawrenceville,US
Mission Field,Livingston,US
Airlake Airport,Minneapolis,US
Las Vegas Municipal Airport,Las Vegas,US
South Haven Area Regional Airport,South Haven,US
Greenbrier Valley Airport,Lewisburg,US
Lawrence Regional Airport,Lawrence,US
Lamoni Municipal Airport,Lamoni,US
Wells Municipal/Harriet Field,Wells,US
Lawrence Municipal Airport,Lawrence,US
Lewiston/Nez Perce County Airport,Lewiston,US
Lewistown Municipal Airport,Lewistown,US
Lawrenceville-Vincennes International Airport,Lawrenceville,US
Little Falls/Morrison County-Lindbergh Field,Little Falls,US
Jim Kelly Field,Lexington,US
Kansas City/Lee's Summit Regional Airport,Lee'S Summit,US
Lake County Airport,Leadville,US
Mexia-Limestone County Airport,Mexia,US
Lynchburg Regional/Preston Glenn Field,Lynchburg,US
Lyons-Rice County Municipal Airport,Lyons,US
Quentin Aanenson Field,Luverne,US
Danielson Airport,Danielson,US
Gwinnett County/Briscoe Field,Lawrenceville,US
Lampasas Airport,Lampasas,US
General Dewitt Spain Airport,Memphis,US
Dickson Municipal Airport,Dickson,US
Covington Municipal Airport,Covington,US
Caruthersville Memorial Airport,Caruthersville,US
William L Whitehurst Field,Bolivar,US
Mountainair Municipal Airport,Mountainair,US
Copiah County Airport,Crystal Springs,US
Steele Municipal Airport,Steele,US
Poplarville/Pearl River County Airport,Poplarville,US
James Tucker Airport,Linden,US
Bolivar Municipal Airport,Bolivar,US
Hope Municipal Airport,Hope,US
Newport Regional Airport,Newport,US
Leitchfield-Grayson County Airport,Leitchfield,US
Muhlenberg County Airport,Greenville,US
Bill Pugh Field,Russellville,US
James H Easom Field,Newton,US
Dean Griffin Memorial Airport,Wiggins,US
Mayfield Graves County Airport,Mayfield,US
Drummond Airport,Drummond,US
Waldron Municipal Airport,Waldron,US
Mid Continent Airport,Hayti,US
Hassell Field,Clifton,US
Metropolis Municipal Airport,Metropolis,US
Lake Village Municipal Airport,Lake Village,US
Kentucky Dam State Park Airport,Calvert City,US
Frank Federer Memorial Airport,Brinkley,US
Ruleville-Drew Airport,Drew,US
Hazel Green Airport,Hazel Green,US
Monroe County Airport,Aberdeen/Amory,US
Holly Springs-Marshall County Airport,Holly Springs,US
Russian Flat Airport,Russian Flat,US
Prentiss-Jefferson Davis County Airport,Prentiss,US
Houston Municipal Airport,Houston,US
Alpine County Airport,Markleeville,US
Colstrip Airport,Colstrip,US
Houston Memorial Airport,Houston,US
Boardman Airport,Boardman,US
Oktibbeha Airport,Starkville,US
Humboldt Municipal Airport,Humboldt,US
Lebanon Municipal Airport,Lebanon,US
Lamar County Airport,Vernon,US
Richton-Perry County Airport,Richton,US
Woodruff County Airport,Augusta,US
Edward F Johnson Airport,Ishpeming,US
Jenkinson Airport,Meade,US
Alfred Schroeder Field,Hillsboro,US
Pocahontas Municipal Airport,Pocahontas,US
Greensfield Airport,Moscow Mills,US
New Albany/Union County Airport,New Albany,US
Almyra Municipal Airport,Almyra,US
Bald Knob Municipal Airport,Bald Knob,US
Malta Airport,Malta,US
Howard County Airport,Nashville,US
Malvern Municipal Airport,Malvern,US
John H Hooks Jr Memorial Airport,Rayville,US
Scott Airport,Tallulah,US
Mccharen Field,West Point,US
Gideon Memorial Airport,Gideon,US
Walle Field,Pullman,US
Springfield Robertson County Airport,Springfield,US
Houston County Airport,Mc Kinnon,US
Desert Aire Regional Airport,Mattawa,US
Richard Arthur Field,Fayette,US
Shady Lane Airport,St Johns,US
Macon Downtown Airport,Macon,US
Madera Municipal Airport,Madera,US
Midland International Air And Space Port Airport,Midland,US
Marianna Municipal Airport,Marianna,US
Malone-Dufort Airport,Malone,US
Nampa Municipal Airport,Nampa,US
Marion County Airport,Marion,US
Malden Regional Airport,Malden,US
Mobridge Municipal Airport,Mobridge,US
Manistee County/Blacker Airport,Manistee,US
Bruce Campbell Field,Madison,US
Mbs International Airport,Saginaw,US
Murfreesboro Municipal Airport,Murfreesboro,US
Omar N Bradley Airport,Moberly,US
Mc Comb/Pike County/John E Lewis Field,Mc Comb,US
Mc Clellan Airfield,Sacramento,US
Mackinac Island Airport,Mackinac Island,US
Merced Yosemite Regional Airport,Merced,US
Macdill Afb Airport,Tampa,US
Kansas City International Airport,Kansas City,US
Mc Cook Ben Nelson Regional Airport,Mc Cook,US
Middle Georgia Regional Airport,Macon,US
Orlando International Airport,Orlando,US
Mason City Municipal Airport,Mason City,US
White County Airport,Monticello,US
Martin County Airport,Williamston,US
Massey Aerodrome,Massey,US
Midland Airpark,Midland,US
Mooreland Municipal Airport,Mooreland,US
Southern Illinois Airport,Carbondale/Murphysboro,US
Huntsville Executive Tom Sharp Jr Field,Huntsville,US
Madison Municipal Airport,Madison,US
Harrisburg International Airport,Harrisburg,US
Chicago Midway International Airport,Chicago,US
Taylor County Airport,Medford,US
Cutler Regional Airport,Cutler,US
Banks Airport,Swans Island,US
Wales Airport,Wales,US
Laurinburg/Maxton Airport,Maxton,US
Key Field,Meridian,US
Meade Municipal Airport,Meade,US
Frederick W Smith International/Memphis Airport,Memphis,US
Castle Airport,Atwater,US
Minden-Tahoe Airport,Minden,US
James G Whiting Memorial Field,Mapleton,US
Mena Intermountain Municipal Airport,Mena,US
Mansfield Lahm Regional Airport,Mansfield,US
Mc Allen International Airport,Mc Allen,US
Marshfield Municipal Airport,Marshfield,US
Rogue Valley International/Medford Airport,Medford,US
Accomack County Airport,Melfa,US
Michigan City Municipal-Phillips Field,Michigan City,US
Dobbins Arb Airport,Marietta,US
Maple Lake Municipal-Bill Mavencamp Sr Field,Maple Lake,US
Orange County Airport,Montgomery,US
Montgomery Regional (Dannelly Field) Airport,Montgomery,US
Harbor Springs Airport,Harbor Springs,US
Moultrie Municipal Airport,Moultrie,US
Morgantown Municipal/Walter L Bill Hart Field,Morgantown,US
Dayton/Wright Brothers Airport,Dayton,US
Mitchell Municipal Airport,Mitchell,US
Manhattan Regional Airport,Manhattan,US
Marshall Memorial Municipal Airport,Marshall,US
John Edwin Jones Sr Field/Metter Municipal Airport,Metter,US
Sacramento Mather Airport,Sacramento,US
Manchester Boston Regional Airport,Manchester,US
Mojave Air & Space Port/Rutan Field,Mojave,US
Denton Farms Airport,Clare,US
Miami International Airport,Miami,US
Minot Afb Airport,Minot,US
Crystal Airport,Minneapolis,US
Delaware County Regional Airport,Muncie,US
Miami Regional Airport,Miami,US
Shafter-Minter Field,Shafter,US
Millville Municipal Airport,Millville,US
Marshalltown Municipal Airport,Marshalltown,US
Picayune Municipal Airport,Picayune,US
Jackson Municipal Airport,Jackson,US
Ocean County Airport,Toms River,US
Miller Municipal Airport,Miller,US
Kansas City Downtown/Wheeler Field,Kansas City,US
General Mitchell International Airport,Milwaukee,US
Muskegon County Airport,Muskegon,US
Mountain Empire Airport,Marion/Wytheville,US
Jackson Regional Airport,Jackson,US
Comanche County-City Airport,Comanche,US
Muskogee-Davis Regional Airport,Muskogee,US
Berkeley County Airport,Moncks Corner,US
Mankato Regional Airport,Mankato,US
Marksville Municipal Airport,Marksville,US
Marco Island Executive Airport,Marco Island,US
Melbourne Orlando International Airport,Melbourne,US
Mc Alester Regional Airport,Mc Alester,US
Malad City Airport,Malad City,US
Millard Airport,Omaha,US
Milford Municipal/Ben And Judy Briscoe Field,Milford,US
Quad Cities International Airport,Moline,US
Baldwin County Regional Airport,Milledgeville,US
Frank Wiley Field,Miles City,US
Millinocket Municipal Airport,Millinocket,US
Monroe Regional Airport,Monroe,US
Mammoth Yosemite Airport,Mammoth Lakes,US
Mcminn County Airport,Athens,US
Meriden Markham Municipal Airport,Meriden,US
Southwest Minnesota Regional Marshall/Ryan Field,Marshall,US
Selfs Airport,Marks,US
Mc Entire Jngb Airport,Eastover,US
Morristown Municipal Airport,Morristown,US
Mc Minnville Municipal Airport,Mc Minnville,US
Minden Airport,Minden,US
Mountain View Airport,Mountain View,US
Santee Cooper Regional Airport,Manning,US
Menominee Regional Airport,Menominee,US
Marion Municipal Airport,Marion,US
Monroe County Airport,Madisonville,US
Hamilton Municipal Airport,Hamilton,US
Richland Municipal Airport,Richland,US
Flying Bar H Ranch Airport,Springfield,US
Stockton Lake Airport,Stockton,US
Bollinger-Crass Memorial Airport,Van Buren,US
North Central Missouri Regional Airport,Brookfield,US
Kingsley Airfield,Miller,US
Mobile Regional Airport,Mobile,US
Modesto City-County-Harry Sham Field,Modesto,US
Mount Pleasant Municipal Airport,Mount Pleasant,US
Moore-Murrell Airport,Morristown,US
Moses Point Airport,Elim,US
Minot International Airport,Minot,US
Morris Municipal/Charlie Schmidt Field,Morris,US
Philadelphia Municipal Airport,Philadelphia,US
Marshall County Airport,Moundsville,US
Mariposa-Yosemite Airport,Mariposa,US
Petit Jean Park Airport,Morrilton,US
Pocono Mountains Regional Airport,Mount Pocono,US
Mc Pherson Airport,Mc Pherson,US
Edward F Knapp State Airport,Barre/Montpelier,US
Mount Pleasant Municipal Airport,Mount Pleasant,US
Macomb Municipal Airport,Macomb,US
Dare County Regional Airport,Manteo,US
Indianapolis Regional Airport,Indianapolis,US
Chester County G O Carlson Airport,Coatesville,US
Telfair-Wheeler Airport,Mc Rae,US
Smyrna Airport,Smyrna,US
Eastern Wv Regional/Shepherd Field,Martinsburg,US
Maury County Regional Airport,Columbia/Mount Pleasant,US
Marfa Municipal Airport,Marfa,US
Michael J Smith Field,Beaufort,US
Iowa County Airport,Mineral Point,US
Foothills Regional Airport,Morganton,US
Union County Airport,Marysville,US
Monterey Regional Airport,Monterey,US
Eagles Ridge Airport,Hernando,US
Northwest Alabama Regional Airport,Muscle Shoals,US
Dane County Regional/Truax Field,Madison,US
Missoula Montana Airport,Missoula,US
Minneapolis-St Paul International/Wold-Chamberlain Airport,Minneapolis,US
Massena International-Richards Field,Massena,US
Sullivan County International Airport,Monticello,US
Louis Armstrong New Orleans International Airport,New Orleans,US
Knox Ridge Airport,Winifred,US
Selfridge Angb Airport,Mount Clemens,US
Metro Field,Fairbanks,US
The Florida Keys Marathon International Airport,Marathon,US
Montrose Regional Airport,Montrose,US
Martin State Airport,Baltimore,US
Coles County Memorial Airport,Mattoon/Charleston,US
Montauk Airport,Montauk,US
Blue Ridge Airport,Martinsville,US
Manitowoc County Airport,Manitowoc,US
Muir Army Heliport (Fort Indiantown Gap) Heliport,Fort Indiantown Gap (Annville),US
Spence Airport,Moultrie,US
Mountain Home Afb Airport,Mountain Home,US
Muscatine Municipal Airport,Muscatine,US
Monroe County Aeroplex Airport,Monroeville,US
Montevideo-Chippewa County Airport,Montevideo,US
Monte Vista Municipal Airport,Monte Vista,US
Morrisville-Stowe State Airport,Morrisville,US
Machias Valley Airport,Machias,US
Mount Vernon Airport,Mount Vernon,US
Martha's Vineyard Airport,Vineyard Haven,US
Veterans Airport Of Southern Illinois Airport,Marion,US
Lawrence J Timmerman Airport,Milwaukee,US
Grant County International Airport,Moses Lake,US
Mount Airy/Surry County Airport,Mount Airy,US
Mineral Wells Regional Airport,Mineral Wells,US
Windom Municipal Airport,Windom,US
Middletown Regional/Hook Field,Middletown,US
Manila Municipal Airport,Manila,US
Maxwell Afb Airport,Montgomery,US
Monticello Regional Airport,Monticello,US
Montgomery-Gibbs Executive Airport,San Diego,US
Mexico Memorial Airport,Mexico,US
May Creek Airport,May Creek,US
Mc Call Municipal Airport,Mc Call,US
Myrtle Beach International Airport,Myrtle Beach,US
Yuba County Airport,Marysville,US
Marysville Municipal Airport,Marysville,US
Moose Lake Carlton County Airport,Moose Lake,US
Pinal Airpark,Marana,US
Marion Municipal - Mckinney Field,Marion,US
Cortland County/Chase Field,Cortland,US
Hackettstown Airport,Hackettstown,US
Laurel Airport,Laurel,US
Lincoln Park Airport,Lincoln Park,US
Flanagan Field,Farmville,US
Lakewood Airport,Lakewood,US
Bloomsburg Municipal Airport,Bloomsburg,US
Flying W Airport,Lumberton,US
Kingston Airport,Kingston,US
Centre Airpark,Centre Hall,US
Vaughn Municipal Airport,Vaughn,US
Tinak Airport,Arno Atoll,MH
Aztec Municipal Airport,Aztec,US
Ine Airport,Arno Atoll,MH
Sky Manor Airport,Jacksonville,US
Sidney Municipal Airport,Sidney,US
Questa Municipal Nr 2 Airport,Questa,US
Blue Heron Airport,Gallupville,US
Derby Aerodrome,Pinehurst,US
Bradford County Airport,Towanda,US
Magdalena Airport,Magdalena,US
Cherry Ridge Airport,Honesdale,US
Punxsutawney Municipal Airport,Punxsutawney,US
Wotje Airport,Wotje Atoll,MH
Grand Canyon Regional Airport,Wellsboro,US
Sky Manor Airport,Pittstown,US
Mount Tobe Airport,Waterbury,US
Braden Airpark,Easton,US
Kobelt Airport,Wallkill,US
Pottstown Municipal Airport,Pottstown,US
Rose Quartz Ranch Airport,Stagecoach,US
Solberg/Hunterdon Airport,Readington,US
Jaars-Townsend Airport,Waxhaw,US
Jaluit Airport,Jabor Jaluit Atoll,MH
Great Valley Airport,Great Valley,US
New Garden Airport,Toughkenamon,US
Samsarg Field,Fernley,US
Rosaschi Air Park,Smith,US
Hinshaw (Greenacres) Airport,Liberty,US
Meadow Brook Field,Walnut Cove,US
Albert S Nader Regional Airport,Oneonta,US
Franklin County Regional Airport,Chambersburg,US
Stormville Airport,Stormville,US
Donegal Springs Airpark,Mount Joy/Marietta,US
Warwick Municipal Airport,Warwick,US
Penns Cave Airport,Centre Hall,US
Northumberland County Airport,Shamokin,US
Hammonton Municipal Airport,Hammonton,US
Wurtsboro/Sullivan County Airport,Wurtsboro,US
Ds Butler Farm And Airfield,Oak Ridge,US
Alexandria Airport,Pittstown,US
Trenton-Robbinsville Airport,Robbinsville,US
Kecks Airport,Julian,US
Joseph Y Resnick Airport,Ellenville,US
Laneys Airport,Maiden,US
Carlisle Airport,Carlisle,US
Bellefonte Airport,Bellefonte,US
Hiatt Airport,Thomasville,US
Boyne City Municipal Airport,Boyne City,US
Beaufort Mcas (Merritt Field) Airport,Beaufort,US
New Orleans Nas Jrb (Alvin Callender Field) Airport,New Orleans,US
Barin Nolf Airport,Foley,US
Taylorsville Airport,Taylorsville,US
New River Mcas (Mccutcheon Field) Airport,Jacksonville,US
Dahlgren Nsf Airport,Dahlgren,US
Whiting Field Nas South Airport,Milton,US
Lakehurst Maxfield Field,Lakehurst,US
Whitehouse Nolf Airport,Jacksonville,US
Lakefront Airport,New Orleans,US
Summerdale Nolf Airport,Summerdale,US
Fentress Nalf Airport,Fentress,US
Camp Pendleton Mcas (Munn Field) Airport,Oceanside,US
Choctaw Nolf Airport,Milton,US
Fallon Nas (Van Voorhis Field) Airport,Fallon,US
Fort Worth Nas Jrb (Carswell Field) Airport,Fort Worth,US
Corpus Christi Nas (Truax Field) Airport,Corpus Christi,US
Santa Rosa Nolf Airport,Milton,US
Goliad Nolf Airport,Berclair,US
Norfolk Ns (Chambers Field) Airport,Norfolk,US
Cabaniss Field Nolf Airport,Corpus Christi,US
Patuxent River Nas (Trapnell Field) Airport,Patuxent River,US
Norfolk Ns Airport,Norfolk,US
China Lake Naws (Armitage Field) Airport,China Lake,US
Ninilchik Airport,Ninilchik,US
Jacksonville Nas (Towers Field) Airport,Jacksonville,US
El Centro Naf (Vraciu Field) Airport,El Centro,US
Bogue Field Mcalf Airport,Swansboro,US
Joe Williams Nolf Airport,Meridian,US
Cherry Point Mcas (Cunningham Field) Airport,Cherry Point,US
Miramar Mcas (Joe Foss Field) Airport,San Diego,US
Lemoore Nas (Reeves Field) Airport,Lemoore,US
Cuba Landing Strip,Cuba,US
Meridian Nas (Mc Cain Field) Airport,Meridian,US
Orange Grove Nalf Airport,Orange Grove,US
Port Angeles Cgas Airport,Port Angeles,US
Pensacola Nas (Forrest Sherman Field) Airport,Pensacola,US
Millington/Memphis Airport,Millington,US
Kingsville Nas Airport,Kingsville,US
Key West Nas (Boca Chica Field) Airport,Key West,US
Coupeville Nolf Airport,Coupeville,US
Mayport Ns (Adm David L Mcdonald Field) Airport,Mayport,US
Norton Municipal Airport,Norton,US
Spencer Nolf Airport,Pace,US
Imperial Beach Nolf (Ream Field) Airport,Imperial Beach,US
Whiting Field Nas North Airport,Milton,US
San Nicolas Island Nolf Airport,San Nicolas Island,US
Point Mugu Nas (Naval Base Ventura Co) Airport,Oxnard,US
Oceana Nas (Apollo Soucek Field) Airport,Virginia Beach,US
San Clemente Island Nalf Airport,San Clemente Island,US
Webster Nolf Airport,St Inigoes,US
Moffett Federal Airfield,Mountain View,US
Whidbey Island Nas (Ault Field) Airport,Oak Harbor,US
Nevada Municipal Airport,Nevada,US
Waldron Field Nolf Airport,Corpus Christi,US
Twentynine Palms Self Airport,Twentynine Palms,US
Fulton County Airport,Johnstown,US
Kline Kill Airport,Ghent,US
Quantico Mcaf (Turner Field) Airport,Quantico,US
Yuma Mcas/Yuma International Airport,Yuma,US
North Island Nas (Halsey Field) Airport,San Diego,US
Nervino Airport,Beckwourth,US
Rogers Field,Chester,US
Sidney Pickels Field,Colusa,US
Round Valley Airport,Covelo,US
Haddock Field,Erick,US
Turlock Municipal Airport,Turlock,US
Garberville Airport,Garberville,US
Buzzards Roost Airport,Inola,US
Kneeland Airport,Eureka,US
Kingdon Airpark,Lodi,US
Hoopa Airport,Hoopa,US
Columbia Airport,Columbia,US
Lee Vining Airport,Lee Vining,US
Lone Pine/Death Valley Airport,Lone Pine,US
Oakdale Airport,Oakdale,US
Ells Field/Willits Municipal Airport,Willits,US
Pittsburg Landing Airport,Imnaha,US
Reedley Municipal Airport,Reedley,US
Samoa Field,Eureka,US
Hollis Municipal Airport,Hollis,US
Haigh Field,Orland,US
Gundys Airport,Owasso,US
Ravendale Airport,Ravendale,US
Watts-Woodland Airport,Woodland,US
Woodlake Airport,Woodlake,US
Yerington Municipal Airport,Yerington,US
Mc Caslin Airport,Lexington,US
Hooker Municipal Airport,Hooker,US
Weed Airport,Weed,US
Prague Municipal Airport,Prague,US
Salmon Bar Airport,Imnaha,US
Sutter County Airport,Yuba City,US
Medford Municipal Airport,Medford,US
Lonnie Pool Field/Weaverville Airport,Weaverville,US
Southard Field,Bieber,US
Bryant Field,Bridgeport,US
Cedarville Airport,Cedarville,US
Cloverdale Municipal Airport,Cloverdale,US
Cameron Park Airport,Cameron Park,US
B & H Usfs Airport,Enterprise,US
Christman Airfield,Okeene,US
Sluice Creek Airport,Imnaha,US
Petaluma Municipal Airport,Petaluma,US
Sierraville Dearwater Airport,Sierraville,US
Tulelake Municipal Airport,Tulelake,US
Benton Field,Redding,US
Trinity Center Airport,Trinity Center,US
Rio Vista Municipal Airport,Rio Vista,US
Fall River Mills Airport,Fall River Mills,US
Albert J Ellis Airport,Jacksonville,US
Oakland San Francisco Bay Airport,Oakland,US
Marina Municipal Airport,Marina,US
Okeechobee County Airport,Okeechobee,US
Woodbine Municipal Airport,Woodbine,US
Ocala International-Jim Taylor Field,Ocala,US
Nacogdoches A L Mangham Jr Regional Airport,Nacogdoches,US
Oconto/J Douglas Bake Municipal Airport,Oconto,US
Washington-Warren Airport,Washington,US
Odessa-Schlemeyer Field,Odessa,US
Evelyn Sharp Field,Ord,US
Branch County Memorial Airport,Coldwater,US
Oakley Municipal Airport,Oakley,US
L O Simenstad Municipal Airport,Osceola,US
Offutt Afb Airport,Omaha,US
Norfolk Regional/Karl Stefan Memorial Field,Norfolk,US
Hanover County Municipal Airport,Richmond/Ashland,US
Searle Field,Ogallala,US
Orangeburg Municipal Airport,Orangeburg,US
Ogden-Hinckley Airport,Ogden,US
Ontonagon County/Schuster Field,Ontonagon,US
Ogdensburg International Airport,Ogdensburg,US
Lt Warren Eaton Airport,Norwich,US
Oberlin Municipal Airport,Oberlin,US
Weatherford Stafford Airport,Weatherford,US
Johnson County Executive Airport,Olathe,US
Stearmans Roost Airport,Vinita,US
Red River Airport,Kingston,US
Bob Maxwell Memorial Airfield,Oceanside,US
Okc Will Rogers International Airport,Oklahoma City,US
Delaurentis Airport,Oak Harbor,US
Kokomo Municipal Airport,Kokomo,US
Okmulgee Regional/Paul And Betty Abbott Field,Okmulgee,US
Garden County/King Rhiley Field,Oshkosh,US
Winchester Regional Airport,Winchester,US
Kaolin Field,Sandersville,US
Dewitt Field/Old Town Municipal Airport,Old Town,US
Cattaraugus County-Olean Airport,Olean,US
L M Clayton Airport,Wolf Point,US
Solon Springs Municipal Airport,Solon Springs,US
Olympia Regional Airport,Olympia,US
Nogales International Airport,Nogales,US
Columbus Municipal Airport,Columbus,US
Olive Branch/Taylor Field,Olive Branch,US
Olney-Noble Airport,Olney-Noble,US
Oelwein Municipal Airport,Oelwein,US
Eppley Airfield,Omaha,US
Orange County Airport,Orange,US
Omak Airport,Omak,US
Ormond Beach Municipal Airport,Ormond Beach,US
Winona Municipal/Max Conrad Field,Winona,US
The O'Neill Municipal-John L Baker Field,O'Neill,US
Socorro Municipal Airport,Socorro,US
Ontario Municipal Airport,Ontario,US
Newport Municipal Airport,Newport,US
Ontario International Airport,Ontario,US
Currituck County Regional Airport,Currituck,US
Olney Municipal Airport,Olney,US
Grosse Ile Municipal Airport,Detroit/Grosse Ile,US
Oskaloosa Municipal Airport,Oskaloosa,US
Miami-Opa Locka Executive Airport,Miami,US
St Landry Parish Airport,Opelousas,US
Thomaston-Upson County Airport,Thomaston,US
Brandywine Regional Airport,West Chester,US
Quonset State Airport,North Kingstown,US
Maquoketa Municipal Airport,Maquoketa,US
Dug Bar Usfs Airport,Imnaha,US
Lord Flat Usfs Airport,Imnaha,US
Orr Regional Airport,Orr,US
Chicago O'Hare International Airport,Chicago,US
Orange Municipal Airport,Orange,US
Norfolk International Airport,Norfolk,US
Orange County Airport,Orange,US
Worcester Regional Airport,Worcester,US
North Little Rock Municipal Airport,North Little Rock,US
Orlando Executive Airport,Orlando,US
Orcas Island Airport,Eastsound,US
Mount Pleasant Regional Airport,Mount Pleasant,US
Oscoda/Wurtsmith Airport,Oscoda,US
Wittman Regional Airport,Oshkosh,US
Ohio State University Airport,Columbus,US
Kosciusko-Attala County Airport,Kosciusko,US
Worthington Municipal Airport,Worthington,US
Southwest Oregon Regional Airport,North Bend,US
Ottumwa Regional Airport,Ottumwa,US
University Of Oklahoma Westheimer Airport,Norman,US
Oroville Municipal Airport,Oroville,US
Olivia Regional Airport,Olivia,US
North Vernon Airport,North Vernon,US
Boscobel Airport,Boscobel,US
Owatonna Degner Regional Airport,Owatonna,US
Owensboro/Daviess County Regional Airport,Owensboro,US
Norwood Memorial Airport,Norwood,US
Ottawa Municipal Airport,Ottawa,US
Central Maine/Norridgewock Airport,Norridgewock,US
William R Pogue Municipal Airport,Sand Springs,US
Putnam County Airport,Ottawa,US
Ocean City Municipal Airport,Ocean City,US
Waterbury-Oxford Airport,Oxford,US
Miami University Airport,Oxford,US
Starke County Airport,Knox,US
Oxnard Airport,Oxnard,US
Knoxville Municipal Airport,Knoxville,US
St Marys Municipal Airport,St Marys,US
Ozona Municipal Airport,Ozona,US
Cairns Army Air Field (Fort Rucker) Airport,Fort Rucker,US
Camdenton Memorial-Lake Regional Airport,Camdenton,US
Livingston County/Spencer J Hardy Airport,Howell,US
Eric Marcus Municipal Airport,Ajo,US
Cochise College Airport,Douglas,US
Bisbee Municipal Airport,Bisbee,US
Coolidge Municipal Airport,Coolidge,US
Polacca Airport,Polacca,US
San Carlos Apache Airport,Globe,US
Holbrook Municipal Airport,Holbrook,US
Palmyra (Cooper) Airport,Palmyra Island Atoll,UM
Greater Breezewood Regional Airport,Breezewood,US
Stellar Airpark,Chandler,US
Avi Suquilla Airport,Parker,US
Seligman Airport,Seligman,US
Tombstone Municipal Airport,Tombstone,US
Cochise County Airport,Willcox,US
Mifflintown Airport,Mifflintown,US
Mount Pleasant/Scottdale Airport,Mount Pleasant,US
Cottonwood Airport,Cottonwood,US
Flying M Aerodrome,Germansville,US
Jersey Shore Airport,Jersey Shore,US
Seattle Paine Field International Airport,Everett,US
Barkley Regional Airport,Paducah,US
Tyndall Afb Airport,Panama City,US
Payson Airport,Payson,US
Palo Alto Airport,Palo Alto,US
Pinebluff Regional/Grider Field,Pine Bluff,US
Plattsburgh International Airport,Plattsburgh,US
Price County Airport,Phillips,US
Pike County/Hatcher Field,Pikeville,US
Perryville Regional Airport,Perryville,US
Plant City Airport,Plant City,US
Erie-Ottawa International Airport,Port Clinton,US
Waupaca Municipal Airport,Waupaca,US
Prairie Du Chien Municipal Airport,Prairie Du Chien,US
Dekalb-Peachtree Airport,Atlanta,US
Eastern Oregon Regional At Pendleton Airport,Pendleton,US
Portland International Airport,Portland,US
Pella Municipal Airport,Pella,US
Penn Yan/Yates County Airport,Penn Yan,US
Pecos Municipal Airport,Pecos,US
Paynesville Municipal Airport,Paynesville,US
Pleasanton Municipal Airport,Pleasanton,US
Pacific City State Airport,Pacific City,US
Griffin Field,Levant,US
Page Municipal Airport,Page,US
Punta Gorda Airport,Punta Gorda,US
Port Graham Airport,Port Graham,US
Kirk Field,Paragould,US
Pitt-Greenville Airport,Greenville,US
Harry Clever Field,New Philadelphia,US
Newport News/Williamsburg International Airport,Newport News,US
Phillipsburg Municipal Airport,Phillipsburg,US
Robert F Swinnie Airport,Andrews,US
Palm Beach County Glades Airport,Pahokee,US
Philadelphia International Airport,Philadelphia,US
St Clair County International Airport,Port Huron,US
Philip Airport,Philip,US
Henry County Airport,Paris,US
Phoenix Sky Harbor International Airport,Phoenix,US
General Downing - Peoria International Airport,Peoria,US
Hattiesburg/Laurel Regional Airport,Hattiesburg-Laurel,US
St Pete-Clearwater International Airport,St Petersburg-Clearwater,US
Pocatello Regional Airport,Pocatello,US
Cameron County Airport,Port Isabel,US
Harris County Airport,Pine Mountain,US
Pierre Regional Airport,Pierre,US
Pittsburgh International Airport,Pittsburgh,US
Zelienople Municipal Airport,Zelienople,US
Pinckneyville/Du Quoin Airport,Pinckneyville,US
Mid-Ohio Valley Regional Airport,Parkersburg,US
Park Rapids Municipal/Konshok Field,Park Rapids,US
Park Falls Municipal Airport,Park Falls,US
Calhoun County Airport,Port Lavaca,US
Portland Municipal Airport,Portland,US
M Graham Clark Downtown Airport,Branson,US
Pellston Regional/Emmet County Airport,Pellston,US
St Clair County Airport,Pell City,US
Pierce County/Thun Field,Puyallup,US
Pembina Municipal Airport,Pembina,US
Palmdale Usaf Plant 42 Airport,Palmdale,US
Greater Portsmouth Regional Airport,Portsmouth,US
Pompano Beach Airpark,Pompano Beach,US
Panola County Airport,Batesville,US
Plattsmouth Municipal/Douglas V Duey Field,Plattsmouth,US
Plymouth Municipal Airport,Plymouth,US
Ralph Wenz Field,Pinedale,US
Ponca City Regional Airport,Ponca City,US
Northeast Philadelphia Airport,Philadelphia,US
Princeton Municipal Airport,Princeton,US
Princeton Municipal Airport,Princeton,US
Pensacola International Airport,Pensacola,US
Pontiac Municipal Airport,Pontiac,US
Poplar Municipal Airport,Poplar,US
Pope Army Air Field,Fayetteville,US
Brackett Field,La Verne,US
Maks Army Air Field,Fort Polk,US
Poplar Bluff Regional Business Airport,Poplar Bluff,US
Pocahontas Municipal Airport,Pocahontas,US
Hudson Valley Regional Airport,Poughkeepsie,US
Portage County Airport,Ravenna,US
Powell Municipal Airport,Powell,US
Perry Lefors Field,Pampa,US
Tri-City Airport,Parsons,US
La Porte Municipal Airport,La Porte,US
Pittsfield Penstone Municipal Airport,Pittsfield,US
Presque Isle International Airport,Presque Isle,US
Trent Lott International Airport,Pascagoula,US
Pipestone Municipal Airport,Pipestone,US
Paso Robles Municipal Airport,Paso Robles,US
Prescott Regional/Ernest A Love Field,Prescott,US
Edgar County Airport,Paris,US
Mac Crenshaw Memorial Airport,Greenville,US
Perry Municipal Airport,Perry,US
Presidio Lely International Airport,Presidio,US
Cox Field,Paris,US
Portales Municipal Airport,Portales,US
Mid-State Airport,Philipsburg,US
Tri-Cities Airport,Pasco,US
Pittsfield Municipal Airport,Pittsfield,US
New River Valley Airport,Dublin,US
Portsmouth International At Pease Airport,Portsmouth,US
Palestine Municipal Airport,Palestine,US
Stevens Field,Pagosa Springs,US
Palm Springs International Airport,Palm Springs,US
Palacios Municipal Airport,Palacios,US
Tri Cities Executive/Dinwiddie County Airport,Petersburg,US
Potsdam Municipal/Damon Field,Potsdam,US
Oakland County International Airport,Pontiac,US
Harry P Williams Memorial Airport,Patterson,US
Atkinson Municipal Airport,Pittsburg,US
Pratt Regional Airport,Pratt,US
Porterville Municipal Airport,Porterville,US
Heritage Field,Pottstown,US
Pueblo Memorial Airport,Pueblo,US
Carbon County Regional/Buck Davis Field,Price,US
Paulding Northwest Atlanta Airport,Atlanta,US
Pullman/Moscow Regional Airport,Pullman/Moscow,US
Platteville Municipal Airport,Platteville,US
Provincetown Municipal Airport,Provincetown,US
Rhode Island Tf Green International Airport,Providence,US
Beech River Regional Airport,Lexington-Parsons,US
Placerville Airport,Placerville,US
Hampton Roads Executive Airport,Norfolk,US
Pauls Valley Municipal Airport,Pauls Valley,US
Provo Municipal Airport,Provo,US
Hale County Airport,Plainview,US
Wiley Post Airport,Oklahoma City,US
Pine River Regional Airport,Pine River,US
Sher-Wood Airport,Plentywood,US
Mc Gregor Executive Airport,Waco,US
Chicago Executive Airport,Chicago/Prospect Heights/Wheeling,US
Portland International Jetport Airport,Portland,US
Bremerton Ntl Airport,Bremerton,US
Perry-Houston County Airport,Perry,US
Pageland Airport,Pageland,US
Plymouth Municipal Airport,Plymouth,US
Piedmont Municipal Airport,Piedmont,US
Centre Piedmont/Cherokee County Regional Airport,Centre,US
Perryton Ochiltree County Airport,Perryton,US
Presque Isle County Airport,Rogers City,US
Mudaysis Air Base,,IQ
Alkali Lake State Airport,Alkali Lake,US
Wakonda Beach State Airport,Waldport,US
Ruhes Airport,Leipsic,US
Ferry County Airport,Republic,US
Batten International Airport,Racine,US
Riverside Airport,Riverside,US
Rapid City Regional Airport,Rapid City,US
Mustang Beach Airport,Port Aransas,US
Warsaw Municipal Airport,Warsaw,US
Dallas Executive Airport,Dallas,US
Rock County Airport,Bassett,US
Roseburg Regional Airport,Roseburg,US
Red Bluff Municipal Airport,Red Bluff,US
Robinson Army Air Field (Camp Robinson) Airport,Camp Robinson/Little Rock,US
Nueces County Airport,Robstown,US
Lowcountry Regional Airport,Walterboro,US
Rock Creek Airport,Clinton,US
Ellsworth Afb Airport,Rapid City,US
Clarence E Page Municipal Airport,Oklahoma City,US
H H Coffield Regional Airport,Rockdale,US
Skyhaven Airport,Warrensburg,US
Rooks County Regional Airport,Stockton,US
Fulton County Airport,Rochester,US
Nartron Field,Reed City,US
Astronaut Kent Rominger Airport,Del Norte,US
Rusk County Airport,Ladysmith,US
Richmond County Airport,Rockingham,US
Redding Regional Airport,Redding,US
Reading Regional/Carl A Spaatz Field,Reading,US
Red Oak Municipal Airport,Red Oak,US
Roberts Field/Redmond Municipal Airport,Redmond,US
Grand Forks Afb Airport,Grand Forks,US
Raleigh-Durham International Airport,Raleigh/Durham,US
Red Devil Airport,Red Devil,US
Red Lodge Airport,Red Lodge,US
Louisiana Regional Airport,Gonzales,US
Redlands Municipal Airport,Redlands,US
Rome State Airport,Rome,US
Chicago/Rockford International Airport,Chicago/Rockford,US
Rooke Field,Refugio,US
Rusk County Airport,Henderson,US
Central Kentucky Regional Airport,Richmond,US
Red Wing Regional Airport,Red Wing,US
Rhinelander/Oneida County Airport,Rhinelander,US
Western Carolina Regional Airport,Andrews,US
Reid-Hillview Of Santa Clara County Airport,San Jose,US
Richmond International Airport,Richmond,US
Richmond Municipal Airport,Richmond,US
Richfield Municipal Airport,Richfield,US
Rifle Garfield County Airport,Rifle,US
Flabob Airport,Riverside/Rubidoux/,US
Rancho Murieta Airport,Rancho Murieta,US
March Arb Airport,Riverside,US
Central Wyoming Regional Airport,Riverton,US
Gooden Airpark,Ridgely,US
Kavik Strip,Kavik River,US
Knox County Regional Airport,Rockland,US
Aransas County Airport,Rockport,US
Robert S Kerr Airport,Poteau,US
Southwest Wyoming Regional Airport,Rock Springs,US
Rockwood Municipal Airport,Rockwood,US
Richland Airport,Richland,US
Griffiss International Airport,Rome,US
Richard B Russell Regional - J H Towers Field,Rome,US
Washington Executive/Stafford Regional Airport,Stafford,US
Brooks Field,Marshall,US
Warren County Memorial Airport,Mc Minnville,US
Randolph Afb Airport,Universal City,US
New Richmond Regional Airport,New Richmond,US
Ramona Airport,Ramona,US
Reno/Tahoe International Airport,Reno,US
Owosso Community Airport,Owosso,US
Renton Municipal Airport,Renton,US
Cleveland Municipal Airport,Cleveland,US
Roanoke/Blacksburg Regional (Woodrum Field) Airport,Roanoke,US
Frederick Douglass/Greater Rochester International Airport,Rochester,US
Rogers Executive - Carter Field,Rogers,US
Rush City Regional Airport,Rush City,US
Roswell Air Center Airport,Roswell,US
Roseau Municipal/Rudy Billberg Field,Roseau,US
Belleville Municipal Airport,Belleville,US
Rice Lake Regional/Carl's Field,Rice Lake,US
Graham Municipal Airport,Graham,US
Rochelle Municipal/Koritz Field,Rochelle,US
Roundup Airport,Roundup,US
Roben-Hood Airport,Big Rapids,US
Window Rock Airport,Window Rock,US
El Reno Regional Airport,El Reno,US
Merrill Municipal Airport,Merrill,US
Rock Rapids Municipal Airport,Rock Rapids,US
Warroad International Memorial Airport,Warroad,US
Russell Municipal Airport,Russell,US
Ruston Regional Airport,Ruston,US
Rochester International Airport,Rochester,US
Crawford County Airport,Robinson,US
Southwest Florida International Airport,Fort Myers,US
Raton Municipal/Crews Field,Raton,US
Reno/Stead Airport,Reno,US
Russellville Regional Airport,Russellville,US
Rugby Municipal Airport,Rugby,US
Mid-Carolina Regional Airport,Salisbury,US
Rutland/Southern Vermont Regional Airport,Rutland,US
Ruby Valley Field,Twin Bridges,US
Swinton Smith Field At Reidsville Municipal Airport,Reidsville,US
Mifflin County Airport,Reedsville,US
Hawkins County Airport,Rogersville,US
Tulsa Riverside Airport,Tulsa,US
Redwood Falls Municipal Airport,Redwood Falls,US
Rocky Mount/Wilson Regional Airport,Rocky Mount,US
Rawlins Municipal/Harvey Field,Rawlins,US
Arens Field,Winamac,US
Caldwell Municipal Airport,Caldwell,US
Rexburg-Madison County Airport,Rexburg,US
Wray Municipal Airport,Wray,US
Ray S Miller Army Air Field,Camp Ripley,US
Ryan Field,Tucson,US
Watertown Municipal Airport,Watertown,US
Lago Vista Tx/Rusty Allen Airport,Lago Vista,US
Cobb County International/Mccollum Field,Atlanta,US
Jasper County Airport,Rensselaer,US
Burnett County Airport,Siren,US
Cleveland Regional Jetport Airport,Cleveland,US
Ross County Airport,Chillicothe,US
Opheim Airport,Opheim,US
Conrad Airport,Conrad,US
Ashland Municipal/Sumner Parker Field,Ashland,US
Condon Usfs Airport,Condon,US
Bandon State Airport,Bandon,US
Hot Springs Airport,Hot Springs,US
Lake Chelan Airport,Chelan,US
Albany Municipal Airport,Albany,US
Copalis State Airport,Copalis,US
Twin Lakes Airport,Graniteville,US
Forks Airport,Forks,US
Mc Cormick County Airport,Mc Cormick,US
Goldendale Airport,Goldendale,US
Sunriver Airport,Sunriver,US
Ione Municipal Airport,Ione,US
Sandusky County Regional Airport,Fremont,US
Watford City Municipal Airport,Watford City,US
Kalispell City Airport,Kalispell,US
International Peace Garden Airport,Dunseith,US
Lebanon State Airport,Lebanon,US
Lopez Island Airport,Lopez,US
Cooperstown Municipal Airport,Cooperstown,US
Madras Municipal Airport,Madras,US
Plains Airport,Plains,US
Okanogan Legion Airport,Okanogan,US
Crest Airfield,Covington,US
Smoketown Airport,Smoketown,US
Prineville Airport,Prineville,US
Prosser Airport,Prosser,US
Springer Municipal Airport,Springer,US
Harvey Field,Snohomish,US
Plains Municipal Airport,Plains,US
Siletz Bay State Airport,Gleneden Beach,US
Miller Memorial Airpark,Vale,US
Auburn Municipal Airport,Auburn,US
Andy Mc Beth Airport,Klamath Glen,US
Methow Valley State Airport,Winthrop,US
Libby Airport,Libby,US
Stanford/Biggerstaff Field,Stanford,US
Homedale Municipal Airport,Homedale,US
Orofino Municipal Airport,Orofino,US
Lincoln Airport,Lincoln,US
Othello Municipal Airport,Othello,US
Edgar G Obie Airport,Chinook,US
Jack A Buell Airport,St Maries,US
Kamiah Municipal Airport,Kamiah,US
Payette Municipal Airport,Payette,US
Magee Airport,Coeur D'Alene,US
Emmett Municipal Airport,Emmett,US
Indian Creek Usfs Airport,Indian Creek,US
Kooskia Municipal Airport,Kooskia,US
Shoshone County Airport,Kellogg,US
Cottonwood Municipal Airport,Cottonwood,US
Big Sky Field,Culbertson,US
Weiser Municipal Airport,Weiser,US
Skykomish State Airport,Skykomish,US
Craigmont Municipal Airport,Craigmont,US
Elk City Airport,Elk City,US
Fish Lake Usfs Airport,Fish Lake,US
Cle Elum Municipal Airport,Cle Elum,US
Port Of Whitman Business Air Center Airport,Colfax,US
Martin Field,College Place,US
Anderson Field,Brewster,US
Shively Field,Saratoga,US
Sacramento Executive Airport,Sacramento,US
Safford Regional/1Lt Duane Spalsbury Field,Safford,US
Santa Fe Regional Airport,Santa Fe,US
San Diego International Airport,San Diego,US
Sparta Community-Hunter Field,Sparta,US
Salton Sea Airport,Salton City,US
San Antonio International Airport,San Antonio,US
Savannah/Hilton Head International Airport,Savannah,US
Marquette/Sawyer Regional Airport,Marquette,US
Staples Municipal Airport,Staples,US
Santa Barbara Municipal Airport,Santa Barbara,US
San Bernardino International Airport,San Bernardino,US
Sheboygan County Memorial International Airport,Sheboygan,US
South Bend International Airport,South Bend,US
East Georgia Regional Airport,Swainsboro,US
San Luis Obispo County Regional Airport,San Luis Obispo,US
Steamboat Springs/Bob Adams Field,Steamboat Springs,US
Blue Earth Municipal Airport,Blue Earth,US
Shelby Airport,Shelby,US
Salisbury-Ocean City Wicomico Regional Airport,Salisbury,US
Sidney Municipal Airport,Sidney,US
Scribner State Airport,Scribner,US
Merkel Field Sylacauga Municipal Airport,Sylacauga,US
Schenectady County Airport,Schenectady,US
Stockton Metro Airport,Stockton,US
Siler City Municipal Airport,Siler City,US
Scott Municipal Airport,Oneida,US
Shenandoah Municipal Airport,Shenandoah,US
Williamson/Sodus Airport,Williamson/Sodus,US
Louisville Muhammad Ali International Airport,Louisville,US
Scottsdale Airport,Scottsdale,US
Brown Field Municipal Airport,San Diego,US
Sidney-Richland Regional Airport,Sidney,US
Seattle-Tacoma International Airport,Seattle,US
Gillespie Field,San Diego/El Cajon,US
Sebring Regional Airport,Sebring,US
Penn Valley Airport,Selinsgrove,US
Craig Field,Selma,US
Stephenville Clark Regional Airport,Stephenville,US
Randolph Afb Aux Airport,Seguin,US
Freeman Municipal Airport,Seymour,US
St Charles County Regional/Smartt Field,St Charles,US
Sedona Airport,Sedona,US
Orlando Sanford International Airport,Orlando,US
Felts Field,Spokane,US
Sanford Seacoast Regional Airport,Sanford,US
San Francisco International Airport,San Francisco,US
Suffolk Executive Airport,Suffolk,US
Tri-Township Airport,Savanna,US
North Central State Airport,Pawtucket,US
Springfield-Branson Ntl Airport,Springfield,US
Springfield/Beckley Municipal Airport,Springfield,US
St Augustine Airport,St Augustine,US
Sugar Land Regional Airport,Houston,US
South St Paul Municipal/Richard E Fleming Field,South St Paul,US
Stuttgart Municipal Carl Humphrey Field,Stuttgart,US
St George Regional Airport,St George,US
Shelby Auxiliary Field One Airport,Camp Shelby,US
Shenandoah Valley Regional Airport,Staunton/Waynesboro/Harrisonburg,US
Sheldon Regional Airport,Sheldon,US
Sanderson Field,Shelton,US
Sheridan County Airport,Sheridan,US
Shreveport Regional Airport,Shreveport,US
Rockingham County Nc Shiloh Airport,Reidsville,US
Sikeston Memorial Municipal Airport,Sikeston,US
Sullivan County Airport,Sullivan,US
Siskiyou County Airport,Montague,US
Norman Y Mineta San Jose International Airport,San Jose,US
St Johns Industrial Air Park,St Johns,US
Big Sandy Regional Airport,Prestonsburg,US
San Angelo Regional/Mathis Field,San Angelo,US
Beaver Island Airport,Beaver Island,US
Fairchild Afb Airport,Spokane,US
Kelly Field,San Antonio,US
Sac City Municipal Airport,Sac City,US
Taos Regional Airport,Taos,US
Storm Lake Municipal Airport,Storm Lake,US
Salt Lake City International Airport,Salt Lake City,US
Mcnary Field,Salem,US
Smith Field,Siloam Springs,US
Cheboygan County Airport,Cheboygan,US
Los Alamitos Army Air Field,Los Alamitos,US
Adirondack Regional Airport,Saranac Lake,US
Salina Regional Airport,Salina,US
Salem-Leckrone Airport,Salem,US
Sulphur Springs Municipal Airport,Sulphur Springs,US
Smith Field,Fort Wayne,US
Lake Cumberland Regional Airport,Somerset,US
Sacramento International Airport,Sacramento,US
Lemhi County Airport,Salmon,US
Santa Monica Municipal Airport,Santa Monica,US
Somerset Airport,Somerville,US
Sumter Airport,Sumter,US
Santa Maria Pub/Capt G Allan Hancock Field,Santa Maria,US
John Wayne/Orange County Airport,Santa Ana,US
Chester Airport,Chester,US
Savannah-Hardin County Airport,Savannah,US
Winston Field,Snyder,US
Shawnee Regional Airport,Shawnee,US
Salinas Municipal Airport,Salinas,US
Sidney Municipal/Lloyd W Carr Field,Sidney,US
Sonora Municipal Airport,Sonora,US
Moore County Airport,Pinehurst/Southern Pines,US
Show Low Regional Airport,Show Low,US
Spartanburg Downtown Memorial/Simpson Field,Spartanburg,US
Scappoose Airport,Scappoose,US
Black Hills-Clyde Ice Field,Spearfish,US
Albert Whitted Airport,St Petersburg,US
Springhill Airport,Springhill,US
Abraham Lincoln Capital Airport,Springfield,US
Spanish Fork Municipal/Woodhouse Field,Spanish Fork,US
Sheppard Afb/Wichita Falls Municipal Airport,Wichita Falls,US
Spencer Municipal Airport,Spencer,US
Silver Springs Airport,Silver Springs,US
Whiteside County/Jos H Bittorf Field,Sterling/Rockfalls,US
San Carlos Airport,San Carlos,US
Upper Cumberland Regional Airport,Sparta,US
Searcy Regional Airport,Searcy,US
Seminole Municipal Airport,Seminole,US
Sarasota/Bradenton International Airport,Sarasota/Bradenton,US
Sierra Blanca Regional Airport,Ruidoso,US
Stony River 2 Airport,Stony River,US
Shaw Afb Airport,Sumter,US
Stinson Municipal Airport,San Antonio,US
St Simons Island Airport,St Simons Island,US
Shell Lake Municipal Airport,Shell Lake,US
St Cloud Sky Central Airport,St Cloud,US
Stevens Point Municipal Airport,Stevens Point,US
George M Bryan Airport,Starkville,US
Rosecrans Memorial Airport,St Joseph,US
Sterling Municipal Airport,Sterling,US
St Louis Lambert International Airport,St Louis,US
St Paul Downtown Holman Field,St Paul,US
Charles M Schulz/Sonoma County Airport,Santa Rosa,US
Witham Field,Stuart,US
Stroud Municipal Airport,Stroud,US
Door County Cherryland Airport,Sturgeon Bay,US
Friedman Memorial Airport,Hailey,US
Rosebud Sioux Tribal Airport,Rosebud,US
Spirit Of St Louis Airport,St Louis,US
Cape Fear Regional Jetport/Howie Franklin Field,Oak Island,US
Travis Afb Airport,Fairfield,US
Richard I Bong Airport,Superior,US
Sioux Gateway/Brig General Bud Day Field,Sioux City,US
Saline County Regional Airport,Benton,US
Grant County Airport,Silver City,US
Susanville Municipal Airport,Susanville,US
Statesville Regional Airport,Statesville,US
Hunter Army Air Field,Savannah,US
South Valley Regional Airport,Salt Lake City,US
New York Stewart International Airport,New York,US
Sherman Municipal Airport,Sherman,US
Stillwater Regional Airport,Stillwater,US
Seward Municipal Airport,Seward,US
Avenger Field,Sweetwater,US
Sioux County Regional Airport,Maurice,US
Summersville Airport,Summersville,US
Santa Rosa Route 66 Airport,Santa Rosa,US
Cheyenne County Municipal Airport,St Francis,US
Bomar Field/Shelbyville Municipal Airport,Shelbyville,US
Morehead-Rowan County Clyde A Thomas Regional Airport,Morehead,US
Stanton Airfield,Stanton,US
Syracuse Hancock International Airport,Syracuse,US
Sylvester Airport,Sylvester,US
Whiteman Afb Airport,Knob Noster,US
Santa Paula Airport,Santa Paula,US
Sandpoint Airport,Sandpoint,US
Robert Sibley Airport,Selmer,US
Chambers County Airport,Anahuac,US
Tuba City Airport,Tuba City,US
Charles R Johnson Airport,Port Mansfield,US
Kirbyville Airport,Kirbyville,US
Dallas South Port Airport,Palmer,US
Rockin M Airport,Quinlan,US
Marlin Airport,Marlin,US
Reserve Airport,Reserve,US
Duval-Freer Airport,Freer,US
Roger M Dreyer Memorial Airport,Gonzales,US
Albany Municipal Airport,Albany,US
Pineland Municipal Airport,Pineland,US
Aero Estates Airport,Frankston,US
Flying V Ranch Airport,Louise,US
Cain Airport,Slidell,US
Flying H Ranch Airport,Whitesboro,US
Mc Kinley Field,Pearsall,US
Aero Country Airport,Mc Kinney,US
Sudden Stop Airport,Collinsville,US
Cameron Municipal Airpark,Cameron,US
Paul Pittman Memorial Airport,Tylertown,US
Goldthwaite Municipal Airport,Goldthwaite,US
Bar V K Airport,Bolivar,US
Archer City Municipal Airport,Archer City,US
La Porte Municipal Airport,La Porte,US
Ruth Airport,Ruth,US
Panhandle-Carson County Airport,Panhandle,US
Finney Field,Howe,US
Poetry Flying Ranch Airport,Rockwall,US
Menard County Airport,Menard,US
Dan Jones International Airport,Houston,US
Lane Airpark,Rosenberg,US
Dimmitt Municipal Airport,Dimmitt,US
Eagle's Nest Estates Airport,Midlothian,US
Ironhead Airport,Sanger,US
Wheeler Municipal Airport,Wheeler,US
Stonewall County Airport,Aspermont,US
Hicks Airfield,Fort Worth,US
Sinton Airport,Sinton,US
Laughlin Afb Aux Nr 1 Airport,Spofford,US
Cuero Municipal Airport,Cuero,US
Kirk Air Base Airport,Lancaster,US
Taylor Municipal Airport,Taylor,US
Rhome Meadows Airport,Rhome,US
Liberty Municipal Airport,Liberty,US
Skyway Manor Airport,Pearland,US
Bishop's Landing Airport,Celina,US
Gillespie County Airport,Fredericksburg,US
Yoakum Municipal Airport,Yoakum,US
Flying C Airport,Sanger,US
Colorado City Airport,Colorado City,US
Lajitas International Airport,Lajitas,US
Chambers County/Winnie Stowell Airport,Winnie/Stowell,US
Mason County Airport,Mason,US
Twin-Oaks Airport,San Antonio,US
Southwest Lubbock Airport,Wolfforth,US
Perry Stokes Airport,Trinidad,US
Taunton Municipal/King Field,Taunton,US
Taylorville Municipal Airport,Taylorville,US
Waynesville-St Robert Regional Forney Field,Fort Leonard Wood,US
Statesboro-Bulloch County Airport,Statesboro,US
Tucumcari Municipal Airport,Tucumcari,US
Tuscaloosa Ntl Airport,Tuscaloosa,US
Mcchord Field (Joint Base Lewis-Mcchord) Airport,Tacoma,US
Truth Or Consequences Municipal Airport,Truth Or Consequences,US
Tracy Municipal Airport,Tracy,US
Raleigh Regional At Person County Airport,Roxboro,US
Ed Carlson Memorial Field/South Lewis County Airport,Toledo,US
Tradewind Airport,Amarillo,US
Toledo Executive Airport,Toledo,US
Teterboro Airport,Teterboro,US
Perry County Municipal Airport,Tell City,US
Mason Jewett Field,Mason,US
Telluride Regional Airport,Telluride,US
Taylor Flat Airport,Dutch John,US
Ingleside Regional Airport,Ingleside,US
Gibson County Airport,Trenton,US
Tangier Island Airport,Tangier,US
Tullahoma Regional/Wm Northern Field,Tullahoma,US
Thompson Falls Airport,Thompson Falls,US
York Airport,York,US
Thomas County Airport,Thedford,US
Tinker Afb Airport,Oklahoma City,US
Rantoul Ntl Avn Cntr-Frank Elliott Field,Rantoul,US
Tacoma Narrows Airport,Tacoma,US
Space Coast Regional Airport,Titusville,US
Tracy Municipal Airport,Tracy,US
Mckinney Ntl Airport,Dallas,US
Mankato Airport,Mankato,US
Tomahawk Regional Airport,Tomahawk,US
Kennett Memorial Airport,Kennett,US
Tallahassee International Airport,Tallahassee,US
Mefford Field,Tulare,US
Henry Tift Myers Airport,Tifton,US
Miami Executive Airport,Miami,US
Houston Executive Airport,Houston,US
Tillamook Airport,Tillamook,US
Austin Airport,Austin,US
Twentynine Palms Airport,Twentynine Palms,US
Dade-Collier Training And Transition Airport,Miami,US
Newton Municipal-Earl Johnson Field,Newton,US
Tonopah Test Range,Tonopah,US
Zamperini Field,Torrance,US
Dodge Center Airport,Dodge Center,US
Toccoa Rg Letourneau Field,Toccoa,US
Troy Municipal At N Kenneth Campbell Field,Troy,US
Eugene F Kranz Toledo Express Airport,Toledo,US
Philip Billard Municipal Airport,Topeka,US
Torrington Municipal Airport,Torrington,US
Tampa International Airport,Tampa,US
Peter O Knight Airport,Tampa,US
Tonopah Airport,Tonopah,US
Draughon-Miller Central Texas Regional Airport,Temple,US
Port Alsworth Airport,Port Alsworth,US
Tekamah Municipal Airport,Tekamah,US
Tahlequah Municipal Airport,Tahlequah,US
Scott City Municipal Airport,Scott City,US
Tri-Cities Airport,Bristol/Johnson/Kingsport,US
Truckee-Tahoe Airport,Truckee,US
Terrell Municipal Airport,Terrell,US
Jacqueline Cochran Regional Airport,Palm Springs,US
Trenton Municipal Airport,Trenton,US
Tanacross Airport,Tanacross,US
Carroll County/Tolson Airport,Carrollton,US
Tehachapi Municipal Airport,Tehachapi,US
Raleigh Executive Jetport At Sanford-Lee County Airport,Sanford,US
Portland-Troutdale Airport,Portland,US
Custer Airport,Monroe,US
Trenton Mercer Airport,Trenton,US
Space Florida Launch And Landing Facility Airport,Titusville,US
Tulsa International Airport,Tulsa,US
Tupelo Regional Airport,Tupelo,US
Tucson International Airport,Tucson,US
Cabool Memorial Airport,Cabool,US
Cherry Capital Airport,Traverse City,US
Thief River Falls Regional Airport,Thief River Falls,US
Thomasville Regional Airport,Thomasville,US
Centerville Municipal Airport,Centerville,US
Lake Tahoe Airport,South Lake Tahoe,US
Vicksburg Tallulah Regional Airport,Tallulah,US
Bolinder Field/Tooele Valley Airport,Tooele,US
Joslin Field/Magic Valley Regional Airport,Twin Falls,US
Richard B Helgeson Airport,Two Harbors,US
Sturgis Municipal Airport,Sturgis,US
Shank N Bank Airport,La Ward,US
Chase Field Industrial Airport,Beeville,US
Texarkana Regional-Webb Field,Texarkana,US
Mid Valley Airport,Weslaco,US
Tyonek Airport,Tyonek,US
Taylor Airport,Taylor,US
Indianapolis Executive Airport,Indianapolis,US
Tyler Pounds Regional Airport,Tyler,US
Mc Ghee Tyson Airport,Knoxville,US
Bolton Field,Columbus,US
Belle Plaine Municipal Airport,Belle Plaine,US
Tompkinsville/Monroe County Airport,Tompkinsville,US
Leadore Airport,Leadore,US
Savage Field,American Falls,US
Mccarley Field,Blackfoot,US
Buhl Municipal Airport,Buhl,US
Riddick Field,Philipsburg,US
Cokeville Municipal Airport,Cokeville,US
Bullfrog Basin Airport,Glen Canyon Natl Rec Area,US
Perkins Field,Overton,US
Preston Airport,Preston,US
Stanford Field,St Anthony,US
Junction Airport,Junction,US
Nephi Municipal Airport,Nephi,US
Temple Bar Airport,Temple Bar,US
Green River Municipal Airport,Green River,US
Aberdeen Municipal Airport,Aberdeen,US
Midway Airport,Atomic City,US
Dubois Municipal Airport,Dubois,US
Graham Usfs Airport,Atlanta,US
Big Southern Butte Airport,Atomic City,US
Coxs Well Airport,Atomic City,US
Bancroft Municipal Airport,Bancroft,US
Beaver Municipal Airport,Beaver,US
Henrys Lake Airport,Island Park,US
Bernard Usfs Airport,Bernard,US
Panguitch Municipal Airport,Panguitch,US
Rigby Airport,Rigby,US
Downey/Hyde Memorial/ Airport,Downey,US
Big Creek Airport,Big Creek,US
Twin Bridges Airport,Ketchum,US
Mackay Airport,Mackay,US
Bruce Meadows Airport,Stanley,US
Monticello Airport,Monticello,US
Carey Airport,Carey,US
North Big Horn County Airport,Cowley/Lovell/Byron,US
Duchesne Municipal Airport,Duchesne,US
Cascade Airport,Cascade,US
Upper Loon Creek Usfs Airport,Challis,US
Crescent Valley Airport,Crescent Valley,US
Mountain Home Municipal Airport,Mountain Home,US
Allen H Tigert Airport,Soda Springs,US
Chamberlain Usfs Airport,Chamberlain Guard Station,US
Cold Meadows Usfs Airport,Cold Meadows Guard Station,US
Council Municipal Airport,Council,US
Donald D Coski Memorial Airport,Donnelly,US
Fairfield/Frostenson Airfield,Fairfield,US
Smiley Creek Airport,Smiley Creek,US
Garden Valley Airport,Garden Valley,US
Glenns Ferry Municipal Airport,Glenns Ferry,US
Grasmere Airport,Grasmere,US
Antelope Valley Airport,Moore,US
Magic Reservoir Airport,Hailey,US
Hazelton Municipal Airport,Hazelton,US
Cal Black Memorial Airport,Halls Crossing,US
Howe Airport,Howe,US
Idaho City Usfs Airport,Idaho City,US
Laidlaw Corrals Airport,Kimama,US
Aurora State Airport,Aurora,US
Cumberland Municipal Airport,Cumberland,US
Columbus-Lowndes County Airport,Columbus,US
Cuba Municipal Airport,Cuba,US
New Castle Municipal Airport,New Castle,US
Everett-Stewart Regional Airport,Union City,US
Bermuda Dunes Airport,Palm Springs,US
Darlington County Airport,Darlington,US
Waukesha County Airport,Waukesha,US
Ugashik Bay Airport,Pilot Point,US
Waukegan Ntl Airport,Chicago/Waukegan,US
Quillayute Airport,Quillayute,US
Quincy Regional-Baldwin Field,Quincy,US
Wilkes County Airport,North Wilkesboro,US
Ukiah Municipal Airport,Ukiah,US
Coffey County Airport,Burlington,US
Quakertown Airport,Quakertown,US
New Ulm Municipal Airport,New Ulm,US
Ulysses Airport,Ulysses,US
Indianapolis Metro Airport,Indianapolis,US
Ohio University Airport,Athens/Albany,US
West Plains Regional Airport,West Plains,US
Dodge County Airport,Juneau,US
State College Regional Airport,State College,US
Franklin County Airport,Sewanee,US
University-Oxford Airport,Oxford,US
Fulton County Airport,Wauseon,US
Boggs Field,Spencer,US
West Desert Airpark,Fairfield,US
Tunica Municipal Airport,Tunica,US
Huntsville Municipal Airport,Huntsville,US
Newport State Airport,Newport,US
Sullivan Regional Airport,Sullivan,US
Garner Field,Uvalde,US
New Castle Henry County Marlatt Field,New Castle,US
Southland Field,Sulphur,US
Madison County Airport,London,US
Rock Hill/York County/Bryant Field,Rock Hill,US
Moody Afb Airport,Valdosta,US
South Jersey Regional Airport,Mount Holly,US
Vandenberg Space Force Base Airport,Lompoc,US
Bentonville Municipal/Louise M Thaden Field,Bentonville,US
Bridgewater Air Park,Bridgewater,US
Nut Tree Airport,Vacaville,US
Victoria Regional Airport,Victoria,US
Southern California Logistics Airport,Victorville,US
Tampa Executive Airport,Tampa,US
Vidalia Regional Airport,Vidalia,US
Vernal Regional Airport,Vernal,US
Jesse Viertel Memorial Airport,Boonville,US
Darke County Airport,Versailles,US
Hamilton Municipal Airport,Hamilton,US
North Las Vegas Airport,Las Vegas,US
Culberson County Airport,Van Horn,US
Rolla Ntl Airport,Rolla/Vichy,US
Neillsville Municipal Airport,Neillsville,US
Visalia Municipal Airport,Visalia,US
Virginia Highlands Airport,Abingdon,US
Vicksburg Municipal Airport,Vicksburg,US
Potomac Airfield,Friendly,US
Vandalia Municipal Airport,Vandalia,US
Valdosta Regional Airport,Valdosta,US
Oakland/Troy Airport,Troy,US
Harold Davidson Field,Vermillion,US
Venice Municipal Airport,Venice,US
Van Wert County Airport,Van Wert,US
Van Nuys Airport,Van Nuys,US
Volk Field,Camp Douglas,US
Cartersville Airport,Cartersville,US
Eglin Afb/Destin-Ft Walton Beach Airport,Valparaiso/Destin-Ft Walton Beach,US
Porter County Regional Airport,Valparaiso,US
Cecil Airport,Jacksonville,US
Vero Beach Regional Airport,Vero Beach,US
Hartness State (Springfield) Airport,Springfield,US
Shelburne Airport,Shelburne,US
Licking County Regional Airport,Newark,US
Vinton Veterans Memorial Airpark,Vinton,US
Miller Field,Valentine,US
Stanly County Airport,Albemarle,US
Pearson Field,Vancouver,US
Joseph A Hardy Connellsville Airport,Connellsville,US
Ortonville Municipal/Martinson Field,Ortonville,US
Waskish Municipal Airport,Waskish,US
Illinois Valley Regional-Walter A Duncan Field,Peru,US
Freeway Airport,Bowie,US
Tonasket Municipal Airport,Tonasket,US
Wilson Industrial Air Center Airport,Wilson,US
Ocean Shores Municipal Airport,Ocean Shores,US
Gettysburg Regional Airport,Gettysburg,US
Lower Monumental State Airport,Kahlotus,US
Whidbey Air Park,Langley,US
Lake Country Airport,Sullivan,US
Lost River Airport,Mazama,US
Eagle's Nest Airport,Waynesboro,US
First Air Field,Monroe,US
Moses Lake Municipal Airport,Moses Lake,US
Upshur County Regional Airport,Buckhannon,US
Wild Rose Idlewild Airport,Wild Rose,US
Falwell Airport,Lynchburg,US
Woodland State Airport,Woodland,US
Sequim Valley Airport,Sequim,US
Bay Bridge Airport,Stevensville,US
Lunenburg County Airport,Kenbridge,US
Shiocton Airport,Shiocton,US
Potomac Airpark,Berkeley Springs,US
Roche Harbor Seaplane Base,Roche Harbor,US
Mount Olive Municipal Airport,Mount Olive,US
Crisfield-Somerset County Airport,Crisfield,US
Fallston Airport,Fallston,US
Hulett Municipal Airport,Hulett,US
Essex Skypark Airport,Baltimore,US
Davis Airport,Laytonsville,US
Goheen Airport,Battle Ground,US
Fly For Fun Airport,Vancouver,US
Round Lake Airport,Round Lake,US
Cedars North Airport,Battle Ground,US
Lake Country Regional Airport,Clarksville,US
Mid Atlantic Soaring Center Airport,Fairfield,US
Hummel Field,Saluda,US
William M Tuck Airport,South Boston,US
Crewe Municipal Airport,Crewe,US
Buzzwick Airport,Carleton,US
Air Harbor Airport,Greensboro,US
New London Airport,Forest,US
Smith Mountain Lake Airport,Moneta,US
Camp Peary Lndg Strip,Williamsburg,US
Ocracoke Island Airport,Ocracoke,US
New Kent County Airport,Quinton,US
Grant County Airport,Petersburg,US
Wallops Flight Facility Airport,Wallops Island,US
Greene County Airport,Waynesburg,US
Wilkes-Barre Wyoming Valley Airport,Wilkes-Barre,US
Enid Woodring Regional Airport,Enid,US
Barrow County Airport,Winder,US
Parker County Airport,Weatherford,US
Woodhawk Airport,Winifred,US
Whiteman Airport,Los Angeles,US
General Wm J Fox Airfield,Lancaster,US
Strother Field,Winfield/Arkansas City,US
Willows/Glenn County Airport,Willows,US
Winnemucca Municipal Airport,Winnemucca,US
Robins Afb Airport,Warner Robins,US
Mc Guire Field (Joint Base Mc Guire Dix Lakehurst) Airport,Wrightstown,US
Worland Municipal Airport,Worland,US
Wiseman Airport,Wiseman,US
Westerly State Airport,Westerly,US
Watsonville Municipal Airport,Watsonville,US
Waterville Regional Airport,Waterville,US
Cape May County Airport,Wildwood,US
West Woodward Airport,Woodward,US
Yellowstone Airport,West Yellowstone,US
Everglades Airpark,Everglades City,US
Orlando Apopka Airport,Apopka,US
Pilot Country Airport,Brooksville,US
Arcadia Municipal Airport,Arcadia,US
Lake Wales Municipal Airport,Lake Wales,US
Covey Trails Airport,Fulshear,US
Belle Glade State Municipal Airport,Belle Glade,US
Carrabelle-Thompson Airport,Carrabelle,US
La Belle Municipal Airport,La Belle,US
Tailwheel Acres Airport,Valley View,US
Arthur Dunn Air Park,Titusville,US
Umatilla Municipal Airport,Umatilla,US
Chalet Suzanne Air Strip,Lake Wales,US
Sebastian Municipal Airport,Sebastian,US
Doniphan Municipal Airport,Doniphan,US
Marion County Airport,Dunnellon,US
Buchan Airport,Englewood,US
Tampa North Aero Park Airport,Tampa,US
Sunray Airport,Sunray,US
South Lakeland Airport,Lakeland,US
Massey Ranch Airpark,New Smyrna Beach,US
Miami Homestead General Aviation Airport,Homestead,US
New Hibiscus Airpark,Vero Beach,US
Mid-Florida Airport,Eustis,US
Indiantown Airport,Indiantown,US
Valkaria Airport,Valkaria,US
Williston Regional Airport,Williston,US
Bob White Field,Zellwood,US
Dr Hermenegildo Ortiz Quinones Airport,Humacao,US
Txaerosport Aerodrome,Dorchester,US
Bridgeport Municipal Airport,Bridgeport,US
Allentown Queen City Municipal Airport,Allentown,US
Cape Canaveral Space Force Station Skid Strip,Cocoa Beach,US
Northwest Arkansas Ntl Airport,Fayetteville/Springdale/Rogers,US
Andrew Othole Memorial Airport,Zuni,US
North Af Aux Airport,North,US
Music City Executive Airport,Gallatin,US
Tappahannock/Essex County Airport,Tappahannock,US
Longville Municipal Airport,Longville,US
Williston Basin International Airport,Williston,US
Waukon Municipal Airport,Waukon,US
Springfield Municipal Airport,Springfield,US
Marv Skie-Lincoln County Airport,Tea,US
Mandan Regional/Lawler Field,Mandan,US
Chetek Municipal/Southworth Airport,Chetek,US
Standing Rock Airport,Fort Yates,US
Pbeaaye Airport,Topinabee,US
West Branch Community Airport,West Branch,US
Park River - W C Skjerven Field,Park River,US
Anita Municipal-Kevin Burke Memorial Field,Anita,US
Bedford Municipal Airport,Bedford,US
Oakland Southwest Airport,New Hudson,US
Belmond Municipal Airport,Belmond,US
Walker Municipal Airport,Walker,US
Wautoma Municipal Airport,Wautoma,US
Viroqua Municipal Airport,Viroqua,US
Crandon/Steve Conway Municipal Airport,Crandon,US
Sleepy Eye Municipal Airport,Sleepy Eye,US
Elbow Lake Municipal/Pride Of The Prairie Airport,Elbow Lake,US
Campbell-Pratt Airport,Indian River,US
Ionia County Airport,Ionia,US
Elgin Municipal Airport,Elgin,US
Bloyer Field,Tomah,US
Stambaugh Airport,Iron River,US
Parshall-Hankins Airport,Parshall,US
Bayfield County Airport,Iron River,US
Sandusky City Airport,Sandusky,US
William B Bolton Airport,Empire,US
Green Lake Airport,Interlochen,US
Kalkaska City Airport,Kalkaska,US
Home Acres Sky Ranch Airport,Lake City,US
Atlanta Municipal Airport,Atlanta,US
East Jordan City Airport,East Jordan,US
Hillman Airport,Hillman,US
Grand Marais Airport,Grand Marais,US
Trulson Field,Plaza,US
Willow Run Airport,Detroit,US
Yakima Air Trml/Mcallister Field,Yakima,US
Chan Gurney Municipal Airport,Yankton,US
Youngstown/Warren Regional Airport,Youngstown/Warren,US
Tazlina Airport,Tazlina,US
Ophir Airport,Ophir,US
Tripod Airport,Aleknagik,US
Goose Bay Airport,Goose Bay,US
Engstrom Field,Basin Creek,US
Bear Creek 3 Airport,Bear Creek,US
Johnsons Landing Airport,Bear Lake,US
Salmon Lake Airport,Salmon Lake,US
Stampede Airport,Kantishna,US
Copper Center 2 Airport,Copper Center,US
Cibecue Airport,Cibecue,US
Ottawa Executive Airport,Zeeland,US
Mettie Airstrip,Yakima,US
Elkin Municipal Airport,Elkin,US
Schuylkill County/Joe Zerbey Airport,Pottsville,US
Nyac Airport,Nyac,US
Zephyrhills Municipal Airport,Zephyrhills,US
Zanesville Municipal Airport,Zanesville,US
Millers Flying Service Airport,Basile,US
Prop Stop Airport,Eunice,US
Bailey Air Airport,Fort Necessity,US
Tracemont Field,Boyce,US
Thackers Airport,Oil City,US
Shaw Crop Service Airport,Hammond,US
Clark Field,Pride,US
Castille Field,Breaux Bridge,US
Keystone Farms Airport,Colfax,US
Central Farmers Coop Airport,Mamou,US
Lake Air Service Airport,Lake Arthur,US
Cuba Farm Airport,Monroe,US
Summerville Airport,Alexandria,US
F L Braughton Airport,Vidalia,US
Dupuis Airport,Breaux Bridge,US
Omni Airport,Port Allen,US
Detel Airport,Hessmer,US
Stuart Airstrip,Coushatta,US
Di's Cajun Restaurant Airport,Iota,US
Tensas Flying Service Airport,St. Joseph,US
Gilliam Airport,Gilliam,US
Kinder Ag Service Airport,Eunice,US
Live Oak Landing Strip,Abbeville,US
Kenan Airstrip,Kaplan,US
Travis Airport,Bastrop,US
Angola Airstrip,Angola,US
Zaunbrecher Strip,Iota,US
O'Brien Flying Service Airport,Iowa,US
Spillers Club Airport,Breaux Bridge,US
Tebow Airport,Bunkie,US
Sycamore Airport,Amite,US
Sonlef Air Strip,Benton,US
Mc Cutcheon Field,Clinton,US
Covington-Vincent Airport,Covington,US
Pierce Field,Raceland,US
Leblanc Airport,Crowley,US
Briggs Airfield,Sunset,US
Gjader Air Base,Gjader,AL
Korce Northwest Airport,Korce,AL
Kukes Airport,Kukes,AL
Kucove Air Base,Kucove,AL
Tirana International Airport Mother Teresa,Tirana,AL
Vlora Internationa Airport,Vlora,AL
Tsalapita Airport,Tsalapita,BG
Radomir Dolni Rakovets Airfield,Radomir,BG
Tenevo Airport,Tenevo,BG
Zimnitsa Airport,Zimnitsa,BG
Stanke Dimitrov Airport,Sapareva Banya,BG
Podem Airport,Podem,BG
Maslarevo Airport,Maslarevo,BG
Stryama Airport,Stryama,BG
Konush Airport,Konush,BG
Leskovo Airport,Leskovo,BG
Stefanovo Airport,Stefanovo,BG
Golyama Smolnitsa Airport,Smolnitsa,BG
Sokolovo Airport,Sokolovo,BG
Stanke Dimitrov Highway Strip,Boboshevo,BG
Mustrak Airport,Mustrak,BG
Graf Ignatievo South Airport,Graf Ignatievo,BG
Kamenets Airport,Kamenets,BG
Petrich Airport,Petrich,BG
Burgas Airport,Burgas,BG
Bohot Airport,Bohot,BG
Dolna Banya Airport,Dolna Banya,BG
Gorna Oryahovitsa Airport,Gorna Oryahovitsa,BG
Grivitsa Airport,Grivitsa,BG
Uzundzhovo Air Base,Haskovo,BG
Ihtiman Airport,Ihtiman,BG
Bezmer Air Base,Yambol,BG
Kainardzha Airport,Kainardzha,BG
Kalvacha Airport,Kalvacha,BG
Lesnovo Airport,Lesnovo,BG
Gabrovnitsa Air Base,Gabrovnitsa,BG
Plovdiv International Airport,Plovdiv,BG
Graf Ignatievo Air Base,Graf Ignatievo,BG
Dolna Mitropoliya Air Base,Dolna Mitropoliya,BG
Primorsko Airport,Primorsko,BG
Erden Airport,Erden,BG
Sofia Airport,Sofia,BG
Sliven Airfield,Sliven,BG
Silistra Polkovnik Lambrinovo Airfield,Silistra,BG
Stryama Airport,Stryama,BG
Bukhovtsi Airfield,Targovishte,BG
Vidin Smurdan Airfield,Vidin,BG
Balchik Air Base,Balchik,BG
Varna Airport,Varna,BG
Izgrev Airport,Izgrev,BG
Ercan International Airport,Nicosia,CY
Larnaca International Airport,Larnarca,CY
Paphos International Airport,Paphos,CY
RAF Akrotiri,,CY
Sepurine Training Base,Zaton,HR
Dubrovnik Airport,Dubrovnik,HR
Losinj Island Airport,Losinj,HR
Vukovar Borovo N Airport,Vukovar,HR
Cepin Airport,Cepin,HR
Slavonski Jelas Airport,Slavonski,HR
Osijek Airport,Osijek,HR
Vinkovci Sopot Airport,Vinkovci,HR
Pula Airport,Pula,HR
Medulin Campanoz Airport,Medulin,HR
Unije Airport,Unije Island,HR
Vrsar Crljenka Airport,Vrsar,HR
Grobnicko Polje Airport,Grobnicko,HR
Rijeka Airport,Rijeka,HR
Otocac Airport,Otocac,HR
Brac Airport,Brac Island,HR
Hvar Private Airport,Hvar Island,HR
Split Airport,Split,HR
Sinj Glider Airport,Sinj,HR
Varazdin Airport,Varazdin,HR
Cakovec Pribisla Airport,Cakovec,HR
Daruvar Blagorod Airport,Daruvar,HR
Zagreb Airport,Zagreb,HR
Busevec Velika Glider Airport,Busevec,HR
Zemunik Airport,Zadar,HR
Bjelovar Brezova Airport,Bjelovar,HR
Lucko Airport,Zagreb,HR
Jayena Airport,Jayena,ES
Albacete-Los Llanos Airport,Albacete,ES
Alcolea Airport,Alcolea,ES
Alicante International Airport,Alicante,ES
Almeria International Airport,Almeria,ES
Ampuriabrava Airport,Ampuriabraba,ES
Asturias Airport,Ranon,ES
Alfes Airport,Alfes,ES
La Axarquia-Leoni Benabu Airport,Malaga,ES
Cordoba Airport,Cordoba,ES
Bilbao Airport,Bilbao,ES
Beas De Segura Airport,Jaen,ES
Burgos Airport,Burgos,ES
Barcelona International Airport,Barcelona,ES
Badajoz Airport,Badajoz,ES
La Nava - Corral De Ayllon Airport,Corral dev Ayllon,ES
La Cerdanya Airport,Alp,ES
Calaf-Sallavinera Airport,Sant Pere Sallavinera,ES
Castellón Airport,Castellón de la Plana,ES
Santa Cilia De Jaca Airport,Huesca,ES
Castejon de los Monegros Airport,Huesca,ES
Castellón De La Plana Airport,Castellón de La Plana,ES
A Coruna Airport,Culleredo,ES
El Castano Airport,Luciana,ES
Cuatro Vientos Airport,Madrid,ES
Campolara Airport,Segovia,ES
Lleida-Alguaire Airport,Lleida,ES
Castellon-Costa Azahar Airport,Castellon de la Plana,ES
El Manantio Airport,Badajoz,ES
E. Castellanos-Villacastin Airport,Villacastin,ES
Fuentemilanos Airport,Segovia,ES
Armilla Airport,Armilla,ES
Altarejos-Guadalcanal Airport,Sevilla,ES
Girona Airport,Girona,ES
Federico Garcia Lorca Airport,Granada,ES
Getafe Air Base,Getafe,ES
Guadalupe Airport,Guadalupe,ES
Garray Airport,Soria,ES
Huesca/Pirineos Airport,Monflorite/Alcala del Obispo,ES
Hinojosa del Duque Airport,Hinojosa del Duque,ES
Ibiza Airport,Ibiza,ES
Igualada/Odena Airport,Barcelona,ES
La Perdiz - Torre De Juan Abad Airport,Torre de Juan Abad,ES
Madrigalejo Del Monte Airport,Madrigalejo Del Monte,ES
Jerez Airport,Jerez de la Forntera,ES
La Juliana Airport,Sevilla,ES
La Calderera Airport,Valdepenas,ES
San Javier Airport,San Javier,ES
Alhama De Murcia Airport,Canovas,ES
Linares Airport,Linares,ES
Sabadell Airport,Sabadell,ES
Almansa Airport,Albacete,ES
Leon Airport,Leon,ES
Logrono-Agoncillo Airport,Logrono,ES
Lillo Airport,Lillo,ES
Madrid Barajas International Airport,Madrid,ES
Mafe - Gibraleon Airport,Gibraleon,ES
Malaga Airport,Malaga,ES
Menorca Airport,Menorca Island,ES
Región de Murcia International Airport,Corvera,ES
Moron Air Base,Moron,ES
Los Martinez Del Puerto Airport,Murcia,ES
La Morgal Airport,Oviedo,ES
Manresa Airport,Manresa,ES
Casarrubios Del Monte Airport,Toledo,ES
Muchamiel Airport,Muchamiel,ES
La Mancha-Toledo Airport,Toledo,ES
Benabarre Airport,Huesca,ES
La Caminera Airport,Torrenueva,ES
Ocana Airport,Toledo,ES
Ontur Airport,Ontur,ES
Palma De Mallorca Airport,Palma De Mallorca,ES
Casas de los Pinos Airport,Cuenca,ES
Pamplona Airport,Pamplona,ES
Palma Del Rio Airport,Palma del Rio,ES
Los Pozuelos De Calatrava Airport,Los Pozuelos De Calatrava,ES
Requena Airport,Requena,ES
Alcantarilla Airport,Alcantarilla,ES
Ciudad Real International Airport,Ciudad Real,ES
Robledillo De Mohernando Airport,Robledillo De Mohernando,ES
Rozas Airport,Lugo,ES
Reus Air Base,Reus,ES
Rota Naval Station Airport,Rota,ES
Salamanca Airport,Salamanca,ES
Son Bonet Airport,Mallorca Island,ES
San Enrique Airport,Almodovar del Campo,ES
Sanguesa Airport,Sanguesa,ES
San Luis Airport,Menorca Island,ES
San Sebastian Airport,Hondarribia,ES
Sotos Airport,Sotos,ES
Santiago de Compostela Airport,Santiago de Compostela,ES
Aerodrom dels Pirineus-Alt Urgell Airport,Montferrer / Castellbo,ES
Matilla De Los Canos Airport,Valladolid,ES
Morante Airport,Badajoz,ES
Tomas Fernandez Espada Airport,Villamartin,ES
El Tietar Airport,La Iglesuela,ES
Trebujena Airfield,Trebujena,ES
Teruel Airport,Teruel,ES
Torrejon Airport,Madrid,ES
Santo Tome Del Puerto Airport,Segovia,ES
Torozos Airport,Valladolid,ES
El Carrascal Airport,Valladolid,ES
Valencia Airport,Valencia,ES
Valladolid Airport,Valladolid,ES
Villaframil Airport,Lugo,ES
Viso del Marques Airport,Viso del Marques,ES
Vitoria/Foronda Airport,Alava,ES
Vigo Airport,Vigo,ES
Santander Airport,Santander,ES
Zaragoza Air Base,Zaragoza,ES
Sevilla Airport,Sevilla,ES
Soucelles Airport,Soucelles,FR
Plan-de-Dieu Airport,Plan-de-Dieu,FR
Chambley Airport,Chambley,FR
St Aubin Airport,Dieppe,FR
Calais-Dunkerque Airport,Marck,FR
Compiegne Margny Airport,Compiegne,FR
Eu Mers Le Treport Airport,Le Treport,FR
Laon - Chambry Airport,Laon-Chambry,FR
Peronne-Saint-Quentin Airport,Peronne/Saint-Quentin,FR
Soissons-Cuffies Airport,Soissons-Cuffies,FR
Nangis-Les Loges Airport,Nangis/Les Loges,FR
Argentan Airport,Argentan,FR
Dunkerque Les Moeres Airport,Les Moeres,FR
La Fleche Thoree Les Pins Airport,La Fleche,FR
Berck sur Mer Airport,Berck,FR
Conde/Noireau Airport,Conde-sur-noireau,FR
Bagnoles-de-l'Orne-Couterne Airport,Bagnoles-de-l'Orne/Couterne,FR
Rethel Airport,Rethel,FR
Albert-Bray Airport,Albert/Bray,FR
Montdidier Airport,Montdidier,FR
Falaise Airport,Falaise,FR
Le Touquet-Cote d'Opale Airport,Le Touquet-Paris-Plage,FR
Vauville Airport,Le Touquet,FR
Valenciennes-Denain Airport,Valenciennes/Denain,FR
Villerupt Airport,Valenciennes,FR
Mortagne Au Perche Airport,Valenciennes,FR
Amiens-Glisy Airport,Amiens/Glisy,FR
Agen-La Garenne Airport,Agen/La Garenne,FR
Cazaux (BA 120) Air Base,Cazaux (La Teste-de-Buch),FR
Bordeaux-Merignac (BA 106) Airport,Bordeaux/Merignac,FR
Bergerac-Roumaniere Airport,Bergerac/Roumaniere,FR
Toulouse-Francazal (BA 101) Air Base,Toulouse/Francazal,FR
Cognac-Chateaubernard (BA 709) Air Base,Cognac/Chateaubernard,FR
La Rochelle-Ile de Re Airport,La Rochelle/Ile de Re,FR
Poitiers-Biard Airport,Poitiers/Biard,FR
St Junien Airport,Poitiers,FR
Montlucon-Gueret Airport,Montlucon/Gueret,FR
Limoges Airport,Limoges/Bellegarde,FR
Mont-de-Marsan (BA 118) Air Base,Mont-de-Marsan,FR
Niort-Souche Airport,Niort/Souche,FR
Toulouse-Blagnac Airport,Toulouse/Blagnac,FR
Pau Pyrenees Airport,Pau/Pyrenees (Uzein),FR
Muret-Lherm Airport,Muret/Lherm,FR
Biscarrosse Parentis Airport,Muret,FR
Tarbes-Lourdes-Pyrenees Airport,Tarbes/Lourdes/Pyrenees,FR
Angouleme-Brie-Champniers Airport,Angouleme/Brie/Champniers,FR
Perigueux-Bassillac Airport,Perigueux/Bassillac,FR
Dax Seyresse Airport,Perigueux,FR
Biarritz-Anglet-Bayonne Airport,Biarritz/Anglet/Bayonne,FR
Chatellerault Airport,Biarritz,FR
Bagneres De Luchon Airport,Biarritz,FR
Cahors-Lalbenque Airport,Cahors/Lalbenque,FR
Andernos Les Bains Airport,Cahors,FR
Gueret St Laurent Airport,Cahors,FR
Figeac Livernon Airport,Cahors,FR
Saint-Girons-Antichan Airport,Saint-Girons/Antichan,FR
Arcachon-La Teste-de-Buch Airport,Arcachon/La Teste-de-Buch,FR
Albi-Le Sequestre Airport,Albi/Le Sequestre,FR
Jonzac Neulles Airport,Albi,FR
Castres-Mazamet Airport,Castres/Mazamet,FR
Toulouse-Lasbordes Airport,Toulouse/Lasbordes,FR
Millau-Larzac Airport,Millau/Larzac,FR
Nogaro Airport,Millau,FR
Oloron Herrere Airport,Millau,FR
Pons Avy Airport,Millau,FR
Graulhet-Montdragon Airport,Graulhet/Montdragon,FR
Rodez-Marcillac Airport,Rodez/Marcillac,FR
Bordeaux Leognan Saucats Airport,Rodez,FR
Thouars Airport,Rodez,FR
Ussel-Thalamy Airport,Ussel/Thalamy,FR
Villefranche De Rouergue Airport,Rodez,FR
Villeneuve-sur-Lot Airport,Villeneuve-sur-Lot,FR
Castelsarrasin Moissac Airport,Rodez,FR
Royan-Medis Airport,Royan/Medis,FR
Mimizan Airport,Mimizan,FR
Aire-sur-l'Adour Airport,Aire-sur-Adour,FR
Montauban Airport,Montauban,FR
Montendre Marcillac Airport,Royan,FR
Egletons Airport,Royan,FR
Ste Foy La Grande Airport,Royan,FR
Gaillac Lisle Sur Tarn Airport,Royan,FR
Auch-Lamothe Airport,Auch/Lamothe,FR
Libourne-Artigues-de-Lussac Airport,Libourne/Artigues-de-Lussac,FR
Pamiers-Les Pujols Airport,Pamiers/Les Pujols,FR
Soulac Sur Mer Airport,Pamiers,FR
Loudun Airport,Pamiers,FR
Marmande-Virazeil Airport,Marmande/Virazeil,FR
Rochefort-Saint-Agnant (BA 721) Airport,Rochefort/Saint-Agnant,FR
Bordeaux Souge Airport,Rochefort,FR
St Pierre D'oleron Airport,Rochefort,FR
Castelnau Magnoac Airport,Rochefort,FR
La Reole Floudes Airport,Rochefort,FR
Sarlat Domme Airport,Rochefort,FR
Tarbes Laloubere Airport,Rochefort,FR
Lesparre St Laurent Medoc Airport,Rochefort,FR
Couhe Verac Airport,Rochefort,FR
Chauvigny Airport,Rochefort,FR
Fumel Montayral Airport,Rochefort,FR
Bordeaux Yvrac Airport,Rochefort,FR
Condat-Sur-Vezere Airport,Condat-Sur-Vezere,FR
Belle Ile Airport,Rochefort,FR
Dinan - Trelivan Airport,Dinan,FR
Ouessant Airport,Ushant,FR
Pontivy Airport,Pontivy,FR
Amboise Dierre Airport,Pontivy,FR
Argenton Sur Creuse Airport,Pontivy,FR
Aubigny-sur-Nere Airport,Aubigny-sur-Nere,FR
Briare Chatillon Airport,Pontivy,FR
Chateauroux Villers Airport,Pontivy,FR
Issoudun Le Fay Airport,Pontivy,FR
Le Blanc Airport,Pontivy,FR
Montargis Vimory Airport,Pontivy,FR
Tours Sorigny Airport,Pontivy,FR
St Malo St Serva Airport,,FR
Pouilly Maconge Airport,Pontivy,FR
Quiberon Airport,Pontivy,FR
Redon Bains-sur-Oust Airport,Redon,FR
Guiscriff Scaer Airport,Guiscriff,FR
Til Chatel Airport,Guiscriff,FR
Bar Le Duc Airport,Guiscriff,FR
Gray St Adrien Airport,Guiscriff,FR
Saulieu Liernais Airport,Guiscriff,FR
Nancy Azelot Airport,Guiscriff,FR
Ile d'Yeu Airport,Ile d'Yeu,FR
Nancy Malzeville Airport,Guiscriff,FR
Buno Bonnevaux Airport,Guiscriff,FR
Mantes Cherence Airport,Guiscriff,FR
St Andre De L'eure Airport,Guiscriff,FR
Enghien Moisselles Airport,Guiscriff,FR
La Ferte Gaucher Airport,Guiscriff,FR
Chateau-Thierry - Belleau Airport,Guiscriff,FR
Ancenis Airport,Ancenis,FR
Joinville Mussey Airport,Guiscriff,FR
Fontenay Le Comte Airport,Guiscriff,FR
Bailleau Armenonville Airport,Guiscriff,FR
Lamotte Beuvron Airport,Guiscriff,FR
Brienne-le-Chateau Airport,Brienne-le-Chateau,FR
Pithiviers Airport,Guiscriff,FR
La Ferte Alais Airport,Guiscriff,FR
Bar Sur Seine Airport,Guiscriff,FR
Neufchateau Airport,Guiscriff,FR
Chateauneuf Sur Cher Airport,Guiscriff,FR
Vierzon Mereau Airport,Guiscriff,FR
Montaigu St Georges Airport,Guiscriff,FR
Tournus Cuisery Airport,Guiscriff,FR
Etrepagny Airport,Guiscriff,FR
Sezanne St Remy Airport,Guiscriff,FR
Colmar-Houssen Airport,Colmar/Houssen,FR
Mulhouse-Habsheim Airport,Mulhouse/Habsheim,FR
Strasbourg Neuhof Airport,Colmar,FR
Arbois Airport,Colmar,FR
Avallon Airport,Colmar,FR
Beaune-Challanges Airport,Beaune/Challanges,FR
Belfort Chaux Airport,Colmar,FR
Cosne Sur Loire Airport,Colmar,FR
Dijon Darois Airport,Colmar,FR
Dole-Tavaux Airport,Dole/Tavaux,FR
Joigny Airport,Joigny,FR
Lons Le Saulnier Courlaoux Airport,Dole,FR
Montceau Les Mines Airport,Dole,FR
Paray Le Monial Airport,Dole,FR
Pont Sur Yonne Airport,Dole,FR
St Florentin Cheu Airport,Dole,FR
Semur En Auxois Airport,Dole,FR
Doncourt Les Conflans Airport,Dole,FR
Longuyon Villette Airport,Dole,FR
Sarrebourg Buhl Airport,Dole,FR
Sarreguemines Neunkirch Airport,Dole,FR
Thionville Yutz Airport,Dole,FR
Verdun-Le Rozelier Airport,Verdun/Le Rozelier,FR
Champagnole Crotenay Airport,Verdun,FR
St Die Remomeix Airport,Verdun,FR
Nuits St Georges Airport,Verdun,FR
Issoire Le Broc Airport,Verdun,FR
Perouges - Meximieux Airport,Verdun,FR
Pierrelatte Airport,Verdun,FR
Romans - Saint-Paul Airport,Verdun,FR
Ruoms Airport,Verdun,FR
St Chamond L'horme Airport,Verdun,FR
Vienne Reventin Airport,Verdun,FR
Morestel Airport,Verdun,FR
Lyon Corbas Airport,Verdun,FR
Langogne - Lesperon Airport,Verdun,FR
Megeve Airport,Verdun,FR
Bellegarde-Vouvray Airport,Verdun,FR
Aubenas-Ardeche Meridional Airport,Aubenas/Ardeche Meridional,FR
Le Puy-Loudes Airport,Le Puy/Loudes,FR
Saint-Flour-Coltines Airport,Saint-Flour/Coltines,FR
Brioude Beaumont Airport,St Flour,FR
Bourg-Ceyzeriat Airport,Bourg/Ceyzeriat,FR
Ambert Le Poyet Airport,Bourg,FR
L'alpe D'huez Airport,Bourg,FR
Villefranche-Tarare Airport,Villefranche/Tarare,FR
Belleville Villie Morgon Airport,Villefranche,FR
Lapalisse - Perigny Airport,Villefranche,FR
Moulins-Montbeugny Airport,Moulins/Montbeugny,FR
Sallanches Airport,Moulins,FR
Belves St Pardoux Airport,Moulins,FR
Condom Valence Sur Baise Airport,Moulins,FR
Saint-Affrique-Belmont Airport,Saint-Affrique/Belmont,FR
Cassagnes-Begonhes Airport,Cassagnes-Begonhes,FR
Chalais Airport,Moulins,FR
Riberac St Aulaye Airport,Moulins,FR
Rion Des Landes Airport,Moulins,FR
St Gaudens Montrejeau Airport,Moulins,FR
Peyresourde Balestas Airport,Moulins,FR
Revel Montgey Airport,Moulins,FR
Toulouse Bourg St Bernard Airport,Moulins,FR
Vendays Montalivet Airport,Moulins,FR
Itxassou Airport,Moulins,FR
St Jean D'angely Airport,Moulins,FR
Chaumont-Semoutiers Airport,Chaumont/Semoutiers,FR
Mauleon Airport,Mauleon,FR
Clamecy Airport,Moulins,FR
Corlier Airport,Moulins,FR
La Motte Chalancon Airport,Moulins,FR
Aubenasson Airport,Moulins,FR
Cazeres Palaminy Airport,Moulins,FR
Marennes Le Bournet Airport,Moulins,FR
Metz-Nancy-Lorraine Airport,Metz / Nancy,FR
Chailley Airport,Metz-Nancy/Lorraine,FR
Angers-Loire Airport,Angers/Marce,FR
Soissons - Courmelles Airport,Angers,FR
Tours Le Louroux Airport,Angers,FR
Lurcy-Levis Airport,Lurcy-Levis,FR
Albertville Airport,Angers,FR
Bastia-Poretta Airport,Bastia/Poretta,FR
Calvi-Sainte-Catherine Airport,Calvi/Sainte-Catherine,FR
Sollieres Sardieres Airport,Calvi,FR
Saint-Jean-en-Royans Airport,Calvi,FR
Figari Sud-Corse Airport,Figari Sud-Corse,FR
Ghisonaccia Alzitone Airport,Figari/Sud Corse,FR
St Jean D'Avelanne Airport,"Saint-Jean-d'Avelanne, Pont-de-Beauvoisin",FR
Ajaccio-Napoleon Bonaparte Airport,Ajaccio/Napoleon Bonaparte,FR
Lyon Brindas Airport,Ajaccio,FR
St Galmier Airport,Ajaccio,FR
Propriano Airport,Propriano,FR
La Tour Du Pin Airport,Ajaccio,FR
Solenzara (BA 126) Air Base,Solenzara,FR
Corte Airport,Corte,FR
Meribel Airport,Ajaccio,FR
Belley - Peyrieu Airport,Ajaccio,FR
St Claude Pratz Airport,Ajaccio,FR
Auxerre-Branches Airport,Auxerre/Branches,FR
Chambery-Savoie Airport,Chambery/Aix-les-Bains,FR
Clermont-Ferrand Auvergne Airport,Clermont-Ferrand/Auvergne,FR
Bourges Airport,Bourges,FR
Chambery-Challes-les-Eaux Airport,Chambery/Challes-les-Eaux,FR
Grenoble Le Versoud Airport,Bourges,FR
Chalon-Champforgeuil Airport,Chalon/Champforgueil,FR
Annemasse Airport,Annemasse,FR
Courchevel Airport,Courcheval,FR
Oyonnax-Arbent Airport,Chalon,FR
Lyon Saint-Exupery Airport,Lyon,FR
Macon-Charnay Airport,Macon/Charnay,FR
Saint-Yan Airport,Saint-Yan,FR
Roanne-Renaison Airport,Roanne/Renaison,FR
Annecy-Haute-Savoie-Mont Blanc Airport,Annecy/Meythet,FR
Montelimar - Ancone Airport,Annecy,FR
Saint-Rambert-d'Albon Airport,Annecy,FR
Grenoble-Isere Airport,Grenoble/Saint-Geoirs,FR
Montlucon-Domerat Airport,Montlucon/Domerat,FR
Valence-Chabeuil Airport,Valence/Chabeuil,FR
Vichy-Charmeil Airport,Vichy/Charmeil,FR
Aurillac Airport,Aurillac,FR
Chateauroux-Deols Marcel Dassault Airport,Chateauroux/Deols,FR
Lyon-Bron Airport,Lyon/Bron,FR
Feurs Chambeon Airport,Lyon,FR
Aix-en-Provence (BA 114) Airport,Lyon,FR
Le Luc-Le Cannet Airport,Le Luc/Le Cannet,FR
Cannes-Mandelieu Airport,Cannes/Mandelieu,FR
Nimes Courbessac Airport,Cannes,FR
Fayence Airport,Cannes,FR
Montagne Noire Airport,Cannes,FR
Saint-Etienne-Boutheon Airport,Saint-Etienne/Boutheon,FR
Istres Le Tube/Istres Air Base (BA 125) Airport,Istres/Le Tube,FR
Carcassonne Airport,Carcassonne/Salvaza,FR
Marseille Provence Airport,Marseille,FR
Nice-Cote d'Azur Airport,Nice,FR
Orange-Caritat (BA 115) Air Base,Orange/Caritat,FR
Perpignan-Rivesaltes (Llabanere) Airport,Perpignan/Rivesaltes,FR
Le Castellet Airport,Le Castellet,FR
Barcelonnette - Saint-Pons Airport,Le Castellet,FR
Alès Cevennes Airport,Alès/Deaux,FR
Montpellier-Mediterranee Airport,Montpellier/Mediterranee,FR
Beziers-Vias Airport,Beziers/Vias,FR
Avignon-Caumont Airport,Avignon/Caumont,FR
Castelnaudary Villeneuve Airport,Avignon,FR
Chateau-Arnoux-Saint-Auban Airport,Avignon,FR
Salon-de-Provence (BA 701) Air Base,Salon,FR
Lezignan-Corbieres Airport,Lezignan-Corbieres,FR
Gap - Tallard Airport,Avignon,FR
Mende-Brenoux Airport,Mende/Brenoux,FR
Mont-Dauphin - St-Crepin Airport,Mende,FR
Pont St Esprit Airport,Mende,FR
Salon Eyguieres Airport,Mende,FR
Vinon Sur Verdon Airport,Mende,FR
Montpellier Candillargues Airport,Mende,FR
Carpentras Airport,Carpentras,FR
Aspres-sur-Buech Airport,Mende,FR
St Martin De Londres Airport,Mende,FR
Florac Ste Enimie Airport,Mende,FR
Pezenas Nizas Airport,Mende,FR
Mont Louis La Quillane Airport,Mende,FR
Berre La Fare Airport,Mende,FR
Sisteron - Theze Airport,Mende,FR
Avignon Pujaut Airport,Mende,FR
Uzes Airport,Mende,FR
Valreas Visan Airport,Mende,FR
Puivert Airport,Mende,FR
Bedarieux La Tour Airport,Mende,FR
St Etienne En Devoluy Airport,Mende,FR
Le Mazet De Romanin Airport,Mende,FR
Avord (BA 702) Air Base,Avord,FR
Paris Beauvais Tille Airport,Beauvais/Tille,FR
Chateaudun (BA 279) Airport,Chateaudun,FR
Saumur-Saint-Florent Airport,Saumur/Saint-Florent,FR
Evreux-Fauville (BA 105) Air Base,Evreux/Fauville,FR
Alencon Valframbert Airport,Evreux,FR
Flers Saint Paul Airport,Evreux,FR
Le Havre Octeville Airport,Le Havre/Octeville,FR
Abbeville-Buigny-Saint-Maclou Airport,Abbeville (Buigny/Saint-Maclou),FR
Orleans-Bricy (BA 123) Air Base,Orleans/Bricy,FR
Chalons-Vatry Air Base,Chalons/Vatry,FR
L'aigle St Michel Airport,Chalons,FR
Lessay Airport,Chalons,FR
Dreux Vernouillet Airport,Chalons,FR
Les Sables-d'Olonne Talmont Airport,Les Sables-d'Olonne,FR
Rouen Airport,Rouen/Vallee de Seine,FR
Blois-Le Breuil Airport,Blois/Le Breuil,FR
Chartres Champhol Airport,Blois,FR
St Valery Vittefleur Airport,Blois,FR
Tours-Val-de-Loire Airport,Tours/Val de Loire (Loire Valley),FR
Cholet Le Pontreau Airport,Cholet/Le Pontreau,FR
Laval-Entrammes Airport,Laval/Entrammes,FR
Saint-Quentin - Roupy Airport,Laval,FR
Etampes Mondesir Airport,Laval,FR
Le Havre St Romain Airport,Laval,FR
Orleans-Saint-Denis-de-l'Hotel Airport,Orleans/Saint-Denis-de-l'Hotel,FR
Persan Beaumont Airport,Orleans,FR
Paris-Le Bourget Airport,Paris,FR
Creil Air Base,Creil,FR
Bernay St Martin Airport,Creil,FR
Meaux Esbly Airport,Creil,FR
Beynes Thiverval Airport,Creil,FR
Charles de Gaulle International Airport,Paris,FR
Chelles le Pin Airport,Paris,FR
Coulommiers-Voisins Airport,Coulommiers/Voisins,FR
Lognes Emerainville Airport,Paris,FR
Melun-Villaroche Air Base,Melun/Villaroche,FR
Toussus-le-Noble Airport,Toussus-le-Noble,FR
Paris-Orly Airport,Paris,FR
Le Plessis Belleville Airport,Paris,FR
Fontenay Tresigny Airport,Paris,FR
Pontoise - Cormeilles-en-Vexin Airport,Pontoise,FR
Moret Episy Airport,Pontoise,FR
Villacoublay-Velizy (BA 107) Air Base,Villacoublay/Velizy,FR
Chavenay Villepreux Airport,Villacoublay,FR
Bretigny sur Orge Air Base,Villacoublay,FR
Saint-Cyr-l'Ecole Airport,Villacoublay,FR
Reims-Prunay Airport,Reims/Prunay,FR
Troyes-Barberey Airport,Troyes/Barberey,FR
Luneville-Croismare Airport,Luneville/Croismare,FR
Arras Roclincourt Airport,Troyes,FR
Etain-Rouvres Air Base,Etain/Rouvres,FR
Autun-Bellevue Airport,Autun/Bellevue,FR
Nevers-Fourchambault Airport,Nevers/Fourchambault,FR
Chatillon Sur Seine Airport,Nevers,FR
Maubeuge-Elesmes Airport,Maubeuge/Elesmes,FR
Chalons Ecury Sur Coole Airport,Cambrai,FR
Lens Benifontaine Airport,Cambrai,FR
Besancon-La Veze Airport,Besancon/La Veze,FR
Saint Omer Wizernes Airport,Besancon,FR
Lille/Marcq-en-Baroeul Airport,Besancon,FR
Phalsbourg-Bourscheid Air Base,Phalsbourg/Bourscheid,FR
Lille-Lesquin Airport,Lille/Lesquin,FR
Romilly Sur Seine Airport,Lille,FR
Vitry en Artois Airport,Lille,FR
Merville-Calonne Airport,Merville/Calonne,FR
Sarre Union Airport,Merville,FR
Charleville-Mezieres Airport,Charleville-Mezieres,FR
Vesoul Airport,Vesoul/Frotey,FR
Juvancourt Airport,Charleville-Mezieres,FR
Saverne Steinbourg Airport,Charleville-Mezieres,FR
Dieuze Gueblange Airport,Charleville-Mezieres,FR
Angers Avrille Airport,Charleville-Mezieres,FR
Brest Bretagne Airport,Brest/Guipavas,FR
Cherbourg-Maupertus Airport,Cherbourg/Maupertus,FR
Dinard-Pleurtuit-Saint-Malo Airport,Dinard/Pleurtuit/Saint-Malo,FR
La Baule-Escoublac Airport,La Baule-Escoublac,FR
Granville Airport,Granville,FR
Deauville-Saint-Gatien Airport,Deauville,FR
Lorient South Brittany (Bretagne Sud) Airport,Lorient/Lann/Bihoue,FR
La Roche-sur-Yon Airport,La Roche-sur-Yon/Les Ajoncs,FR
Landivisiau Air Base,Landivisiau,FR
Caen-Carpiquet Airport,Caen/Carpiquet,FR
Lanveoc-Poulmic Air Base,Lanveoc/Poulmic,FR
Le Mans-Arnage Airport,Le Mans/Arnage,FR
Rennes-Saint-Jacques Airport,Rennes/Saint-Jacques,FR
Lannion-Cote de Granit Airport,Lannion,FR
Ploermel Loyat Airport,Rennes,FR
Quimper-Cornouaille Airport,Quimper/Pluguffan,FR
Nantes Atlantique Airport,Nantes,FR
Saint-Brieuc-Armor Airport,Saint-Brieuc/Armor,FR
Morlaix-Ploujean Airport,Morlaix/Ploujean,FR
Vannes-Meucon Airport,Vannes/Meucon,FR
Avranches Le Val St Pere Airport,Vannes,FR
Saint-Nazaire-Montoir Airport,Saint-Nazaire/Montoir,FR
Besancon Thise Airport,St Nazaire,FR
EuroAirport Basel-Mulhouse-Freiburg Airport,Bale/Mulhouse,FR
Colmar-Meyenheim Air Base,Colmar/Meyenheim,FR
Dijon-Bourgogne Airport,Dijon/Longvic,FR
Epinal Dogneville Airport,Dijon,FR
Metz-Frescaty (BA 128) Air Base,Metz/Frescaty,FR
Epinal-Mirecourt Airport,Epinal/Mirecourt,FR
Haguenau Airport,Haguenau,FR
Saint-Dizier-Robinson (BA 113) Air Base,Saint-Dizier/Robinson,FR
Sedan Douzy Airport,St Dizier,FR
Vitry Le Francois Vauclerc Airport,St Dizier,FR
Brive Souillac Airport,Nespouls,FR
Montbeliard-Courcelles Airport,Montbeliard/Courcelles,FR
Nancy-Essey Airport,Nancy/Essey,FR
Nancy-Ochey (BA 133) Air Base,Nancy/Ochey,FR
Pontarlier Airport,Pontarlier,FR
Reims-Champagne (BA 112) Airport,Reims/Champagne,FR
Strasbourg Airport,Strasbourg,FR
Langres Rolampont Airport,Strasbourg,FR
Pont St Vincent Airport,Strasbourg,FR
Epernay Plivot Airport,Strasbourg,FR
Luxeuil-Saint-Sauveur (BA 116) Air Base,Luxeuil/Saint-Sauveur,FR
Chaumont Airport,,FR
Vittel Champ De Course Airport,Luxeuil,FR
Cuers-Pierrefeu Airport,Cuers/Pierrefeu,FR
Toulon-Hyeres Airport,Toulon/Hyeres/Le Palyvestre,FR
Serres - La Batie-Montsaleon Airport,Hyeres,FR
La Grand'combe Airport,Hyeres,FR
Puimoisson Airport,Hyeres,FR
Chateaubriant Pouance Airport,Hyeres,FR
Toulo(St Mandrier Navy) Airport,Hyeres,FR
Frejus Airport,Hyeres,FR
Nimes-Arles-Camargue Airport,Nimes/Garons,FR
La Mole Airport,La Mole,FR
Miquelon Airport,Miquelon,PM
St Pierre Airport,Saint-Pierre,PM
Amberieu Airport (BA 278),Amberieu,FR
Saintes Thenac Airport,St Pierre I,FR
Vittel (Auzainvilliers) Airport,St Pierre I,FR
Bitche Airport,St Pierre I,FR
Le Valdahon Air Base,St Pierre I,FR
Apt St Christol Airport,St Pierre I,FR
Mourmelon Airport,St Pierre I,FR
Coetquidan Air Base,Guer,FR
Rochefort Soubise Airport,St Pierre I,FR
Les Mureaux Airport,St Pierre I,FR
Damblain Airport,Damblain,FR
Cambrai Niergnies Airport,St Pierre I,FR
Broye Les Pesmes Airport,St Pierre I,FR
Marville Montmedy Airport,St Pierre I,FR
Lure Malbouhans Airport,St Pierre I,FR
Marigny Le Grand Airport,St Pierre I,FR
Romorantin Pruniers Airport,St Pierre I,FR
Ste Leocadie Airport,St Pierre I,FR
Saint-Simon - Clastres Air Base,St Pierre I,FR
Lamia Airport,Lamia,GR
Tympaki Airport,Crete Island,GR
Triodhon Airport,Triodhon,GR
Olimboi Airport,Chios Island,GR
Andravida Airport,Andravida,GR
Agrinion Airport,Agrinion,GR
Dimokritos Airport,Alexandroupolis,GR
Athen Helenikon Airport,Athens,GR
Eleftherios Venizelos International Airport,Athens,GR
Alexandria Airport,Alexandria,GR
Nea Anchialos Airport,Nea Anchialos,GR
Elefsis Airport,Elefsina,GR
Epitalion Airport,Pyrgos,GR
Chios Island National Airport,Chios Island,GR
Porto Cheli Airport,Porto Cheli,GR
Ikaria Airport,Ikaria Island,GR
Ioannina Airport,Ioannina,GR
Heraklion International Nikos Kazantzakis Airport,Heraklion,GR
Kastoria National Airport,Kastoria,GR
Kithira Airport,Kithira Island,GR
Kefallinia Airport,Kefallinia Island,GR
Kastelorizo Airport,Kastelorizo Island,GR
Kalamata Airport,Kalamata,GR
Amigdhaleon Airport,Filipos,GR
Marathon Kotroni Airport,Marathon,GR
Kos Airport,Kos Island,GR
Karpathos Airport,Karpathos Island,GR
Ioannis Kapodistrias International Airport,Kerkyra Island,GR
Kasos Airport,Kasos Island,GR
Alexander the Great International Airport,Kavala,GR
Kalymnos Airport,Kalymnos Island,GR
Filippos Airport,Kozani,GR
Leros Airport,Leros Island,GR
Limnos Airport,Limnos Island,GR
Larisa Airport,Larisa,GR
Megara Airport,Megara,GR
Mikonos Airport,Mykonos Island,GR
Milos Airport,Milos Island,GR
Marathon Wasser Airport,Marathon,GR
Mytilene International Airport,Mytilene,GR
Naxos Airport,Naxos Island,GR
Paros Airport,Paros Island,GR
Astypalaia Airport,Astypalaia Island,GR
Aktion National Airport,Preveza/Lefkada,GR
Maritsa Airport,Rodes Island,GR
Diagoras Airport,Rodes Island,GR
Logan Reserve Airport,,AU
Araxos Airport,Patras,GR
Chania International Airport,Souda,GR
Sedes Airport,Sedes,GR
Skiathos Island National Airport,Skiathos,GR
Samos Airport,Samos Island,GR
Syros Airport,Syros Island,GR
Sparti Airport,Sparti,GR
Santorini Airport,Santorini Island,GR
Sitia Airport,Crete Island,GR
Stefanovikion Airport,Stefanovilion,GR
Skiros Airport,Skiros Island,GR
Tanagra Airport,Tanagra,GR
Kasteli Airport,Crete Island,GR
Tripolis Airport,Tripoli,GR
Thessaloniki Macedonia International Airport,Thessaloniki,GR
Tatoi Airport,Tatoi,GR
Dionysios Solomos Airport,Zakynthos Island,GR
Balassagyarmat Airport,Balassagyarmat,HU
Bekescsaba Glider Airport,Bekescsaba,HU
Budapest Ferenc Liszt International Airport,Budapest,HU
Budaors Glider Airport,Budaors,HU
Debrecen International Airport,Debrecen,HU
Dunakeszi Airport,Dunakeszi,HU
Dunaujvaros Glider Airport,Dunaujvaros,HU
Ersekcsanad Airport,Ersekcsanad,HU
Esztergom Airport,Esztergom,HU
Farkashegy Airport,Farkashegy,HU
Fertoszentmiklos Airport,Fertoszentmiklos,HU
Godollo Airport,Godollo,HU
Gyomai Airport,Gyomai,HU
Gyongyos Pipishegy Airport,Gyongyos Pipishegy,HU
Harmashatarhegy Airport,Budapest,HU
Hajduszoboszlo Airport,Hajduszoboszlo,HU
Jakabszallas Airport,Jakabszallas,HU
Kecsked Airport,Kecsked,HU
Kecskemet Airport,Kecskemet,HU
Kiskunfelegyhaza Airport,Kiskunfelegyhaza,HU
Kiskunlachaza-airport,Budapest,HU
Kaposvar Kaposujlak Glider Airport,Kaposujlak,HU
Miskolc Airport,Miskolc,HU
Eger Maklar Airport,Eger,HU
Nagykanizsa Airport,Nagykanizsa,HU
Nyiregyhaza Airport,Nyiregyhaza,HU
Ocseny Airport,Ocseny,HU
Papa Airport,Papa,HU
Pecs-Pogany Airport,Pecs-Pogany,HU
Gyor-Per International Airport,Gyor,HU
Szentkiralyszabadja Airport,Szentkiralyszabadja,HU
Siofok-Kiliti Airport,Siofok-Kiliti,HU
Sarmellek International Airport,Sarmellek,HU
Szolnok Airport,Szolnok,HU
Szolnok-Szandaszolos Sport Airport,Szolnok-Szandaszolos,HU
Szombathely Info Airport,Szombathely,HU
Szentes Aerodrome,Szentes,HU
Taszar Air Base,Taszar,HU
Tokol Air Base,Tokol,HU
Szeged Glider Airport,Szeged,HU
Zalaegerszeg Airport,Zalaegerszeg,HU
Foligno Airport,Foligno,IT
L'Aquila / Preturo Airport,L'Aquila,IT
Aquino Airport,Aquino,IT
Capua Airport,Capua,IT
Amendola Airport,Foggia,IT
Crotone Airport,Crotone,IT
Bari / Palese International Airport,Bari,IT
Foggia / Gino Lisa Airport,Foggia,IT
Taranto / Grottaglie Airport,Grottaglie,IT
Lecce Airport,,IT
Pescara International Airport,Pescara,IT
Brindisi / Casale Airport,Brindisi,IT
Gioia Del Colle Airport,Gioia Del Colle,IT
Martina Franca Air Force Base,Martina Franca,IT
Lamezia Terme Airport,Lamezia Terme,IT
Comiso Airport Vincenzo Magliocco,Comiso,IT
Catania / Fontanarossa Airport,Catania,IT
Lampedusa Airport,Lampedusa,IT
Pantelleria Airport,Pantelleria,IT
Palermo / Punta Raisi Airport,Palermo,IT
Palermo / Bocca Di Falco Airport,Palermo,IT
Reggio Calabria Airport,Reggio Calabria,IT
Trapani / Birgi Airport,Trapani,IT
Sigonella Airport,,IT
Asiago Airport,Vicenza,IT
Belluno Airport,Belluno,IT
Ca Negra Airport,Ca Negra,IT
Reggio Emilia Airport,Reggio Emilia,IT
Fano Airport,Fano,IT
Lugo Di Romagna Airport,Lugo,IT
Thiene Airport,Vicenza,IT
Cortina Airport,Cortina D'Ampezzo,IT
Legnago Airport,Legnago,IT
Mantova Airport,Mantova,IT
Pavullo Airport,Pavullo,IT
Ravenna Airport,Ravenna,IT
Trento / Mattarello Airport,Trento,IT
Carpi / Budrione Airport,Modena,IT
Prati Vecchi D'Aguscello Airport,Ferrara,IT
Salgareda Carrer Airport,Salgareda,IT
Alghero / Fertilia Airport,Alghero,IT
Decimomannu Airport,Decimomannu,IT
Cagliari / Elmas Airport,Cagliari,IT
Olbia / Costa Smeralda Airport,Olbia,IT
Oristano / Fenosu Airport,Oristano,IT
Tortoli' / Arbatax Airport,Arbatax,IT
Alessandria Airport,Alessandria,IT
Alzate Brianza Airport,Como,IT
Calcinate Del Pesce Airport,Varese,IT
Biella / Cerrione Airport,Biella,IT
Vergiate Airport,Milano,IT
Voghera-Rivanazzano Airport,Voghera,IT
Vercelli Airport,Vercelli,IT
Casale Monferrato Airport,Casale Monferrato,IT
Varese / Venegono Airport,Varese,IT
Sondrio Caiolo Airport,Caiolo,IT
Massa Cinquale Airport,Marina Di Massa,IT
Cremona / Migliaro Airport,Cremona,IT
Valbrembo Airport,Bergamo,IT
Torino / Aeritalia Airport,Torino,IT
Milano / Bresso Airport,Milano,IT
Malpensa International Airport,Milan,IT
Bergamo / Orio Al Serio Airport,Bergamo,IT
Torino / Caselle International Airport,Torino,IT
Villanova D'Albenga International Airport,Albenga,IT
Genova / Sestri Cristoforo Colombo Airport,Genova,IT
Linate Airport,Milan,IT
Cameri Airport,Cameri,IT
Parma Airport,Parma,IT
Novi Ligure Glider Airport,Novi Ligure,IT
Piacenza Airport,Piacenza,IT
Aosta Airport,Aosta,IT
Cuneo / Levaldigi Airport,Cuneo,IT
Lecce / Lepore Airport,Lecce,IT
Aviano Air Base,Aviano,IT
Bolzano Airport,Bolzano,IT
Cervia Air Force Base,Cervia,IT
Udine / Campoformido Air Base,Udine,IT
Bologna / Borgo Panigale Airport,Bologna,IT
Ferrara Airport,Ferrara,IT
Gorizia Airport,Gorizia,IT
Treviso / Sant'Angelo Airport,Treviso,IT
Rivolto Air Base,Codroipo,IT
Forli Airport,Forli,IT
Ghedi Airport,Ghedi,IT
Modena / Marzaglia Airport,Modena,IT
Verona / Boscomantico Airport,Verona,IT
Brescia / Montichiari Airport,Brescia,IT
Trieste / Ronchi Dei Legionari,Trieste,IT
Rimini / Miramare - Federico Fellini International Airport,Rimini,IT
Istrana Airport,Istrana,IT
Padova Airport,Padova,IT
Venezia / Lido - San Nicolo Airport,Venezia,IT
Verona / Villafranca Airport,Verona,IT
Ancona / Falconara Airport,Ancona,IT
Venezia / Tessera -  Marco Polo Airport,Venezia,IT
Arezzo Airport,Arezzo,IT
Lucca / Tassignano Airport,Lucca,IT
Rieti Airport,Rieti,IT
Siena / Ampugnano Airport,Siena,IT
Sarzana / Luni Military Airport,Sarzana,IT
Ciampino Airport,Roma,IT
Pratica Di Mare Airport,Pomezia,IT
Leonardo Da Vinci (Fiumicino) International Airport,Rome,IT
Guidonia Airport,Guidonia,IT
Frosinone Military Airport,Frosinone,IT
Salerno / Pontecagnano Airport,Salerno,IT
Marina Di Campo Airport,Marina  Di Campo,IT
Latina Airport,Latina,IT
Grazzanise Airport,Caserta,IT
Napoli / Capodichino International Airport,Napoli,IT
Pisa / San Giusto - Galileo Galilei International Airport,Pisa,IT
Firenze / Peretola Airport,Firenze,IT
Grosseto Airport,Grosetto,IT
Urbe Airport,Roma,IT
Viterbo Airport,Viterbo,IT
Perugia / San Egidio Airport,Perugia,IT
Ajdovscina Airport,Ajdovscina,SI
Lesce Bled Glider Airport,Bled,SI
Bovec Letalisce Airport,Bovec,SI
Cerklje Airport,,SI
Celje Glider Airport,Celje,SI
Divaca Airport,Divaca,SI
Ljubljana Joze Pucnik Airport,Ljubljana,SI
Maribor Airport,,SI
Murska Sobota Airport,Murska Sobota,SI
Novo Mesto Airport,Novo mesto,SI
Postojna Airfield,Postojna,SI
Ptuj Airport,,SI
Portoroz Airport,Portoroz,SI
Slovenj Gradec Airport,Slovenc Gradec,SI
Velenje Airport,Velenje,SI
Breclav Airport,Breclav,CZ
Benesov Airport,Benesov,CZ
Bohunovice Airport,Bohunovice,CZ
Broumov Airport,Broumov,CZ
Bubovice Airport,Bubovice,CZ
Cheb Airport,Cheb,CZ
Ceska Lipa Airport,Ceska Lipa,CZ
Chomutov Airport,Chotumov,CZ
Cernovice Air Base,Cernovice,CZ
Medlanky Airport,Medlanky,CZ
Chocen Airport,Chocen,CZ
Chrudim Airport,Chrudim,CZ
Ceske Budejovice Airport,Ceske Budejovice,CZ
Chotebor Airport,Chotebor,CZ
Caslav Air Base,Caslav,CZ
Dvur Kralove Nad Labem Airport,Dvur Kralove Nad Labem,CZ
Erpuzice Airport,Erpuzice,CZ
Frydlant Airport,Frydlant,CZ
Havlickuv Brod Airport,Havlickuv Brod,CZ
Horice Airport,Horice,CZ
Hodkovice Nad Mohelkou Airport,Hodkovice Nad Mohelkou,CZ
Hradec Kralove Airport,Hradec Kralove,CZ
Hranice Airport,Hranice,CZ
Holesov Airport,Holesov,CZ
Hradcany Airport,Ralsko,CZ
Hosin Airport,Hosin,CZ
Horovice Airport,Horovice,CZ
Jaromer Airport,Jaromer,CZ
Jicin Airport,Jicin,CZ
Jindrichuv Hradec Airport,Jindrichuv Hradec,CZ
Jihlava Airport,Jihlava,CZ
Krizanov Airport,Krizanov,CZ
Kbely Air Base,Prague,CZ
Krizenec Plana Airport,Plana,CZ
Kladno Airport,Kladno,CZ
Kromeriz Airport,Kromeriz,CZ
Kolin Airport,Kolin,CZ
Krnov Airport,Krnov,CZ
Klatovy Airport,Klatovy,CZ
Kunovice Airport,Uherske Hradiste,CZ
Karlovy Vary International Airport,Karlovy Vary,CZ
Kyjov Airport,Kyjov,CZ
Liberec Airport,Liberec,CZ
Plzen Line Airport,Plzen,CZ
Letnany Airport,Letnany,CZ
Mlada Boleslav Airport,Mlada Boleslav,CZ
Mnichovo Hradiste Airport,Mnichovo Hradiste,CZ
Mikulovice Airport,Mikulovice,CZ
Moravska Trebova Airport,Moravska Trebova,CZ
Most Airport,Most,CZ
Marianske Lazne Airport,Marianske Lazne,CZ
Ostrava Leos Janacek Airport,Ostrava,CZ
Namest Air Base,Namest,CZ
Nove Mesto Airport,Nove Mesto Nad Metuji Morave,CZ
Nymburk Ul Ploch Airport,Nymburk,CZ
Olomouc Glider Airport,Olomouc,CZ
Otrokovice Zlin Airport,Otrokovice,CZ
Policka Airport,Policka,CZ
Panensky Tynec Airport,Panensky Tynec,CZ
Pardubice Airport,Pardubice,CZ
Pribyslav Airport,Pribyslav,CZ
Prostejov Airport,Prostejov,CZ
Letkov Airport,Letkov,CZ
Pribram Airport,Pribram,CZ
Podhorany Glider Airport,Podhoramy,CZ
Prerov Air Base,Prerov,CZ
Václav Havel Airport,Prague,CZ
Plasy Rybnice Airport,Rybnice,CZ
Rana Loumy Airport,Rana,CZ
Rakovnik Glider Airport,Rakovnik,CZ
Roudnice Mad Airport,Roudnice Nad Labem,CZ
Stankov Glider Airport,Stankov,CZ
Stichovice Pluml Airport,Mostkovice,CZ
Skutec Airport,Skutec,CZ
Slany Airport,Slany,CZ
Sobeslav Airport,Sobeslav,CZ
Strunkovice Airport,Strunkovice,CZ
Strakonice Airport,Strakonice,CZ
Sumperk Airport,Sumperk,CZ
Sazena Kralupy Airport,Sazena,CZ
Tabor Airport,Tabor,CZ
Brno-Turany Airport,Brno,CZ
Tocna Praha Glider Airport,Tocna,CZ
Tachov Oldrichov Airport,Tachov,CZ
Touzim Airport,Touzim,CZ
Tabor Vsechov Ultralight Airport,Tabor,CZ
Usti Nad Labem Airport,Usti Nad Labem,CZ
Usti Mad Orlici Airport,Usti Mad Orlici,CZ
Vlasin Glider Airport,Vlasin,CZ
Vysoke Myto Glider Airport,Vysoke Myto,CZ
Vodochody Airport,Vodochoky,CZ
Velke Porici Glider Airport,Velke Porici,CZ
Vrchlabi Airport,Vrchlabi,CZ
Vyskov Airport,Vyskov,CZ
Zabreh Ostrava Airport,Zabreh,CZ
Zbraslavice Glider Airport,Zbraslavice,CZ
Zatec Macerka Ar Airport,Zatek,CZ
Zamberk Airport,Zamberk,CZ
Znojmo Airport,Znojmo,CZ
Herb Tautz Airport,Mount Carroll,US
Naper Aero Club Airport,Naperville,US
Walter Storey Field,Enfield,US
Arad Airport,Arad,IL
Brookeridge Air Park,Downers Grove,US
Schaller Airport,New Athens,US
Sd Aero Airport,Capron,US
Thorp Airport,Wapella,US
Stutzke Airport,Sterling,US
Curanda Airport,Morris,US
Lindell Loveless Airport,Gillespie,US
Read Airport,Piper City,US
Raymond Airport,Jerseyville,US
Ruffatto Field,Plainfield,US
Wilts Airport,Streator,US
Dunn Airport,Paw Paw,US
Gentry Airport,Polo,US
Maple Hurst Farms Airport,Rochelle,US
Herrens Bess Hollow Airfield,Kampsville,US
Lz Fairwinds Airport,Rockford,US
Severson Airport,Rockford,US
Darrington Airport,Rockford,US
Latham Park Aero Estates Airport,Rockford,US
Compass Rose Airport,Rockton,US
Blackhawk Farms Raceway Llc Airport,Rockton,US
Mc Curdy Strip,Rockton/Belvidere,US
Ben Gurion International Airport,Tel Aviv,IL
Be'er Sheva (Teyman) Airport,Beersheva,IL
Tel Nov Air Base,Rehovot,IL
Ilan and Asaf Ramon Airport,Eilat,IL
Ein Shemer Airfield,Ein Shemer,IL
Ein Yahav Airfield,Sapir,IL
Fiq Airfield,Katzrin,IL
Haifa International Airport,Haifa,IL
Hatzerim Air Base,Beersheba,IL
Hatzor Air Base,Hatzor,IL
Herzliya Airport,Herzliya,IL
Ben Ya'akov Airport,Rosh Pina,IL
Kiryat Shmona Airport,Kiryat Shmona,IL
Megiddo Airport,Afula,IL
Mitzpe Ramon Airfield,Mitzpe Ramon,IL
Bar Yehuda Airfield,Masada,IL
Nevatim Air Base,Beersheba,IL
Ovda International Airport,Eilat,IL
Palmahim Air Base,Rishon LeZion,IL
Ramat David Air Base,Haifa,IL
Ramon Air Base,Beersheba,IL
Yotvata Airfield,Yotvata,IL
Luqa Airport,Luqa,MT
Ottenschlag Airport,Ottenschlag,AT
Dobersberg Airport,Dobersberg,AT
Voeltendorf Airport,Voeltendorf,AT
Krems Airport,Krems,AT
Leopoldsdorf Airport,Leopoldsdorf,AT
Wiener Neustadt East Airport,Wiener Neustadt,AT
Altlichtenwarth Airport,Altlichtenwarth,AT
Spitzerberg Airport,Spitzerberg,AT
Trausdorf Airport,Eisenstadt,AT
Stockerau Airport,Stockerau,AT
Voslau Airport,Bad Voslau,AT
Fuerstenfeld Airport,Fuerstenfeld,AT
Punitz-Gussing Airport,Punitz,AT
Trieben Airport,Trieben,AT
Kapfenberg Airport,Kapfenberg,AT
Turnau Airport,Lanzen,AT
Mariazell Airport,Mariazell,AT
Niederoeblarn Airport,Niederoeblarn,AT
Pinkafeld Airport,Pinkafeld,AT
Timmersdorf Airport,Timmersdorf,AT
Unterfladnitz Airport,Weiz,AT
Hohenems-Dornbirn Airport,Hohenems / Dornbirn,AT
St. Johann In Tirol Airport,St. Johann In Tirol,AT
Langkampfen Airport,Kufstein,AT
Hoefen Airport,Reutte,AT
Ossiacher See Airport,Feldkirchen,AT
Glainach Airport,Ferlach,AT
Hirt Airport,Friesach,AT
Nikolsdorf Airport,Lienz,AT
Mayerhofen Airport,Mayerhofen,AT
Notsch Im Gailtal Airport,Notsch Im Gailtal,AT
Wolfsberg Airport,Wolfsberg,AT
Scharnstein Airport,Scharnstein,AT
Eferding Airport,Eferding,AT
Freistadt Airport,Freistadt,AT
St. Georgen Am Ybbsfelde Airport,St. Georgen Am Ybbsfelde,AT
Hb Hofkirchen Airport,Hofkirchen,AT
Kirchheim Airport,Ried,AT
Micheldorf Airport,Micheldorf,AT
Linz-Ost Airport,Linz,AT
Schaerding-Suben Airport,Schaerding / Suben,AT
Seitenstetten Airport,Seitenstetten,AT
Gmunden-Laakirchen Airport,Gmunden,AT
Wels Airport,Wels,AT
Mauterndorf Airport,Mauterndorf,AT
Graz Airport,Graz,AT
Innsbruck Airport,Innsbruck,AT
Klagenfurt Airport,Klagenfurt am Worthersee,AT
Linz Airport,Linz,AT
Salzburg Airport,Salzburg,AT
Vienna International Airport,Vienna,AT
Zell Am See Airport,Zell Am See,AT
Wiener Neustadt West Airport,Wiener Neustadt,AT
Brumowski  Air Base,Langenlebarn,AT
Hinterstoisser Air Base,Zeltweg,AT
Santa Margarida Airport,,PT
Alverca Airport,Alverca,PT
Aveiro Airport,Aveiro,PT
Santa Maria Airport,Vila do Porto,PT
Braganca Airport,Bragança,PT
Beja International Airport,Beja,PT
Braga Municipal Aerodrome,Braga,PT
Castelo Branco Airport,Castelo Branco,PT
Chaves Airfield,Chaves,PT
Coimbra Airfield,Antanhol,PT
Corvo Airport,Corvo,PT
Cascais Airport,Cascais,PT
Évora Airport,Évora,PT
Flores Airport,Santa Cruz das Flores,PT
Faro Airport,Faro,PT
Graciosa Airport,Santa Cruz da Graciosa,PT
Horta Airport,Horta,PT
Espinho Airport,Espinho,PT
Leiria Gandara Airport,Leiria,PT
Alijo Airport,Alijo,PT
Lajes Field,Lajes,PT
Lousa Private Airport,Lousa,PT
Madeira Airport,Funchal,PT
Monfortinho Airport,Monfortinho,PT
Mirandela Airport,Mirandela,PT
Montargil Airport,Montargil,PT
Monte Real Airport,Monte Real,PT
Montijo Airport,Montijo,PT
Mogadouro Airport,Mogadouro,PT
Ota Airport,Ota,PT
Ovar Airport,Ovar,PT
João Paulo II Airport,Ponta Delgada,PT
Pico Airport,Pico Island,PT
Portimão Airport,Portimão,PT
Francisco de Sá Carneiro Airport,Porto,PT
Porto Santo Airport,Porto Santo,PT
Lisbon Portela Airport,Lisbon,PT
Praia Verde 23M Airport,Castro Marim,PT
Santa Cruz Airport,,PT
Sines Airport,Sines,PT
Sao Jorge Airport,Velas,PT
Ponte de Sôr Airport,Ponte de Sôr,PT
Santarem Airport,Santarem,PT
Sintra Airport,,PT
Tancos Airport,,PT
Vilar Da Luz Airport,Maia,PT
Vila Real Airport,Vila Real,PT
Viseu Airport,Viseu,PT
Bihac Golubic Airport,Bihac,BA
Banja Luka International Airport,Banja Luka,BA
Zaluzani Airport,Banja Luka,BA
Tuzla Jegin Lug Sport Airfield,Tuzla,BA
Livno Brda Bosni Airport,Livno,BA
Mostar International Airport,Mostar,BA
Prijedor Urije Airport,Prijedor,BA
Sarajevo International Airport,Sarajevo,BA
Tuzla International Airport,Tuzla,BA
Visoko Sport Airfield,Visoko,BA
Ianca Air Base,Ianca,RO
Fetesti Air Base,Fetesti,RO
Boboc Air Base,Boboc,RO
Arad International Airport,Arad,RO
Bacau Airport,Bacau,RO
Tautii Magheraus Airport,Baia Mare,RO
Baneasa International Airport,Bucharest,RO
Braşov-Ghimbav International Airport,Braşov,RO
Mihail Kogalniceanu International Airport,Constanta,RO
Cluj-Napoca International Airport,Cluj-Napoca,RO
Caransebes Airport,Caransebes,RO
Campia Turzii Air Base,Campia Turzii,RO
Craiova Airport,Craiova,RO
Iasi Airport,Iasi,RO
Oradea International Airport,Oradea,RO
Henri Coanda International Airport,Bucharest,RO
Sibiu International Airport,Sibiu,RO
Satu Mare Airport,Satu Mare,RO
Suceava Stefan cel Mare Airport,Suceava,RO
Tulcea Airport,Tulcea,RO
Transilvania Targu Mures International Airport,Targu Mures,RO
Timisoara Traian Vuia Airport,Timisoara,RO
Tuzla Romania Airport,Tuzla,RO
Marmande Airport,Theriot,US
A J Patrol Airport,Crowley,US
Reynolds Airport,Westlake,US
Lyon Airport,Thornwell,US
Bailey Air Airport,Monroe,US
Circle G Airport,Jigger,US
Ag Aviation Airport,Welsh,US
Oliair Airport,Monroe,US
Sievers Field,Duson,US
Goose Landing Airport,Loranger,US
Bordelon Airpark,Breaux Bridge,US
Light Plane Flyers Airfield,Iowa,US
Richard's Airport,New Iberia,US
Country Bend Airport,Watson,US
St Charles Airport,Ama,US
Wc Field,Elizabeth,US
Daneco Landing Strip,Houma,US
Ken Guidry Nr 1 Airport,Abbeville,US
Lake Air Service-Pine Island Airport,Jennings,US
Hickham Field,Covington,US
Magnolia Airpark,Slaughter,US
"Delta Dusters, Llc Airport",Newellton,US
Matidora Airport,Buras,US
Triumph Air Strip,Buras,US
Kreswell Airport,Eunice,US
Tim Bullard Memorial Airport,Arnaudville,US
Koenig Airpark,Robert,US
Bex Airport,Bex,CH
Les Eplatures Airport,La Chaux-de-Fonds,CH
Ecuvillens Airport,,CH
Geneva Cointrin International Airport,Geneva,CH
Saanen Airport,Saanen,CH
Lausanne-la Blecherette Airport,Lausanne,CH
Neuchatel Airport,,CH
La Cote Airport,La Cote,CH
Reichenbach Air Base,,CH
Sion Airport,Sion,CH
Gruyeres Airport,,CH
Yverdon-les-Bains Airport,Yverdon-les-Bains,CH
Alpnach Air Base,Alpnach,CH
Dubendorf Airport,Zurich,CH
Emmen Airport,,CH
Interlaken Air Base,,CH
Turtman Air Base,Turtman,CH
Lodrino Air Base,Lodrino,CH
Meiringen Airport,,CH
Payerne Airport,Payerne,CH
Amlikon Glider Airport,,CH
Dittingen Airport,,CH
Schaffhausen Airport,,CH
Kagiswil Airport,,CH
Winterthur Airport,Winterthur,CH
Hasenstrick Airport,,CH
Langenthal Airport,,CH
Ambri Airport,Quinto,CH
Triengen Airport,,CH
Olten Airport,,CH
Muenster Aero Airport,,CH
Wangen-Lachen Airport,,CH
Raron Airport,Raron,CH
Bellechasse Airport,,CH
Motiers Airport,,CH
Montricher Airport,,CH
St Stephan Airport,,CH
Zweisimmen Airport,,CH
San Vittore Airport,,CH
Lugano Airport,Lugano,CH
Bern Belp Airport,Bern,CH
Buochs Airport,Buochs,CH
Bad Ragaz Airport,,CH
Birrfeld Airport,,CH
Grenchen Airport,,CH
Zurich Airport,Zurich,CH
Fricktal-Schupfart Airport,,CH
Courtelary Airport,,CH
Speck-Fehraltorf Airport,,CH
Locarno Airport,,CH
Mollis Airport,Mollis,CH
Hausen am Albis Airport,,CH
Luzern-Beromunster Airport,Lucerne,CH
Biel-Kappelen Airport,,CH
Bressaucourt Airport,Bressaucourt,CH
St Gallen Altenrhein Airport,Altenrhein,CH
Samedan Airport,,CH
Lommis Airfield,Lommis,CH
Buttwil Airport,,CH
Sitterdorf Airport,,CH
Thun Airport,Thun,CH
Schanis Airport,,CH
Guvercinlik Airport,Ankara,TR
Esenboga International Airport,Ankara,TR
Etimesgut Air Base,Ankara,TR
Akinci Air Base,Ankara,TR
Adana Airport,Adana,TR
Incirlik Air Base,Adana,TR
Afyon Airport,Afyonkarahisar,TR
Antalya International Airport,Antalya,TR
Gaziantep International Airport,Gaziantep,TR
Iskenderun Airport,Iskenderun,TR
Kastamonu Airport,Kastamonu,TR
Konya Airport,Konya,TR
Malatya Tulga Airport,Malatya,TR
Amasya Merzifon Airport,Amasya,TR
Samsun Samair Airport,Samsun,TR
Sivas Airport,Sivas,TR
Zonguldak Airport,Zonguldak,TR
Malatya Erhac Airport,Malatya,TR
Kayseri Erkilet Airport,Kayseri,TR
Sivrihisar Airport,Sivrihisar,TR
Tokat Airport,Tokat,TR
Cardak Airport,Denizli,TR
Nevşehir Kapadokya International Airport,Nevşehir,TR
Ataturk International Airport,Istanbul,TR
Alasehir Airport,Alasehir,TR
Cildir Airport,Aydin,TR
Bursa Airport,Bursa,TR
Balikesir Merkez Airport,Balikesir,TR
Bandirma Airport,Bandirma,TR
Canakkale Airport,Canakkale,TR
Eskişehir Air Base,Eskişehir,TR
Adnan Menderes International Airport,Izmir,TR
Gaziemir Airport,,TR
Cigli Airport,Izmir,TR
Isparta Airport,,TR
Kutahya Airport,Kutahya,TR
Uşak Airport,Uşak,TR
Yalova Airport,Ciftlikkoy,TR
Cengiz Topel Airport,,TR
Bursa Yenisehir Airport,Bursa,TR
Dalaman International Airport,Dalaman,TR
Akhisar Airport,,TR
Tekirdag Corlu Airport,Corlu,TR
Imsik Airport,Bodrum,TR
Istanbul Hezarfen Airfield,Istanbul,TR
Samandira Air Base,Umraniye,TR
Anadolu University Airport,Eskişehir,TR
Zafer Airport,Altintas,TR
Elazig Airport,Elazig,TR
Ordu–Giresun Airport,Ordu,TR
Diyarbakir Airport,Diyarbakir,TR
Erzincan Airport,Erzincan,TR
Erzurum International Airport,Erzurum,TR
Kars Airport,Kars,TR
Trabzon International Airport,Trabzon,TR
Sanliurfa Airport,Sanliurfa,TR
Van Ferit Melen Airport,Van,TR
Batman Airport,Batman,TR
Mus Airport,Muş,TR
Siirt Airport,Siirt,TR
Sinop Airport,Sinop,TR
Kahramanmaraş Airport,Kahramanmaraş,TR
Agri Airport,Agri,TR
Adiyaman Airport,Adiyaman,TR
Mardin Airport,Mardin,TR
Sanliurfa GAP Airport,Sanliurfa,TR
Igdir Airport,Igdir,TR
Bingöl Airport,Bingöl,TR
Şırnak Şerafettin Elçi Airport,Şırnak,TR
Yüksekova Selahaddin Eyyubi Airport,Yüksekova,TR
Hatay Airport,Hatay,TR
Çukurova International Airport,Tarsus,TR
Kaklic Airport,Izmir,TR
Selcuk Efes Airport,Selcuk,TR
Suleyman Demirel International Airport,Isparta,TR
Balikesir Korfez Airport,Edremit,TR
Milas Bodrum International Airport,Bodrum,TR
Gazipasa Airport,Gazipasa,TR
Samsun Carsamba Airport,Samsun,TR
Sabiha Gokcen International Airport,Istanbul,TR
Imroz Airport,Gokceada,TR
Istanbul Airport,"Arnavutköy, Istanbul",TR
Rize–Artvin Airport,,TR
Karain Airport,Antalya,TR
Balţi International Airport,Strymba,MD
Mărculeşti International Airport,Mărculeşti,MD
Cahul International Airport,Cahul,MD
Chadyr Lunga Airport,,MD
Chișinău International Airport,Chișinău,MD
Tiraspol Airport,Tiraspol,MD
Stenkovec Brazda Airport,Brazda,MK
Ohrid St. Paul the Apostle Airport,Ohrid,MK
Skopje International Airport,Skopje,MK
Gibraltar Airport,Gibraltar,GI
Kovin Airport,,RS
Belgrade Nikola Tesla Airport,Belgrad,RS
Airport Lisicji Jarak,Belgrade,RS
Bor Airport,Bor,RS
Berane Airport,Berane,ME
Batajnica Air Base,Batajnica,RS
Kikinda Airport,Kikinda,RS
Ladevci Airport,Kraljevo,RS
Nis Airport,Nis,RS
Niksic Airport,Niksic,ME
Cenej Airport,Novi Sad,RS
Podgorica Airport,Podgorica,ME
Cemovsko Polje Airport,Podgorica,ME
Batlava-Donja Penduha Airfield,Batlava,XK
Veliki Radinci Airfield,Sremska Mitrovica,RS
Rudine airfield,Smederevska palanka,RS
Subotica Airport,Subotica,RS
Trstenik Airport,,RS
Tivat Airport,Tivat,ME
Ponikve Airport,Uzice,RS
Divci Airport,Valjevo,RS
Vrsac International Airport,,RS
Zrenjanin Airport,Zrenjanin,RS
Dubnica Glider Airport,Dubnica nad Vahom,SK
Holic Airport,Holic,SK
M. R. Stefanik Airport,Bratislava,SK
Kamenica nad Cirochou Airport,Kamenica nad Cirochou,SK
Kralova pri Senci Airport,Senec,SK
Kosice Airport,Kosice,SK
Lucenec Airport,Lucenec,SK
Martin Glider Airport,Martin,SK
Malacky Air Base,Malacky,SK
Nitra Glider Airport,Nitra,SK
Prievidza Glider Airport,Prievidza,SK
Piestany Airport,Piestany,SK
Male Bielice Glider Airport,Partizanske,SK
Presov Air Base,Presov,SK
Senica Airport,Senica,SK
Svidnik Airport,Svidnik,SK
Sliac Airport,Sliac,SK
Spisska Nova Glider Airport,Spisska Nova Ves,SK
Trencin Air Base,Trencin,SK
Letisko Airport,Boleraz,SK
Poprad-Tatry Airport,Poprad,SK
Zilina Airport,Zilina,SK
Cmelak Field,Sheffield,US
Dresser Hill Airport,Charlton,US
Snow Airport,Ipswich,US
Morehaven Airport,Granville,US
Trade Wind Airport,Oak Bluffs,US
Sids Airport,Maynard,US
Ware Airport,Ware,US
Muskeget Island Airport,Muskeget Island,US
Sherman-Pvt Airport,Pembroke,US
Pheasant Field,Pembroke,US
Mundale Airport,Westfield,US
Albert Farms Airport,Worthington,US
B&B Farm Airport,New Braintree,US
Ambergris Cay International Airport,Big Ambergris Cay,TC
JAGS McCartney International Airport,Cockburn Town,TC
Middle Caicos Airport,Middle Caicos,TC
North Caicos Airport,,TC
Pine Cay Airport,Pine Cay,TC
Providenciales Airport,Providenciales Island,TC
South Caicos Airport,,TC
Salt Cay Airport,Salt Cay,TC
Fair's Airport,Pocomoke City,US
Wingfield Airport,Dameron,US
Rossneck Airport,Cambridge,US
Finagin Airfield,Welcome,US
Wright Field,Chestertown,US
Bell Airport,Emmitsburg,US
Robinson Airport,Benedict,US
Hybarc Farm Airport,Chestertown,US
Makoutz Airport,Taneytown,US
Ashland Landing Farm Airport,Centreville,US
Deale Airport,Deale,US
Kennersley Airport,Church Hill,US
Ewing Airport,Easton,US
Forest Hill Airport,Forest Hill,US
Spring Hill Airport,Hebron,US
Keymar Airpark,Keymar,US
Hampton Airport,Leonardtown,US
Glenair Airport,Dayton,US
Barnes Airport,Lisbon,US
Long Green Valley Airstrip,Long Green,US
Chesapeake Ranch Airport,Lusby,US
Holly Springs Farm Airport,Nanjemoy,US
Three J Airport,New Windsor,US
Beverly Airport,Pocomoke City,US
Cromwell Farm Airport,Chestertown,US
Asplundh Airport,St Michaels,US
Harris Airport,Still Pond,US
Flying Acres Airport,Sudlersville,US
Good Neighbor Farm Airport,Unionville,US
Stolcrest Airport,Urbana,US
Woodbine Airport,Woodbine,US
Barren Creek Field,Mardela Springs,US
Ty-Ti-To Airport,La Plata,US
Nyce Airport,Newburg,US
Oag Unmanned Center Airport,Piney Point,US
Links Airport,Pylesville,US
Saxon Farms Airport,Church Hill,US
Hexton Farms Airport,Cecilton,US
Reservoir Airport,Finksburg,US
Lanseair Farms Airport,La Plata,US
Arroyo Barril Airport,Arroyo Barril,DO
Azua Airport,Azua,DO
Cotui Angelina Airport,Cotui Angelina,DO
Consuelo Batey Anita airport,Consuelo,DO
La Romana Batey Cacata airport,La Romana,DO
La Romana Batey Lechuga Airport,La Romana,DO
Higuey Airport,Higuey,DO
Maria Montez International Airport,Barahona,DO
Boca Chica Airport,Boca Chica,DO
San Pedro De Macoris Airport,San Pedro de Macoris,DO
Cabo Rojo Airport,Cabo Rojo,DO
Samana El Catey International Airport,Samana,DO
Constanza Dom Re Airport,Costanza,DO
Dajabon Airport,Dajabon,DO
El Ranchito Airport,La Vega,DO
Penuela / Esperanza Field,Valverde,DO
Juancho Enriquillo Airport,Barahona,DO
La Isabela International Airport,La Isabela,DO
Jimani Airport,,DO
Los Llanos de Sabanatosa Airport,,DO
Los Montones Airport,San Cristobal,DO
Casa De Campo International Airport,La Romana,DO
Magdalena Cuya Airport,La Romana,DO
Monte Cristi Airport,Monte Cristi,DO
Punta Cana International Airport,Punta Cana,DO
Piloto Airport,Monte Cristi,DO
Gregorio Luperon International Airport,Puerto Plata,DO
San Juan De La Maguana Airport,San Juan de la Maguana,DO
Las Americas International Airport,Santo Domingo,DO
San Isidro Air Base,San Isidro,DO
Cibao International Airport,Santiago,DO
Walterio Airport,Monte Cristi,DO
Webber Jones Airport,Brownville,US
Allen St Peter Memorial Airport,Portage,US
Flying Ed Airport,Charlotte,US
Gadabout Gaddis Airport,Bingham,US
Loring International Airport,Limestone,US
Thomas Airport,Roxbury,US
Clayton Lake Strip,Clayton Lake,US
Bob-Mar Airport,Fairfield,US
Avery Field,Rockwood,US
Sunrise Farms Airport,Fort Kent,US
Ragmuff Airport,Greenville,US
Tailwind Farm Airport,Sangerville,US
Farr Field,Harpswell,US
Robinson Ridge Field,Jefferson,US
Terra B & B Airport,Levant,US
Rocky Ridge Airport,Greene,US
Mars Hill Airport,Mars Hill,US
Witherspoons Landing Strip,North Haven,US
Goosefair Airport,Kennebunkport,US
Back Acres Airport,Kennebunkport,US
Payne Field,Hartland,US
Vinalhaven Airport,Vinalhaven,US
Sunny Hill Airport,Belgrade,US
Salmon Falls Airport,Berwick,US
Thompson Memorial Field,Pittsfield,US
Skydive New England Airport,West Lebanon,US
Newport Sky Park Airport,Newport,US
Cliffords Airport,Sabattus,US
Greenfield Hill Airport,Cambridge,US
Miller's Field,Newburgh,US
Margerison-Kincer Airport,Durham,US
Two Falls Airport,Willimantic,US
Morrison's Airport,Perry,US
Buzzy's Field,Acton,US
Webster Field,Gorham,US
Hilltop Airport,Jay,US
Catsa Airport,Liberia,CR
Inta Northeast Airport,El Achiotal,GT
Bananera Airport,Morales,GT
Coban Airport,Coban,GT
Chiquimula Airport,Chiquimula,GT
Carmelita Airport,Carmelita,GT
Coatepeque Airport,Coatepeque,GT
Dos Lagunas Airport,Dos Lagunas,GT
Esquipulas Airport,Esquipulas,GT
La Aurora Airport,Guatemala City,GT
Huehuetenango Airport,Huehuetenango,GT
La Libertad Airport,La Libertad,GT
Malacatan Airport,San Marcos,GT
Melchor de Mencos Airport,Melchor de Mencos,GT
Puerto Barrios Airport,Puerto Barrios,GT
Paso Caballos Airport,Paso Caballos,GT
Playa Grande Airport,Playa Grande,GT
Poptun Airport,Poptun,GT
Santa Cruz del Quiche Airport,Santa Cruz del Quiche,GT
Quezaltenango Airport,Quezaltenango,GT
Rabinal Airport,Rabinal,GT
Rubelsanto Airport,Rubelsanto,GT
Las Vegas Airport,Rio Dulce,GT
Retalhuleu Airport,Retalhuleu,GT
San Jose Airport,Puerto San Jose,GT
San Marcos Airport,San Marcos,GT
Mundo Maya International Airport,San Benito,GT
Uaxactun Airport,Uaxactun,GT
Zacapa Airport,Zacapa,GT
Acensa Airport,Acensa,HN
Sur Agropecuaria Airport,Buena Vista,HN
Ahuas Airport,Ahuas,HN
El Alto Airport,,HN
Amapala Airport,Amapala Island,HN
San Luis Airport,San Luis,HN
Apala Airport,Apala,HN
Archaga Airport,Archaga,HN
Alas Del Socorro Airport,Siguatepeque,HN
Hacienda Ulua Airport,Tasajeras,HN
Araslaya Airport,Araslaya,HN
Aserradero Azacualpa Airport,Cacao,HN
Barbareta Airport,Barbareta Island,HN
San Bernardo Airport,San Bernardo,HN
Brus Laguna Airport,Brus Laguna,HN
Catacamas Airport,Catacamas,HN
Cocobila Airport,Cocobila,HN
Concepcion Airport,Concepcion,HN
Shaoguan Airport,Comayagua,HN
Chiquerito Airport,Chiquerito,HN
Colon Airport,Marcala,HN
Choloma Airport,Choloma,HN
Coco Airport,,HN
Cochino Pequeno Airport,Cochino Pequeno Island,HN
Carta Airport,La Union,HN
Coyoles Airport,Coyoles,HN
Cauquira Airport,Cauquira,HN
Durzona Airport,Mocoron,HN
El Arrayan Airport,Olanchito,HN
El Cubo Airport,,HN
La America Airport,El Guanacaste,HN
Barrio El Aterrizaje Airport,El Paraiso,HN
Aserradero El Encino Airport,La Canoa,HN
La Esperanza Airport,Lerida,HN
Finca San Antonio Airport,La Lima,HN
Fort Cay Airport,Fort Cay,HN
Finca 12 Airport,Agua Blanca,HN
San Fernando Airport,San Fernando,HN
Chumbagua Airport,Chumbagua,HN
Guayabillas Airport,Esquias,HN
Grupo Carnol Airport,Catacamas,HN
El Aguacate Airport,El Aguacate,HN
Santiago De Puringla Airport,Santiago de Puringla,HN
Sangrelaya Airport,Donel,HN
Gracias Airport,El Molino,HN
Guayape Airport,El Zapato,HN
La Herradura Airport,Punuare,HN
Hacienda Galeras Airport,La Lima,HN
Agua Caliente Airport,Horcones,HN
Islas Del Cisne Airport,Del Cisne Island,HN
Minas De Oro Airport,Minas de Oro,HN
Iriona Airport,Iriona,HN
Izapan Airport,La Puerta,HN
Jocon Airport,Jocon,HN
Nueva Jerusalen Airport,Rio Platano,HN
Jicalapa Airport,Jicalapa,HN
La Joya Airport,,HN
Joya Del Quebracho Airport,Caleras/El Triunfo,HN
Jutigalpa airport,Jutigalpa,HN
La Alondra Airport,Candelaria,HN
Goloson International Airport,La Ceiba,HN
Flefil Airport,,HN
La Grecia Airport,Monjaras,HN
Talanguita Airport,,HN
Las Lajas Airport,Coyoles,HN
Ramon Villeda Morales International Airport,La Mesa,HN
Limon Airport,Limon,HN
Mapulaca Airport,Mapulaca,HN
Laguna Seca Airport,Laguna Seca,HN
Llanos Del Tigre Airport,Moroceli,HN
Luz Y Vida Airport,San Luis Pajon,HN
Las Vegas Airport,Las Vegas,HN
La Estanzuela Airport,el agua,HN
Las Minitas Airport,Vallecillo,HN
Monte Libano Airport,Monte Libano,HN
San Antonio Malera Airport,Malera,HN
Monica Airport,Monica,HN
San Marcos De Ocotepeque Airport,San Marcos,HN
Marcos Perez Airport,Agua Blanca,HN
Las Marias Airport,Siksatara,HN
Manto Airport,Manto,HN
Ciudad Nacaome Airport,Nacaome,HN
Noveno Batallon Airport,Apala,HN
Nueva Choluteca Airport,Choluteca,HN
La Laguna Airport,Guanaja,HN
Los Llanos Airport,,HN
Nueva Ocotepeque Airport,Nueva Ocotepeque,HN
Ocotales Airport,Copon,HN
Barra Del Patuca Airport,Barra del Patuca,HN
Palacios Airport,Palacios,HN
Agropecuaria Piedra De Agua Azul Airport,Buena Vista,HN
Puerto Lempira Airport,Puerto Lempira,HN
Comayagua-Palmerola International Airport,Comayagua,HN
Desvio Potrerillos Airport,El Encinal,HN
El Porvenir Airport,Manga,HN
Payasito Airport,Farallones,HN
Rapaco II Airport,,HN
Rus Rus II Airport,Rus Rus,HN
Regional Hamer Airport,,HN
Rancho Jamastran Airport,Apala,HN
Juan Manuel Galvez International Airport,Roatan Island,HN
Rus Rus I Airport,Rus Rus,HN
Santa Rosa Copan Airport,Santa Rosa de Copan,HN
Copan Ruinas Airport,Ruinas de Copan,HN
Raya Airport,Raya,HN
Sico Airport,Sico,HN
San Jose Airport,Oropoli,HN
San Lorenzo Airport,El Hato,HN
Sinaloa Airport,Sinaloa,HN
Sixatigni Airport,,HN
Santa Barbara Airport,Choluteca,HN
Tamara Airport,Tamara,HN
La Katabila Airport,Tuntuntara,HN
Tela Airport,Tela,HN
Toncontin International Airport,Tegucigalpa,HN
Tipimuratara Airport,Tipimunatara,HN
Trujillo Airport,Trujillo,HN
Santa Maria Airport,Santa Maria,HN
Tocoa Airport,Tocoa,HN
Auca Airport,Auca,HN
Guanacastal Airport,Canchias,HN
Uhi Airport,Uhi,HN
Sulaco Airport,Sulaco,HN
La Union Airport,La Union,HN
Utila Airport,Utila Island,HN
Cucuyagua Airport,Cucuyagua,HN
Villa Hermosa Airport,Coyolillo,HN
Villa Guadalupe Airport,Villa Guadalupe,HN
Wampusirpi I Airport,Wampusirpi,HN
Wampusirpi II Airport,Wampusirpi,HN
Waplaya Airport,Waplaya,HN
Warunta Airport,Warunta,HN
Wasma Airport,Wasma,HN
Wawina Airport,Wawina,HN
Yaxu Airport,Puerto Lempira,HN
Azacualpa Airport,Azacualpa,HN
Gentner Strip,Ruth,US
Cromptons Strip,Clio,US
Prairie Ronde Airport,Schoolcraft,US
Hoerners Corners Airport,Dewitt,US
Crippen Field,Charlotte,US
Rado's Crossing Airport,Ida,US
Minikey Airport,Sheridan,US
Wards Long Acres Airport,Fair Haven,US
Joyce Binns Memorial Airport,Blissfield,US
Cedarville Airport,Flushing,US
Scott/Saginaw Valley Field,Bridgeport,US
Myers Airport,Bridgman,US
Cloud 9 Airport,Parkers Corners,US
Haigh Airport,Howell,US
Archer Memorial Field,St Johns,US
Gooding Airport,Whitmore Lake,US
Air Park North Airport,Alba,US
Nartron Field,Reed City,US
Fancy Field,Au Gres,US
Claucherty Airport,Litchfield,US
Mitch Veenstra Airport,Hudsonville,US
Crystal Airport,St. Clair,US
Lost Creek Airport,Luzerne,US
Coldbrook Field,Climax,US
Ham-A-Lot Field,Petersburg,US
Mills Field,Newport,US
Twin Lakes Airport,Lewiston,US
Raymond Field,Barton City,US
Tannehill Airfield,Fife Lake,US
Baroda Airport,Baroda,US
Hiawatha Sportsmans Club Airport,Naubinway,US
Carl's Airport,Macon,US
Silver Lake Airport,Mears,US
Weller Airport,Grandville,US
Wabasis Lake Airport,Greenville,US
Harry's Field,Hudsonville,US
Maple Grove Airpark,Chesaning,US
Midget Airport,North Muskegon,US
Bakers Field,Burnips,US
Galloway Landings Airport,Caledonia,US
Poulter Field,Chelsea,US
Boscobel Aerodrome,Ocho Rios,JM
Norman Manley International Airport,Kingston,JM
Sangster International Airport,Montego Bay,JM
Ken Jones Airport,Ken Jones,JM
Negril Airport,Negril,JM
Tinson Pen Airport,Tinson Pen,JM
La Javilla Airport,Guanacaste,CR
Isla Cedros Airport,,MX
Rancho El Durangueno Airport,,MX
Bacubirito Airport,,MX
Ciudad Camargo Southeast Airport,,MX
Rio Verde Airport,,MX
J Agustin Castro Airport,,MX
La Retama Southwest Airport,,MX
Cordoba Airport,,MX
La Encarnacion Airport,,MX
La Pesca Airport,,MX
Rancho Santa Ynes Airport,,MX
Ciudad Guzman Airport,,MX
Cementos Mexicanos Airport,,MX
Tizayuca Airport,,MX
Ta Lo De Soto Airport,,MX
Campo Gobierno Airport,,MX
Fausto Vega Santander Airport,,MX
Puerto Libertad North Airport,,MX
Rancho San Salvador Northeast Airport,,MX
Casa Madero Airport,,MX
Falcon Dam Airport,,MX
Guamuchil Airport,,MX
Leon Gonzales Pie De La Cuesta Airport,,MX
Muzquiz New Airport,,MX
Agualeguas Old Airport,,MX
Jaujilla Airport,,MX
Ciudad Pemex Airport,,MX
Cosala Airport,,MX
Rancho Guadalupe South Airport,,MX
Nuevo Dolores Airport,,MX
Rancho Marina Vieja Airport,,MX
Xicotencatl Airport,,MX
Ixmiquilpan Airport,,MX
Autlan Airport,,MX
Cuatro Cienegas New Airport,,MX
Agua Prieta South Airport,,MX
Coahuayana Airport,,MX
Matehuala Airport,,MX
Mina Hercules Airport,,MX
Tacicuri Airport,,MX
Cupul Airport,,MX
Huetamo Airport,,MX
Agua Prieta Southwest Airport,,MX
Las Delicias Airport,,MX
El Fuerte Airport,,MX
Rancho La Milpita Airport,,MX
Isla Socorro Airport,,MX
Laguna Del Rey Airport,,MX
Parral Airport,,MX
General Juan N Alvarez International Airport,Acapulco,MX
Agualeguas Airport,,MX
Del Norte International Airport,,MX
Jesus Teran International Airport,Aguascalientes,MX
Bahias de Huatulco International Airport,Huatulco,MX
Cananea Airport,,MX
General Mariano Matamoros Airport,,MX
Ciudad Acuna New International Airport,Ciudad Acuna,MX
Ciudad del Carmen International Airport,Ciudad del Carmen,MX
Nuevo Casas Grandes Airport,,MX
Chilpancingo Airport,,MX
Federal de Bachigualato International Airport,Culiacan,MX
Chetumal International Airport,Chetumal,MX
Ciudad Obregon International Airport,Ciudad Obregon,MX
Comitan Airport,,MX
Ingeniero Alberto Acuna Ongay International Airport,Campeche,MX
Abraham Gonzalez International Airport,Ciudad Juarez,MX
Chichen Itza International Airport,,MX
General Roberto Fierro Villalobos International Airport,Chihuahua,MX
General Pedro Jose Mendez International Airport,Ciudad Victoria,MX
Captain Rogelio Castillo National Airport,Celaya,MX
Cozumel International Airport,Cozumel,MX
Ciudad Constitucion Airport,Ciudad Constitucion,MX
Ciudad Mante National Airport,Ciudad Mante,MX
General Guadalupe Victoria International Airport,Durango,MX
Amado Nervo National Airport,Tepic,MX
Ensenada Airport,,MX
Don Miguel Hidalgo Y Costilla International Airport,Guadalajara,MX
General Jose Maria Yanez International Airport,Guaymas,MX
Guerrero Negro Airport,Guerrero Negro,MX
Guanajuato Airport,,MX
Tehuacan Airport,,MX
General Ignacio P. Garcia International Airport,Hermosillo,MX
Lic. Miguel de la Madrid Airport,Colima,MX
Isla Mujeres Airport,,MX
Plan De Guadalupe International Airport,Saltillo,MX
Ixtepec Airport,,MX
El Lencero Airport,Xalapa,MX
Atizapan De Zaragoza Airport,,MX
Lazaro Cardenas Airport,Lazaro Cardenas,MX
Valle del Fuerte International Airport,Los Mochis,MX
Del Bajio International Airport,Silao,MX
Manuel Marquez de Leon International Airport,La Paz,MX
Loreto International Airport,Loreto,MX
General Servando Canales International Airport,Matamoros,MX
Licenciado Manuel Crescencio Rejon Int Airport,Merida,MX
Mulege Airport,Mulege,MX
General Rodolfo Sanchez Taboada International Airport,Mexicali,MX
General Francisco J. Mujica International Airport,Morelia,MX
Minatitlan/Coatzacoalcos National Airport,Minatitlan,MX
Monclova International Airport,,MX
Licenciado Benito Juarez International Airport,Mexico City,MX
General Mariano Escobedo International Airport,Monterrey,MX
General Rafael Buelna International Airport,Mazatlan,MX
Nogales International Airport,,MX
Quetzalcoatl International Airport,Nuevo Laredo,MX
Xoxocotlan International Airport,Oaxaca,MX
El Tajin National Airport,Poza Rica,MX
Hermanos Serdan International Airport,Puebla,MX
Ingeniero Juan Guillermo Villasana Airport,,MX
Puerto Penasco International Airport,Puerto Penasco,MX
Piedras Negras International Airport,,MX
Punta Colorada Airport,La Ribera,MX
Licenciado y General Ignacio Lopez Rayon Airport,,MX
Punta Pescadero Airport,,MX
Palenque International Airport,,MX
Licenciado Gustavo Diaz Ordaz International Airport,Puerto Vallarta,MX
Puerto Escondido International Airport,Puerto Escondido,MX
Queretaro Intercontinental Airport,Queretaro,MX
General Lucio Blanco International Airport,Reynosa,MX
San Cristobal De Las Casas Airport,,MX
Los Cabos International Airport,San Jose del Cabo,MX
San Felipe International Airport,,MX
Cabo San Lucas International Airport,Cabo San Lucas,MX
Santa Lucia Air Force Base,Reyes Acozac,MX
Ponciano Arriaga International Airport,San Luis Potosi,MX
Tlaxcala Airport,,MX
Teran Air Base,Tuxtla Gutierrez,MX
Francisco Sarabia International Airport,Torreon,MX
Angel Albino Corzo International Airport,Tuxtla Gutierrez,MX
General Abelardo L. Rodriguez International Airport,Tijuana,MX
Felipe Carrillo Puerto International Airport,Tulum,MX
General Francisco Javier Mina International Airport,Tampico,MX
Tamuin Airport,,MX
Licenciado Adolfo Lopez Mateos International Airport,Toluca,MX
Tapachula International Airport,Tapachula,MX
Tuxpan Airport,,MX
Cancun International Airport,Cancun,MX
Carlos Rovirosa Perez International Airport,Villahermosa,MX
General Heriberto Jara International Airport,Veracruz,MX
General Leobardo C. Ruiz International Airport,Zacatecas,MX
Ixtapa Zihuatanejo International Airport,Ixtapa,MX
Zamora Airport,,MX
Playa De Oro International Airport,Manzanillo,MX
Zapopan Airport,,MX
Webb Lake Airport,Hackensack,US
Hammars Farm Airport,Ada,US
Pulkrabek Landing Field,Angus,US
Eagles Nest Aerodrome,Eagle Lake,US
Lorenz Airport,Benson,US
Robco Airport,Laporte,US
Moberg Air Base Airport,Bemidji,US
Smith Field,Elko,US
Jackson Field,Brainerd,US
Barrett Airport,Brainerd,US
Brandt Airport,Delano,US
Pietenpol Field,Cherry Grove,US
West Wind Airport,Littlefork,US
Surfside Airport,Lino Lakes,US
North Lake Landing Airport,Lindstrom,US
Lux Strip,Cosmos,US
L & M Aerodrome,Litchfield,US
Nietz Airstrip,Oronoco,US
Meadowvale Airport,Elk River,US
Timmers Landing Field,Silver Lake,US
Oak Lake Air Strip,Erskine,US
Angen Field,Garfield,US
Jennrich Field,Farmington,US
Michels Farms Airport,North Mankato,US
Cameron's Airport,Princeton,US
Tuma Airport,Montgomery,US
Arthur Field,Gatzke,US
Gospel Ranch Airport,Hibbing,US
Bush Field,Hinckley,US
Sky Meadow Airport,Hastings,US
Quast Airport,Hutchinson,US
Stocker Airport,Jordan,US
Ingleside Airport,Loretto,US
Sky Park Airport,Lydia,US
Pfau Airstrip,Princeton,US
Maple Airport,Maple Plain,US
Bakko Aviation Airport,Glenwood,US
B & D Flyers International Airport,Minnesota Lake,US
Jerger's Field,Moorhead,US
J J And T Airport,East Grand Forks,US
Sky Manor Aero Estates Airport,Park Rapids,US
Cooks Landing Airport,Ham Lake,US
Landeplatz Airport,Searles,US
Aerovilla Airport,Perham,US
Reynolds Field,Princeton,US
Lennartson Airport,Proctor,US
Donner Airport,Belview,US
Alamicamba Airport,Alamicamba,NI
Altamira Airport,Altamira,NI
Boaco Airport,Boaco,NI
Bluefields Airport,Bluefileds,NI
Los Brasiles Airport,Los Brasiles,NI
San Pedro Airport,Bonanza,NI
Chinandega,Chinandega,NI
Corn Island,Corn Island,NI
Corinto Airport,Chinandega,NI
Dos Montes Airport,Dos Montes,NI
La Esperanza Airport,La Esperanza,NI
Esteli Airport,Esteli,NI
Punta Huete (Panchito) Airport,Punta Huete,NI
El Bluff Airport,El Bluff,NI
Hato Grande Airport,Hato Grande,NI
Jinotega,Jinotega,NI
Juigalpa,Juigalpa,NI
Karawala Airport,Karawala,NI
Leon (Fanor Urroz) Airport,Leon,NI
Macantaca Airport,Macantaca,NI
Augusto C. Sandino (Managua) International Airport,Managua,NI
Montelimar Airport,Montelimar,NI
Nueva Guinea Airport,Nueva Guinea,NI
Puerto Cabezas Airport,Puerto Cabezas,NI
El Papalonal Airport,El Papalonal,NI
Rivas,Rivas,NI
Rosita Airport,La Rosita,NI
San Carlos,San Carlos,NI
Siuna,Siuna,NI
Waspam Airport,Waspam,NI
Turkey Mountain Airport,Shell Knob,US
Cuinche Airport,Strafford,US
Bel-Voir Acres Airport,Golden,US
Discovery Bay At Norwalk Landing Airport,Shell Knob,US
Adventures Aloft Airport,Jonesburg,US
Homan Field,Sedalia,US
Sharpe Farms Airport,Lewistown,US
Barron Aviation Airport,Perry,US
B And S Farms Airfield,Anderson,US
Marshall Field,Fair Grove,US
Garst Airport,Watson,US
Bill Lee Memorial Airport,Rogersville,US
Jta Asbell Field,Carl Junction,US
Phillips Field,California,US
Lonesome Sky Airport,Craig,US
Peterson Farm Airport,Kearney,US
Ccc Airport,Cameron,US
Inter-State Airport,Pleasant Hill,US
Harbour Airport,Gravois Mills,US
Robert Jones Airport,Rogersville,US
Table Rock Airport,Golden,US
Barlet's Base Airport,Carthage,US
Ridgeview Ranch Airport,Harrisonville,US
Baldwin Airport,Silex,US
Wilkins Airport,Montgomery City,US
Sky-Vu Airport,Montgomery City,US
Red Oak Airport,Owensville,US
Five Mile Airport,Joplin,US
Schaback Strip,Weston,US
Lost Mine Airport,Theodosia,US
Waldemer Flying W Ranch Airport,Fairdealing,US
Kimberling Airport,Kimberling City,US
Misty Meadows Airport,Kirbyville,US
Linden Air Airport,Ozark,US
Hayes Field,Poplar Bluff,US
Eads Ridge Airport,Fair Grove,US
Block Air Village Airport,Holt,US
Flying 'J' Ranch Airport,Van Buren,US
Rolling Shoals Farm Airport,Williamsville,US
Cedar Creek Airport,Columbia,US
Brownsberger Airport,Montrose,US
Arnika Ranch Airport,Ava,US
Stickle Cattle Farms Airport,Belle,US
Oak Ridge Airpark,Mountain Grove,US
Dove Airstrip,Bismarck,US
Howard Airport,Gorin,US
Viburnum Airport,Viburnum,US
Wells Airport,Marshfield,US
Sanctuary Airport,Bellflower,US
Powis Airport,Oak Grove,US
Christian Outreach Airfield,Hillsboro,US
Keeven Air Ranch Airport,Hawk Point,US
Starr Airport,Trimble,US
Coose Field,Lockwood,US
Williams Airport,Cleveland,US
Miller Airport,Climax Springs,US
Cap Justiniano Montenegro Airport,Pedasi,PA
Finca Ceiba Airport,Finca Jagua,PA
Finca 45 Airport,Dos Canos,PA
La Cabezona Airport,Guarumal,PA
Finca 67 Airport,Changuinola,PA
Penonome Airport,Penonome,PA
Alvaro Berroa Airport,Nueva California,PA
Ingenio Santa Rosa Airport,Ingenio Santa Rosa,PA
Calzada Larga Airport,Calzada Larga,PA
Chame Airport,La Paz,PA
Punta Cocos Airport,Punta Cocos,PA
Deborah Airport,Guabito,PA
Bocas Del Toro International Airport,Isla Colon,PA
Alonso Valderrama Airport,Chitre,PA
Cap Manuel Nino International Airport,Changuinola,PA
Enrique Malek International Airport,David,PA
Enrique Adolfo Jimenez Airport,Colon,PA
Fort Sherman Airport,Fort Sherman,PA
Jaque Airport,Jaque,PA
Captain Ramon Xatruch Airport,La Palma,PA
Marcos A. Gelabert International Airport,Albrook,PA
Augusto Vergara Airport,Los Santos,PA
Puerto Obaldia Airport,Puerto Obaldia,PA
Howard/Panama Pacifico International Airport,Panama City,PA
Río Hato Airport,Río Hato,PA
Ruben Cantu Airport,Santiago,PA
Cap Scarlet R. Martínez L. Airport,Río Hato,PA
Tocumen International Airport,Tocumen,PA
El Porvenir Airport,El Porvenir,PA
San Blas Airport,Wannukandi,PA
Finca 32 Airport,La Dalia,PA
Aerodamas Airport,Quepos,CR
Cobano Airport,C?bano,CR
Aranjuez Airport,Miramar,CR
Amubri Airport,Amubri,CR
Arenal Airport,La Fortuna/San Carlos,CR
Aerotortuguero Airport,Roxana,CR
Atirro Airport,Turrialba,CR
Altamira de San Carlos Airport,San Carlos,CR
Buenos Aires Airport,Punta Arenas,CR
Babilonia Airport,Siquirres,CR
Barra del Colorado Airport,Pococi,CR
Bremen Airport,Guacimo,CR
Bataan (Monte Libano) Airport,Limon,CR
Boca Naranjo Airport,Quepos,CR
Barra de Parismina Airport,Pococi,CR
Codela Airport,Guapiles,CR
Coto 47 Airport,Corredores,CR
Carate Airport,Golfito,CR
Chacarita Airport,Puntarenas,CR
Ciruelas Airport,Bagaces,CR
Coyolar Airport,Liberia,CR
El Cerrito Airport,Filadelfia,CR
Carrillo Airport,Nicoya,CR
Cabo Velas Airport,Nicoya,CR
Carrizal Airport,Carrizal,CR
Duacari 2 Airport,Guapiles,CR
Don Diego Airport,Limon,CR
Drake Bay Airport,Puntarenas,CR
Dos Marias Airport,Chorotega,CR
Dieciocho Airport,Puntarenas,CR
El Carmen de Siquirres Airport,Siquirres,CR
El Descanso de Poco Sol Airport,San Carlos,CR
El Ceibo Airport,Ticaban,CR
El Ron Ron Airport,Ron Ron,CR
Esterillos / Finca Airport,Parrita,CR
Finca Delicias Airport,Puntarenas,CR
Finca 10 / Nuevo Palmar Sur Airport,Puntarenas,CR
Flamingo Airport,Brasilito,CR
Frutez - Pital Airport,San Carlos,CR
Finca 63 (Coto 63) Airport,Puntarenas,CR
Garza Airport,Garza,CR
Golfito Airport,Golfito,CR
Guapiles Airport,Pococi,CR
Guatuso Airport,Alajuela,CR
Hacienda Rancho Grande Airport,Sarapiqui,CR
Hacienda Homuha Airport,San Carlos,CR
Hacienda Rio Cuarto Airport,Sarapiqui,CR
Hacienda La Pacifica Airport,Canas,CR
Hacienda La Suerte Airport,Pococi,CR
Islita Airport,Nandayure,CR
Las Islas Airport,San Carlos,CR
Jaco Airport,Jaco,CR
La Zampona Airport,Guanacaste,CR
Daniel Oduber Quiros International Airport,Liberia,CR
Los Chiles Airport,Los Chiles,CR
Laurel Airport,Puntarenas,CR
La Flor Airport,Liberia,CR
La Garroba Airport,Upala,CR
La Ligia Airport,Parrita,CR
Las Lomas Airport,Siquirres,CR
Limon International Airport,Puerto Limon,CR
La Guinea Airport,Nicoya,CR
Las Piedras Airport,Canas,CR
Las Trancas Airport,Las Trancas,CR
La Cueva Airport,Liberia,CR
La Yolanda Airport,Parrita,CR
La Zopilota Airport,Guanacaste,CR
Monte Alto Airport,Abangares,CR
Murcielago Airport,La Cruz,CR
Mojica Airport,Canas,CR
Guanacaste Airport,Nicoya/Guanacate,CR
Nosara Airport,Nicoya,CR
Juan Santamaria International Airport,San Jose,CR
Palo Arco Airport,Nandayure,CR
Playa Blanca (J. W. Berteus) Airport,Puntarenas,CR
Paso Canoas Airport,Paso Canoas,CR
Pandora Airport,Limon,CR
Puerto Jimenez Airport,Puerto Jimenez,CR
Portalon Airport,Portalon,CR
Palmar Sur Airport,Palmar Sur,CR
Pelon Nuevo Airport,Liberia,CR
Punta Banco Airport,Puntarenas,CR
Playa Pajaros Airport,Paquera,CR
Penas Blancas Airport,Santa Cruz,CR
Agropecuaria Playa Caletas Airport,Nicoya/Guanacate,CR
Tobias Bolanos International Airport,San Jose,CR
Playa Ballena Airport,Puntarenas,CR
Quebrada Azul Airport,Florencia,CR
Quepos Managua Airport,Quepos,CR
Rio Frio / Progreso Airport,Rio Frio / Progreso,CR
Rancho Humo Airport,Santa Cruz,CR
Rancho Nuevo Airport,Puntarenas,CR
Roxana Farms Airport,Limon,CR
San Alberto Airport,Limon,CR
San Cristobal Airport,San Carlos,CR
Santa Cruz Airport,Santa Cruz,CR
Santa Fe Airport,Perez Zeledon,CR
Santa Clara De Guapiles Airport,Limon,CR
Shiroles Airport,Talamanca,CR
San Isidro del General Airport,Perez Zeledon,CR
Salama Airport,Salama,CR
Santa Marta Airport,Orotina,CR
Santa Maria De Guacimo Airport,Guapiles,CR
San Pedro Airport,San Pedro,CR
Sarapigui Airport,San Carlos,CR
Playa Samara Airport,Playa Samara,CR
San Agustin Airport,Puntarenas,CR
San Vito De Java Airport,Coto Brus,CR
Sixaola Airport,Sixaola,CR
Ticaban Airport,Pococi,CR
Taboga Airport,Canas,CR
Talolinga Airport,Nicoya,CR
Tamarindo De Santa Cruz Airport,Santa Cruz,CR
Tambor Airport,Nicoya,CR
Upala Airport,Upala,CR
Yucatica Airport,Guacimo,CR
Zapotal De Guanacaste Airport,Zapotal,CR
Christmas Flying Service Airport,Shelby,US
Linwood Airport,Linwood,US
Harrell Field,Pisgah,US
Glidwell Flying Service Airport,Alligator,US
Mohr Farm Airport,Brandon,US
Eifling Farms Airport,Glen Allan,US
John Farese Airpark,Ashland,US
Mach 1 Jet Port Airport,Brandon,US
Lester Field,Inverness,US
Cedar Creek Air Ranch Airport,Lucedale,US
Pace Airstrip,Canton,US
Browns Airport,Charleston,US
Wade Airport,Rolling Fork,US
Supplejack Airport,Canton,US
West Bolivar Flying Service Airport,Benoit,US
Smith County Airport,Taylorsville,US
Southland Flying Service Inc Airport,Tchula,US
Flying Y Service Airport,Tutwiler,US
Whitaker Airport,Vicksburg,US
Fighting Bayou Airport,Minter City,US
Bhllc Airport,Yokena,US
George Ford Airport,Picayune,US
Clay Airport,Monticello,US
Memory Landing Airport,Brookhaven,US
Schloss Adlers Airport,Red Banks,US
Fred Netterville Lumber Company/Wilkinson Commnty Airport,Woodville,US
Tullos Field,Florence,US
Valley Of The Moon Airport,Hermanville,US
Ellis Field,Picayune,US
Frisbee Lndg Airport,Valley Park,US
Rye Field,Smithville,US
Vaiden Landing Airport,Hernando,US
Delta Flying Service Inc Airport,Walls,US
Falcon Field,Star,US
Mc Lain - Calico Airport,Philadelphia,US
Slobovia Outernational Airport,Pocahontas,US
Lewis Airport,Glen Allan,US
Wade Field,Calhoun City,US
Conner Field,Inverness,US
Hasting Airpark,Bruce,US
Shade Tree Field,Gulfport,US
Oreck Airport,Poplarville,US
Flowood Industrial Airport,Flowood,US
Paul's Flying Svc Airport,Dundee,US
Hooper Skylark Field,Mc Neil,US
Dorr Field,Merigold,US
Barrett Field,Philadelphia,US
La Aramuaca Airport,San Miguel,SV
Barillas Airport,Barrillas,SV
Ceiba Doblada Airport,Ceiba Doblada,SV
La Chepona Airport,La Chepona,SV
Corral De Mulas Airport,Corral de Mulas,SV
Casas Nuevas Airport,Jiquilisco,SV
La Carrera Airport,Jiquilisco,SV
Espiritu Santo Airport,Espiritu Santo,SV
El Tamarindo Airport,Canoguero,SV
El Jocotillo Airport,El Jocotillo,SV
La Cabana Airport,La Cabana,SV
Los Comandos Airport,San Francisco Gotera,SV
La Gloria Airport,San Salvador,SV
Las Mesas Airport,Las Mesas,SV
El Salvador International Airport,Santa Clara,SV
El Platanar Airport,Suchitoto,SV
El Ronco Airport,Metapan,SV
El Palmer Airport,Santa Ana,SV
Punta San Juan Airport,Corral de Mulas,SV
El Papalon Airport,San Miguel,SV
San Ramon Airport,San Ramon,SV
Ilopango International Airport,San Salvador,SV
El Zapote Airport,Barra de Santiago,SV
Owen Bros Airport,Geraldine,US
Lakeside Airport,Lakeside,US
Olfert Airport,Lustre,US
Laird Ranch Airport,Ekalaka,US
Duncan Airport,Helena,US
Zortman Airport,Zortman,US
Ostlunds Airport,Billings,US
Fort Harrison Army Air Field,Helena,US
Torres Airport,Columbia Falls,US
Hoversland Airport,Ronan,US
Lander's Fork Ranch Airport,Lincoln,US
Fjb Airstrip,Philipsburg,US
Clover Crest Airpark,Townsend,US
Danford Field,Kalispell,US
Sunday Creek Airpark,Miles City,US
Ckye Field,Stevensville,US
Ponderosa Airport,Clarkston,US
Ottertail Lake Airport,Three Forks,US
Sanders Airport,Kalispell,US
Swank Airport,Poplar,US
Husky Ranch Airport,Billings,US
Jefco Skypark Airport,Whitehall,US
Klies Air Strip,Basin,US
Castleberry Airport,Ekalaka,US
M4 Strip,East Helena,US
Flying Y Ranch Airport,Livingston,US
Horner Field,Great Falls,US
Lanning Ranch Airport,Alzada,US
Zerbe Airport,Frazer,US
Nine Mile Airport,Huson,US
Carson Field,Kalispell,US
Weaver Airport,Kalispell,US
Flying Dog Airpark,Billings,US
Landing Pointe Airport,Billings,US
Nelson Airport,Haxby / Fort Peck,US
Langton Airstrip,Polebridge,US
Taylor Homestead Airport,Somers,US
Dog Leg Airport,East Helena,US
Smithfield Airport,Lewistown,US
Parcel Six Ranch Airport,Florence,US
Montfort Ranch Airport,Cameron,US
Littlebear Airport,Thompson Falls,US
Edsall Field,Bozeman,US
Hedditch Airport,Corvallis,US
Wolf Creek Airport,Stanford,US
Peterson Ranch Airport,Highwood,US
Sand Creek Wildlife Station Airport,Roy,US
Vine Airport,Wolf Point,US
Petty Creek Mountain Ranch Airport,Alberton,US
Wildcat Field,Philipsburg,US
Ten Mile Airport,Helena,US
Candylands Airport,Big Arm,US
Dawsons Landing Airport,Worden,US
Bar E Airport,Helena,US
Sands Airport,Kalispell,US
Garoutte Ranch Airport,Reed Point,US
Ousel Falls Airport,Big Sky,US
Sky Ranch Airport,Kalispell,US
Ram Ranch Runway Airport,Helena,US
Les Cayes Airport,Les Cayes,HT
Cap Haitien International Airport,Cap Haitien,HT
Jacmel Airport,Jacmel,HT
Jeremie Airport,Jeremie,HT
Toussaint Louverture International Airport,Port-au-Prince,HT
Port-de-Paix Airport,Port-de-Paix,HT
Trojes Airport,Trojes,HN
Samuel L Clemens Memorial Airport,Paris,US
C E F Airport,Warrenton,US
Broadwater Airport,Malden,US
Shorten Airfield,Atlanta,US
Angle Bar M Airport,Adrian,US
Hester Airport,Burlington Junction,US
Eagle's Landing Airport,Climax Springs,US
Pepper Field,Belle,US
Stark Airport,Warrenton,US
Robbins Airport,Odessa,US
Miller Farm Airport,Bay,US
Joseph Scott Airport,Fredericktown,US
White Cloud Flying Field,Columbia,US
Brass Lantern Airpark,Cedarcreek,US
Piney Bend Airport,Houston,US
Robinson Airport,Belton,US
Woodfield Airpark Inc Airport,Lockwood,US
Saunders Field,Osborn,US
Sugar Branch Airport,Columbia,US
Tallen Airport,Arkoe,US
Milan-Bogard Skyport Airport,Milan,US
Ingram Airport,Purdy,US
Sunburst Ranch Airport,Gainesville,US
Flib Field,Conway,US
Hilltop Airport,Drexel,US
Blumenstetter Airport,Elkland,US
Lakeside Airport,Farmington,US
Eu-Wish Airport,Hermann,US
Skyview Airport,Ozark,US
Spencer Field,Highlandville,US
Aero Britton Airport,Fayette,US
Air Port Hudson Airport,New Haven,US
Michael Farm Airport,Lone Jack,US
Yarbro Field,Poplar Bluff,US
Woodland Airstrip,Troy,US
Lexington Municipal Airport,Lexington,US
Eagles Nest Airport,Eagle Rock,US
Walnut Glen Farm Airport,Rolla,US
Antilla Airport,Antilla,CU
Gustavo Rizo Airport,Baracoa,CU
El Caribe Airport,El Caribe,CU
Batabano Airport,Batabano,CU
Las Brujas Airport,Cayo Santa Maria,CU
Carlos Manuel de Cespedes Airport,Bayamo,CU
Maximo Gomez Airport,Ciego de Avila,CU
Caibarien Airport,Caibarien,CU
Jardines Del Rey Airport,Cayo Coco,CU
Ciego De Avila Sur Airport,Ciego de Avila,CU
Jaime Gonzalez Airport,Cienfuegos,CU
Vilo Acuna International Airport,Cayo Largo del Sur,CU
Ignacio Agramonte International Airport,Camaguey,CU
Colon Airport,Colon,CU
Antonio Maceo International Airport,Santiago,CU
Las Clavellinas Airport,Las Clavellinas,CU
Cayajabo Airport,Cayajabo,CU
Florida Airport,Florida,CU
Central Agramonte Airport,Florida,CU
Leeward Point Field,Guantanamo Bay Naval Station,CU
Mariana Grajales Airport,Guantanamo,CU
Guardalavaca Airport,Yaguajay,CU
Jose Marti International Airport,Havana,CU
Frank Pais International Airport,Holguin,CU
Nuevitas Airport,Nuevitas,CU
Kawama Airport,Matanzas,CU
Ciudad Libertad Airport,Havana,CU
La Coloma Airport,Pinar del Rio,CU
Punta de Maisi Airport,Maisi,CU
Managua Airport,Managua,CU
Matahambre Airport,Matahambre,CU
Mayajigua Airport,Mayajigua,CU
Orestes Acosta Airport,Moa,CU
Matanzas Airport,Matanzas,CU
Sierra Maestra Airport,Manzanillo,CU
San Nicolas De Bari Airport,San Nicolas,CU
Nicaro Airport,Nicaro,CU
Rafael Cabrera Airport,Nueva Gerona,CU
Punta Alegre Airport,Punta Alegre,CU
Playa Baracoa Airport,Havana,CU
Pinar Del Rio Airport,Pinar del Rio,CU
San Antonio De Los Banos Airport,San Antonio de los Banos,CU
Abel Santamaria Airport,Santa Clara,CU
Sagua La Grande Airport,Sagua la Grande,CU
San Julian Air Base,Pinar Del Rio,CU
Joaquin de Aguero Airport,Playa Santa Lucia,CU
Siguanea Airport,Isla de la Juventud,CU
Sancti Spiritus Airport,Sancti Spiritus,CU
Alberto Delgado Airport,Trinidad,CU
Manati Airport,Manati,CU
Juan Gualberto Gomez International Airport,Varadero,CU
Hermanos Ameijeiras Airport,Las Tunas,CU
Gerrard Smith International Airport,Cayman Brac,KY
Edward Bodden Airfield,Little Cayman,KY
Owen Roberts International Airport,Georgetown,KY
Sieg's Farm Airport,Truman,US
Roan Airport,Warren,US
Demmers Field,Jordan,US
Deters Farms Airport,Spring Grove,US
Dykstra Acreage Airport,Trosky,US
Kastanek Airport,Pierz,US
Ries Farms Runway Airport,Hastings,US
Lino Air Park,Lino Lakes,US
Kaiser's Airstrip,Lake Park,US
Walker Field,Afton,US
Eyota Airport,Eyota,US
Moyer Airport,Holloway,US
Hay Shakers Airport,Nicollet,US
Frontenac Airport,Frontenac,US
Turkey Track Airport,Coates,US
Cloverleaf-East Bemidji Airport,Bemidji,US
Robertson Field,Hibbing,US
Fedor Airport,Holdingford,US
Gasper Airport,Euclid,US
North Star Ranch Airport,Onamia,US
Johnsons Aero Repair Airport,Wheaton,US
Isle Airport,Isle,US
Henning/Boldt Airport,Rushmore,US
Al's Due North Airport,North Branch,US
Country Haven Airport,Cloquet,US
Swanson Field,Crown,US
Nielsen's Airport,Farmington,US
Johnston Airport,Hawley,US
Mores Island Airport,Mores Island,BS
Clarence A. Bain Airport,Mangrove Cay,BS
Andros Town Airport,,BS
Castaway Cay Airport,Castaway Cay,BS
Congo Town Airport,Andros,BS
Marsh Harbour International Airport,Marsh Harbour,BS
San Andros Airport,Andros Island,BS
Spring Point Airport,Spring Point,BS
Sandy Point Airport,,BS
Treasure Cay Airport,Treasure Cay,BS
Abaco I Walker C Airport,,BS
Spanish Cay Airport,,BS
Chub Cay Airport,,BS
Great Harbour Cay Airport,,BS
South Bimini Airport,South Bimini,BS
Arthur's Town Airport,Arthur's Town,BS
New Bight Airport,Cat Island,BS
Cat Cay Airport,Cat Cay,BS
Hawks News Airport,Hawks News,BS
Colonel Hill Airport,Colonel Hill,BS
Pitts Town Airport,Pitts Town,BS
Cay Sal Airport,Cay Sal,BS
Cutlass Bay Airport,Cutlass Bay,BS
Black Point Airstrip,Black Point,BS
Exuma International Airport,George Town,BS
George Town Airport,George Town,BS
North Eleuthera Airport,North Eleuthera,BS
Lee Stocking Airport,Lee Stocking,BS
Governor's Harbour Airport,Governor's Harbour,BS
Normans Cay Airport,,BS
Rock Sound Airport,Rock Sound,BS
Staniel Cay Airport,,BS
Torch Cay Airport,Hog Cay,BS
Deep Water Cay Airport,Deep Water Cay,BS
Grand Bahama International Airport,Freeport,BS
Auxiliary Airfield,Grand Bahama,BS
West End Airport,West End,BS
Inagua Airport,Matthew Town,BS
Deadman's Cay Airport,Deadman's Cay,BS
Stella Maris Airport,Stella Maris,BS
Mayaguana Airport,Mayaguana,BS
Lynden Pindling International Airport,Nassau,BS
Nassau Paradise Island Airport,Nassau,BS
Duncan Town Airport,,BS
Rum Cay Airport,,BS
San Salvador Airport,San Salvador,BS
Big Whale Cay Airport,Big Whale Cay,BS
Cistern Field,Cistern Field,BS
Rudder Cut Cay Airport,Rudder Cut Cay,BS
Darby Island Airport,Darby Island,BS
Hog Key Airport,Long Island,BS
Leaf Cay Airport,Leaf Cay,BS
Sampson Cay Airport,Sampson Cay,BS
Cape Eleuthera Airport,Cape Eleuthera,BS
Little Whale Cay Berry Islands Airport,Little Whale Cay,BS
Big Creek Airport,Big Creek,BZ
Philip S. W. Goldson International Airport,Belize City,BZ
Caye Caulker Airport,Caye Caulker,BZ
Pelican Beach Airstrip,Dangriga,BZ
Placencia Airport,Placencia,BZ
Manatee Airport,Spanish Lookout,BZ
Saure Airport,Reynolds,US
Kornkven Airstrip,Souris,US
Anderson Private Airport,Starkweather,US
Johnson Airport,Turtle Lake,US
Linrud Airstrip,Velva,US
Jacob Gust Airport,West Fargo,US
Hought Airstrip,Williston,US
Thompson Private Airport,Wyndmere,US
Johnson Airstrip,Eldridge,US
Ripplinger Strip,Esmond,US
Sabbe Brothers Landing Strip,Maddock,US
Paul Airstrip,Rugby,US
Moser Airstrip,Westfield,US
Hager Strip,Barney,US
Moffet Airstrip,Barney,US
Dakota Airport,Grandin,US
Storseth Airstrip,Grenora,US
Welstad Farms Airstrip,Upham,US
Lill Strip,Bremen,US
Philbrick Pvt Airstrip,Turtle Lake,US
Central Valley Aviation Airport,Buxton,US
L Seckerson Airstrip,Eldridge,US
Johnson Pvt Airstrip,Luverne,US
Dilse Airstrip,Scranton,US
Harvey Point Defense Testing Activity Airport,Hertford,US
Boomerang Airport,Harris,US
Darr Field,High Point,US
Bradford Field,Huntersville,US
Elk River Airport,Banner Elk,US
Tusquittee Landing Airport,Hayesville,US
Stoneriver Airport,Statesville,US
Nocarva Airport,Macon,US
Deck Airpark,Apex,US
Lee Creek Airport,Aurora,US
Yorks Field,Ramseur,US
Boone Inc Airport,Boone,US
Raeford Rhyne Airpark,Statesville,US
Propst Airport,Concord,US
Aero Plantation Airport,Weddington,US
Charles Field,Dunn,US
Gold Hill Airport,Gold Hill,US
Long Island Airpark,Catawba,US
Lower Creek Airport,Lenoir,US
Meadstown Airstrip,Elizabeth City,US
Bradley Field,China Grove,US
Miller Air Park,Mooresville,US
Quiet Acres Airport,Thomasville,US
Rivercliff Airport,Clemmons,US
Miles Airport,Chapel Hill,US
Mouse And Snake Ranch Airport,North Wilkesboro,US
Cotton Gin Airport,Grandy,US
Mountain View Aerodrome,Reidsville,US
Enochville Airport,Kannapolis,US
Holeman Field,Roxboro,US
Piney Ridge Airport,Yadkinville,US
Bear Pen Airport,Supply,US
Barclaysville Field,Angier,US
Safe Field,Wallace,US
Boyd Field,Grimesland,US
Skyland Airport,Jefferson,US
Silver Creek Airport,Morganton,US
Jackson Private Airport,Atlantic,US
Deer Run Airport,Kittrell,US
Gryder-Teague Airport,Taylorsville,US
Alexander County Airport,Taylorsville,US
Nc61 Airport,Moyock,US
Robertson Field,Winston Salem,US
Barringer Field,Kannapolis,US
Yonder Airport,Atkinson,US
Ventosa Plantation Airport,Scotland Neck,US
Six Oaks Airport,Asheville,US
Rockin A Airfield,Parkton,US
Hinton Field,Princeton,US
Hodges Farm Airport,Sladesville,US
Causey Airport,Liberty,US
Schneider Haven Airstrip,Harmony,US
Rondo Airport,Tryon,US
Chalfant Airport,Concord,US
Cox Airport,Apex,US
Dublin Field,Dublin,US
Ellis Airport,Hobgood,US
Rocking A Farm Airport,White Oak,US
South River Airport,Salisbury,US
Dirt Dobber's Grass Strip,Shelby,US
Bagwell Airport,Garner,US
Aitutaki Airport,Aitutaki,CK
Enua Airport,Atiu Island,CK
Mangaia Island Airport,Mangaia Island,CK
Manihiki Island Airport,Manihiki Island,CK
Mauke Airport,Mauke Island,CK
Manuae Airport,Manuae,CK
Mitiaro Island Airport,Mitiaro Island,CK
Tongareva Airport,Penrhyn Island,CK
Rarotonga International Airport,Avarua,CK
Ricketyback Field,Aneta,US
Punton Private Airport,Absaraka,US
Bryn Airport,Dazey,US
Kadrmas Airport,Dickinson,US
Snyders Airport,Hazelton,US
Fordville Airport,Fordville,US
Simon Field,Hannover,US
Frei Private Airport,Halliday,US
Judy Strip,Glenburn,US
Stokka Airport,Sutton,US
Fischer Airport,Garrison,US
Prop Wash Field,Watford City,US
Gajewski Field,Alexander,US
Flying M Ranch Airport,Hatton,US
Lindemann Airport,Lucca,US
Sundre Airport,Minot,US
Blu Skyz Airport,Minot,US
Rau Field,Medina,US
Voller Airport,Strasburg,US
Warren Pietsch Airport,Sawyer,US
Flying S Ranch Airport,Minot,US
Underwood Airport,Underwood,US
Geske Airfield,Enderlin,US
Pueppke Airport,Ayr,US
Whitman Field,Robinson,US
Sperr Airport,Ypsilanti,US
Rustad Airport,White Shield,US
Gudgel Airport,Colfax,US
Douglas Portage Airport,Arvilla,US
Brands Airport,Taylor,US
Rue Ranch Airfield,Sheyenne,US
Vining Airport,Wheatland,US
Peterson Airport,Amenia,US
Smith Pvt Airport,Amenia,US
Pete's Tractor Salvage Airport,Anamoose,US
Y-Rock Airport,Ray,US
Allmaras Aviation Airport,New Rockford,US
Skaar Farm Airfield,New Rockford,US
Humann Private Airstrip,Hazelton,US
Peterson Airport,Grendra,US
Dahl Pvt Airport,Cogswell/Brampton/,US
Sauter Airport,Bismark,US
Cloud Nine Airport,Lincoln,US
Ellig Field,Hickson,US
Schutte Airport,Guide Rock,US
Woolf Brothers Airport,Lynch,US
Larrabee Farm Airport,Lamar,US
Center Creek Field,Franklin,US
Frontier Field,Maywood,US
Bernadt Airport,Steinauer,US
Clyde Airfield,Oxford,US
Bresette Airport,Gretna,US
Orr Field,North Platte,US
Treadway Air Airport,Ashland,US
Cavanaugh Airport,Minden,US
Olson Field,Holdrege,US
Arthur Municipal Airport,Arthur,US
Fehringer Aerodrome,Sidney,US
Sutton Airport,Chester,US
Werner Ranch Airfield,Anselmo,US
Aknux Airport,Prosser,US
Denton Airfield,Denton,US
Dream Field,Lincoln,US
Musiel Airport,Morse Bluff,US
Koinzan Airport,Elgin,US
Krause Airport,Ansley,US
Greeley Municipal Airport,Greeley,US
Koke Airport,Gretna,US
Dennys Playground Airport,Royal,US
Stuhlmiller Field,Alliance,US
Werner Airport,Valley,US
Thomas Airport,Liberty,US
Hershey Flying Service Field,Hershey,US
Roth Airport,Milford,US
Falk Air Field,Hoskins,US
Browns Airport,Weeping Water,US
Creekview Airport,Ewing,US
Kristijanto Airstrip,Dakota City,US
Kohles Airport,Norfolk,US
Mueller Field,Roca,US
Hausmann Airfield,Roca,US
Huffy's Airport,Spencer,US
Nolte Farms Airport,Murray,US
Boardman Airfield,Henderson,US
Jims Agri-Air Airport,Sutton,US
Bar Lazy B Airport,O'Neill,US
Thomsen Airport,Wymore,US
Frenchman Airport,Culbertson,US
Cicia Airport,Cicia,FJ
Ba Airport,Viti Levu Island,FJ
Nadi International Airport,Nadi,FJ
Malolo Lailai Island Airport,Malolo Lailai Island,FJ
Kaibu Island Airport,Kaibu Island,FJ
Vunisea Airport,Vunisea,FJ
Mana Island Airport,Mana Island,FJ
Moala Airport,Moala,FJ
Nausori International Airport,Nausori,FJ
Levuka Airfield,Bureta,FJ
Ngau Airport,Ngau,FJ
Laucala Island Airport,Laucala Island,FJ
Lakeba Island Airport,Lakeba Island,FJ
Labasa Airport,,FJ
Matei Airport,Matei,FJ
Koro Island Airport,Koro Island,FJ
Rotuma Airport,Rotuma,FJ
Savusavu Airport,Savusavu,FJ
Wakaya Island Airport,Wakaya Island,FJ
Ono-I-Lau Airport,Ono-I-Lau,FJ
Yasawa Island Airport,Yasawa Island,FJ
Kaufana Airport,Eua Island,TO
Fua'amotu International Airport,Nuku'alofa,TO
Lifuka Island Airport,Lifuka,TO
Mata'aho Airport,Angaha,TO
Kuini Lavenia Airport,Niuatoputapu,TO
Vava'u International Airport,Vava'u Island,TO
Vanua Balavu Airport,Vanua Balavu,FJ
Vatulele Airport,Vatulele,FJ
Abaiang Airport,Abaiang,KI
Beru Airport,Beru,KI
Funafuti International Airport,Funafuti,TV
Kuria Airport,Kuria,KI
Maiana Airport,Maiana,KI
Marakei Airport,Marakei,KI
Makin Island Airport,Makin Island,KI
Nikunau Airport,Nikunau,KI
Onotoa Airport,Onotoa,KI
Bonriki International Airport,Tarawa,KI
Abemama Atoll Airport,Abemama Atoll,KI
Tabiteuea North Airport,,KI
Tamana Island Airport,Tamana Island,KI
Nonouti Airport,Nonouti,KI
Arorae Island Airport,Arorae Island,KI
Tabiteuea South Airport,Tabiteuea South,KI
Butaritari Atoll Airport,Butaritari Atoll,KI
Buariki Airport,Buariki,KI
Cooper Farm Airport,Loudon,US
Brookline Airport,Brookline,US
Zim Airport,Mason,US
Chickville Airport,Center Ossipee,US
Avery Point Airport,Moultonborough,US
Mountain View Field,Wolfeboro,US
Dolittle Field,Albany,US
Frank D Comerford Airport,Walpole,US
Eagles Nest Airport,New London,US
Bradley Field,Woodstock,US
Huff Memorial Airport,New Boston,US
New Poverty Flats Airport,Chester,US
Winterwood Airport,Brentwood,US
Windsock Village Airport,West Ossipee,US
Mason Airfield,Mason,US
Steck Farm Airport,Pelham,US
Northwood Airport,Northwood,US
Intervale Airport,Henniker,US
Country Club Air Park,Goffstown,US
Wentworth Aerodrome,Wentworth,US
Niue International Airport,Alofi,NU
Matthews Airport,Belvidere,US
Coyle Field,Chatsworth,US
Warren Grove Range Airport,Burlington County,US
Hollingshead Airport,Clarksboro,US
Mar Bar L Farms Airport,Englishtown,US
The Landing Airport,Flemington,US
Cuddihy Landing Strip,Freehold,US
Malone Airport,Frenchtown,US
Eagles Lair Airport,Frenchtown,US
John E Rogers Airport,Great Meadows,US
Hop Brook Farm Airport,Holmdel,US
Salem Airfield,Salem,US
Goat Hill Airport,Lambertville,US
Hidden Acres Farm Airport,Bridgeton,US
Herr Brothers Airport,Milford,US
Countryman's Landing Strip,Carthage,US
Tom N' Jerry Airport,Danby,US
Sheeley's Farm Airport,High Falls,US
Eagle Ridge Airport,Burdett,US
Canaan Field,Corning,US
Hendricks Field,Gouverneur,US
August Field,Gansevoort,US
Potoczak Airport,Clarence Center,US
Old Forge Airport,Old Forge,US
Hedge Hop Field,Springville,US
Dawn Patrol Aviation Airport,Albion,US
Mariwill Airport,Moravia,US
Jerry Phibbs Airport,Albany,US
Luther Airport,Chittenango,US
Dodge/Coppola/Wheeler Airport,Sullivanville,US
Matejka Field,Erin,US
White Birch Airport,Hancock,US
Marcellus Airport,Marcellus,US
Henion Pvt Field,Ithaca,US
Match Mate Airport,Aurora,US
Lewis Landing Airport,Slate Hill,US
Merkle Airport,Clarence Center,US
Pointe Vele Airport,Futuna Island,WF
Hihifo Airport,Wallis Island,WF
Rancho Magdalena Airport,Magdalena,US
Biplane Ranch Airport,Moriarty,US
Grant Besley Airport,Taos,US
Cielo Dorado Estates Airport,Santa Teresa,US
Solo Ranch Airport,Deming,US
First Aero Squadron Airpark,Columbus,US
Tequesquite Ranch Airport,Albert,US
Thurmond Airport,Animas,US
Wedding Cake Ranch Airport,Clayton,US
Sacaton Airport,Buckhorn,US
Ray Ranch Airport,Roy,US
Eastside Airport,Chama,US
Porcupine Ridge Airport,Pie Town,US
Bell Ranch Waggoner Airport,Bell Ranch,US
Bell Ranch Headquarters Airport,Bell Ranch,US
Adobe Ranch Private Airport,Truth Or Consequences,US
Flying H Airport,Bosque,US
Happy Mountain Airport,Pie Town,US
Aero Tech Inc Airport,Clovis,US
2 X 4 Ranch Airport,Artesia,US
Esenada Airport,Ensenada,US
Chloride Airport,Chloride,US
San Miguel Ranch Airport,Las Vegas,US
Rainy Mesa Airstrip,Reserve,US
Whitewater Mesa Ranch Airport,Glenwood,US
Mystic Bluffs Airport,Ramah,US
Runway Bay Airport,Logan,US
Diamond A Ranch Airport,Animas,US
Poco Loco Airport,Pie Town,US
Casas Adobes Airpark,Mimbres,US
Rodeo Airport,Rodeo,US
Akin And Akin Airport,Mc Alister,US
Hacienda Sur Luna Airport,Columbus,US
Quemado Airport,Quemado,US
Industrial Airpark,Hobbs,US
G Bar F Ranch Airport,Capitan,US
Playas Air Strip,Playas,US
Skywagon Farm Airport,Bosque,US
Manzano Mtn Air Ranch Airport,Los Lunas,US
Amigos Del Cielo Airport,Rodeo,US
High Lonesome Airport,Fence Lake,US
Tierra De Dios Airport,Rowe,US
Murrow Field On The Divide Airport,Gavilan,US
Jordan Field,Mount Gilead,US
Southern Skies Airport,Taylorsville,US
Adams Airport,Rowland,US
Daghita Airport,Norlina,US
Raeford West Airport,Raeford,US
Hardaway Field,Burlington,US
Holly Ridge/Topsail Island Airport,Holly Ridge,US
Warf Airport,Reidsville,US
Suter Field,Trenton,US
Als Airport,Bethel,US
Laughing Crow Airpark,Cherryville,US
Hawks Nest Airport,Kenly,US
Soaring Q Ranch Airport,Salisbury,US
Blackhawk Field,Gold Hill,US
Barker Field,Linden,US
Johnson Field,Lillington,US
Carolina Bay Airport,Whiteville,US
Tobacco Road Airport,Carthage,US
Riviere Ranch Airport,Beaufort,US
Heavenly Acres Airport,Lawsonville,US
Ofu Airport,Ofu Village,AS
Asau Airport,Asau,WS
Faleolo International Airport,Apia,WS
Fagali'i Airport,Apia,WS
Fitiuta Airport,Fitiuta Village,AS
Maota Airport,Maota,WS
Pago Pago International Airport,Pago Pago,AS
Faa'a International Airport,Papeete,PF
Rurutu Airport,,PF
Tubuai Airport,,PF
Raivavae Airport,,PF
Anaa Airport,,PF
Fangatau Airport,,PF
Tikehau Airport,,PF
Apataki Airport,Apataki,PF
Reao Airport,,PF
Fakarava Airport,,PF
Hikueru Atoll Airport,Hikueru Atoll,PF
Manihi Airport,,PF
Totegegie Airport,,PF
Kaukura Airport,,PF
Makemo Airport,,PF
Napuka Island Airport,Napuka Island,PF
Tatakoto Airport,Tatakoto,PF
Puka Puka Airport,,PF
Pukarua Airport,Pukarua,PF
Aratika Airport,Aratika,PF
Marutea Airport,Auorotini,PF
Takapoto Airport,,PF
Arutua Airport,,PF
Mataiva Airport,,PF
Nukutavake Airport,Nukutavake,PF
Tureia Airport,,PF
Ahe Airport,Ahe Atoll,PF
Kauehi Airport,Kauehi,PF
Faaite Airport,,PF
Fakahina Airport,Fakahina,PF
Aratika Nord Airport,,PF
Takume Airport,Takume,PF
Niau Airport,Niau,PF
Raroia Airport,,PF
Takaroa Airport,,PF
Katiu Airport,Katiu,PF
Nuku Hiva Airport,,PF
Hiva Oa-Atuona Airport,,PF
Ua Pou Airport,Ua Pou,PF
Ua Huka Airport,Ua Huka,PF
Bora Bora Airport,Motu Mute,PF
Tetiaroa Airport,Tetiaroa,PF
Rangiroa Airport,,PF
Huahine-Fare Airport,Fare,PF
Moorea Airport,,PF
Hao Airport,,PF
Maupiti Airport,,PF
Raiatea Airport,Uturoa,PF
Mururoa Atoll Airport,Mururoa Atoll,PF
Vahitahi Airport,Vahitahi,PF
The Airport Club Airport,Pahrump,US
O'Toole Ranch Airport,Austin,US
Marys River Ranch Airport,Deeth,US
Soldier Meadow Nr 2 Airport,Gerlach,US
Soldier Meadow Nr 1 Airport,Gerlach,US
Ranch Irene Airport,Wells,US
Petan Ranch Airport,Mountain City,US
H Bar H Airport,Reno,US
I-L Ranch Airport,Tuscarora,US
Juniper Airport,Montello,US
Red Rock Ranch Airport,Elko,US
Circle L Ranch Airport,Dyer,US
Dixie Valley Airport,Fallon,US
Barker Creek Ranch Airstrip,Round Mountain,US
Farias Wheel Airport,Smith Valley,US
Nevada Airways Airport,Lovelock,US
New Farm Airport,Winnemucca,US
Pinenut Airport,Gardnerville,US
Swanson Ranch 3 Airport,Battle Mountain,US
Desert Rock Airport,Mercury,US
Pilot Creek Ranches Airport,Montello,US
16 Mile Road Airport,Winnemucca,US
Sweetwater (Usmc) Airport,Wellington,US
Hadley Airport,Round Mountain,US
Morris Ag Air Airport,Orovada,US
Red Owl Ranch Airport,Crescent Valley,US
Rolling Thunder Airport,Sparks,US
Desert Creek Airport,Wellington,US
Caas Airport,Pahrump,US
Willow Creek Trading Post Airport,Ely,US
Mota Lava Airport,Ablow,VU
Sola Airport,Sola,VU
Torres Airstrip,Loh/Linua,VU
Sangafa Airport,Sangafa,VU
Craig Cove Airport,Craig Cove,VU
Longana Airport,Longana,VU
Sara Airport,Pentecost Island,VU
Tavie Airport,Paama Island,VU
Lamap Airport,Lamap,VU
Lamen Bay Airport,Lamen Bay,VU
Naone Airport,Maewo Island,VU
Lonorore Airport,Lonorore,VU
Norsup Airport,Norsup,VU
Gaua Island Airport,Gaua Island,VU
Redcliffe Airport,Redcliffe,VU
Santo Pekoa International Airport,Luganville,VU
Tongoa Island Airport,Tongoa Island,VU
Ulei Airport,Ambryn Island,VU
Valesdir Airport,Valesdir,VU
Walaha Airport,Walaha,VU
Southwest Bay Airport,Malekula Island,VU
North West Santo Airport,Olpoi,VU
Anelghowhat Airport,Anelghowhat,VU
Aniwa Airport,Aniwa,VU
Dillon's Bay Airport,Dillon's Bay,VU
Futuna Airport,Futuna Island,VU
Ipota Airport,Ipota,VU
Forari Airport,Forari,VU
Lenakel Airport,Lenakel,VU
Quion Hill Airport,Quion Hill,VU
Port Vila Bauerfield Airport,Port Vila,VU
Tanna Airport,,VU
Tiga Airport,Tiga,NC
Bourail - Poe Airport,Bourail / Poe,NC
Ile Art - Waala Airport,Waala,NC
Kone Airport,Kone,NC
Ile des Pins Airport,Ile des Pins,NC
Voh Airport,Voh,NC
Nesson Airport,Houailou,NC
Koumac Airport,Koumac,NC
Lifou Airport,Lifou,NC
Noumea Magenta Airport,Noumea,NC
Edmond Cane Airport,Ile Ouen,NC
Poum Airport,Poum,NC
Mueo Airport,Mueo,NC
Mare Airport,Mare,NC
Plaine des Lacs Airport,Plaine des Lacs,NC
Oua Tom Airport,La Foa,NC
Touho Airport,Touho,NC
Ouvea Airport,Ouvea,NC
La Tontouta International Airport,Noumea,NC
Canala Airport,Canala,NC
Ouaco Airport,Ouaco,NC
Knowlesville Airport,Knowlesville,US
Mountain Top Airport,Davenport,US
Klenawicus Airfield,Shelter Island,US
Hogan Airport,Esperance,US
Gaines Valley Aviation Airport,Albion,US
Hurlbut Field,Canton,US
Duflo Airport,New Bremen,US
Lakestone Farm Airport,Macedon,US
Lakeville Airport,Lakeville,US
Oak Ridge Airport,East Palmyra,US
Adirondack Airpark Estates Airport,Plattsburgh,US
Neno Airport,Ithaca,US
Walls Airport,Elbridge,US
Nellis Field,Fort Plain,US
Mac Airport,Mohawk,US
Colonial Airport,Niagara Falls,US
Camillus Airport,Camillus,US
Sky-Ranch Airport,Herkimer,US
South Dayton Airport,South Dayton,US
Anthonson Airport,Jordan,US
Schuyler Airport,Watkins Glen,US
Rabbit Lane Airport,Phoenix,US
Hidden Hills Ranch Airport,Palmyra,US
Stanton Airport,New Paltz,US
Galway Airport,Galway,US
Hard Barn Cargas Farm Airport,Sinclairville,US
Pine View Airport,Clyde,US
Paradise Airport,Red Creek,US
Grace's Landing Airport,South Kortright,US
Mesmer Airport,Niagara Falls,US
Johnson Airport,Perth,US
Russell Airport,Canajoharie,US
M & M Airfield,Rome,US
Grund Field,Ithaca,US
Remsen City Airport,Remsen,US
Valenty Mierek Airport,Ava,US
Vasile Field,Beekmantown,US
Curtis Airport,Verona,US
Archdale Meadows Airport,Greenwich,US
The Pines Airport,Broadalbin,US
Lewis Field,Broadalbin,US
Richfield Airport,Richfield Springs,US
Scott's Sky Ranch Airport,Mount Morris,US
Poolsbrook Aerodrome,Manlius,US
Deer Run Airport,Coxsackie,US
Stol Performance Airport,Bennington,US
Neverland Airport,Cattaraugus,US
Naked Acres Airport,Rochester,US
Keysa Airport,Bliss,US
Alexander Farm Airport,East Schodack,US
Amsterdam Airfield,Fort Johnson,US
Hickory Acres Airport,Fort Plain,US
Goose Creek Airport,Jamestown,US
Smithfield Airport,Peterboro,US
Cochran Airport,Marathon,US
Old Rhinebeck Airport,Rhinebeck,US
Creekside Airport,Bloomfield,US
Mexico Airdrome Airport,Mexico,US
Northway Airport,Morrisonville,US
Palmer Station Airport,,AQ
Auckland International Airport,Auckland,NZ
Mount Tarawera Airport,Mount Tarawera,NZ
Matarangi Airport,,NZ
Alfredton Airport,Alfredton,NZ
Taupo Airport,Taupo,NZ
Ardmore Airport,Manurewa,NZ
Ashburton Aerodrome,,NZ
Balclutha Aerodrome,Balclutha,NZ
Centre Bush Aerodrome,Centre Bush,NZ
Christchurch International Airport,Christchurch,NZ
Chatham Islands-Tuuta Airport,Waitangi,NZ
Cromwell Racecourse Aerodrome,,NZ
Coromandel Aerodrome,,NZ
Dargaville Aerodrome,,NZ
Dunedin Airport,Dunedin,NZ
Dannevirke Aerodrome,,NZ
Wharepapa South Airport,,NZ
Forest Field Aerodrome,,NZ
Feilding Airport,Feilding,NZ
Franz Josef Aerodrome,,NZ
Foxpine Aerodrome,,NZ
Flat Point Aerodrome,,NZ
Galatea Airfield,,NZ
Great Barrier Aerodrome,Claris,NZ
Gore3 Airport,,NZ
Greymouth Airport,,NZ
Great Mercury Airport,,NZ
Gisborne Airport,Gisborne,NZ
Glentanner Airport,Glentanner Station,NZ
Glenorchy Airport,,NZ
Hawera Airport,Hawera,NZ
Auckland Hobsonville Airport,,NZ
Hokitika Airfield,,NZ
Hamilton International Airport,Hamilton,NZ
Lake Haupiri/Gloriavale Christian Community Airport,,NZ
Hanmer Springs Airport,,NZ
Hastings Airport,,NZ
Haast Aerodrome,,NZ
McMurdo Station Ice Runway,McMurdo Station,AQ
Kelly Field,,NZ
Motu Kaikoura Island Aerodrome,Kaikoura Island,NZ
Waiheke Reeve Airport,,NZ
Kaipara Flats Airport,,NZ
Kaikoura Airport,,NZ
Kerikeri Airport,Kerikeri,NZ
Karamea Airport,,NZ
Kaikohe Airport,,NZ
Kaitaia Airport,Kaitaia,NZ
Kowhai Aerodrome,,NZ
Limestone Downs Airport,Limestone Downs,NZ
Lake Station Airport,,NZ
Alexandra Airport,Alexandra,NZ
Matamata Glider Airport,,NZ
Mount Cook Airport,,NZ
Mercer1 PDZ Airport,,NZ
Milford Sound Airport,,NZ
Martins Bay Aerodrome,,NZ
Motueka Airport,,NZ
Molesworth Airport,Molesworth,NZ
Manapouri Airport,,NZ
Murchison Airport,Murchison,NZ
Hood Airport,Masterton,NZ
Martinborough Airport,Martinborough,NZ
Makarora Airstrip,,NZ
Matakana Island Airport,Matakana Island,NZ
North Shore Aerodrome,Dairy Flat,NZ
New Plymouth Airport,New Plymouth,NZ
Napier Airport,,NZ
Nelson Airport,Nelson,NZ
Invercargill Airport,Invercargill,NZ
Omarama Glider Airport,,NZ
RNZAF Base Ohakea,,NZ
Motiti Island Airport,Motiti Island,NZ
Omaka Blenheim Airport,Blenheim,NZ
Opotiki Airport,,NZ
Oamaru Airport,,NZ
Okiwi Station Airport,,NZ
Paihia Private Airport,,NZ
McMurdo Station Pegasus Field,McMurdo Station,AQ
Pudding Hill Aerodrome,,NZ
Parakai Aerodrome,,NZ
Pikes Point Airport,Pikes Point,NZ
Palmerston North Airport,,NZ
Picton Aerodrome,Picton,NZ
Porangahau Aerodrome,,NZ
Paraparaumu Airport,,NZ
Queenstown International Airport,Queenstown,NZ
Raglan Airfield,,NZ
Ryans Creek Aerodrome,Oban,NZ
Rangitata Island Airport,Rangitata Island,NZ
Rangitaiki Airfield,,NZ
Rotorua Regional Airport,Rotorua,NZ
Rangiora Airfield,Rangiora,NZ
Waiouru Airport,,NZ
Ruawai Aerodrome,,NZ
Roxburgh Aerodrome,,NZ
Stratford Airport,Stratford,NZ
Springhill Airport,,NZ
South Pole Station Airport,,AQ
Te Aroha Airfield,,NZ
Te Kowhai Airfield,,NZ
Tauranga Airport,Tauranga,NZ
Thames Aerodrome,,NZ
Taieri Airport,,NZ
Takaka Airport,,NZ
Tekapo Aerodrome,,NZ
Taumarunui Airport,,NZ
Turangi Airport,,NZ
Tokoroa Airfield,Tokoroa,NZ
Te Kuiti Airfield,Te Kuiti,NZ
Timaru Airport,,NZ
Te Anau Airport,,NZ
Pukaki Airport,Twitzel,NZ
Pauanui Beach Glider Airport,,NZ
Mandeville Aerodrome,,NZ
Taihape Airport,Taihape,NZ
Woodbourne Airport,Blenheim,NZ
Williams Field,McMurdo Station,AQ
Wanaka Airport,,NZ
Wellsford Airport,,NZ
Whakatane Airport,,NZ
West Melton Aerodrome,,NZ
Waimate Airport,,NZ
Wellington International Airport,Wellington,NZ
Wairoa Airport,Wairoa,NZ
RNZAF Base Auckland-Whenuapai,,NZ
Whangarei Airport,,NZ
Westport Airport,,NZ
Whitianga Airport,,NZ
Wanganui Airport,Wanganui,NZ
Waihi Beach Airport,,NZ
Waipukurau Airport,,NZ
Taildragger Airport,Cambridge,US
Rutter Airport,Arcadia,US
Hemlock Field,Rock Creek,US
Workman's Landing Airport,Mount Orab,US
Buena Vista Farm Airport,Morrow,US
Roxford Airport,Dennison,US
Lost Bridge Airport,North Bend,US
Clover Fields Airport,North Canton,US
Silent P Airport,West Jefferson,US
Bamiyan Airport,Bamiyan,AF
Bost Airport,Bost,AF
Chakcharan Airport,Chakcharan,AF
Darwaz Airport,Darwaz,AF
Farah Airport,Farah,AF
Faizabad Airport,Faizabad,AF
Khwahan Airport,Khwahan,AF
Herat Airport,,AF
Bagram Air Base,Bagram,AF
Jalalabad Airport,,AF
Kabul International Airport,Kabul,AF
Khojaghar Airport,Khojaghar,AF
Kandahar Airport,,AF
Khost Airport,Khost,AF
Maimana Airport,,AF
Mazar I Sharif Airport,,AF
Kron Monajn Airport,Kron Monajn,AF
Qala-I-Naw Airport,Qala-I-Naw,AF
Sharana Airstrip,Sharana,AF
Shindand Airport,,AF
Sheberghan Airport,,AF
Sheghnan Airport,Sheghnan,AF
Tarin Kowt Airport,Tarin Kowt,AF
Talolqan Airport,Taloqan,AF
Konduz Airport,,AF
Yangi Qala Airport,,AF
Yawan Airport,,AF
Camp Bastion Airport,,AF
Zaranj Airport,Zaranj,AF
Bahrain International Airport,Manama,BH
Sheik Isa Air Base,Sitrah,BH
Arfa Airport,,SA
Ras Khafji Airport,,SA
Al Lidem Airport,,SA
Al Kharj,,SA
Quz South Airport,,SA
Mecca East Airport,,SA
Al Kharj East Airport,,SA
Al Artawiyah South Airport,,SA
King Abdul Aziz Military Academy Airport,,SA
Hafar Al Atk Airport,,SA
Ghafah Airport,,SA
Khalfan Airport,,SA
Abu Ali Airport,,SA
Abha Regional Airport,Abha,SA
Al Ahsa Airport,,SA
Al Baha Airport,,SA
Bisha Airport,,SA
Abqaiq Airport,,SA
Batha Airport,Batha,SA
King Fahd International Airport,Ad Dammam,SA
Al Dawadmi Airport,Al Dawadmi,SA
King Abdulaziz Air Base,,SA
Jizan Regional Airport,Jizan,SA
Gassim Airport,,SA
Guriat Domestic Airport,,SA
Hail Airport,,SA
Harad Airport,Harad,SA
Hawtah Airport,,SA
Jubail Airport,Jubail,SA
King Faisal Naval Base,Jeddah,SA
King Abdulaziz International Airport,Jeddah,SA
King Khaled Military City Airport,King Khaled Military City,SA
King Khaled Air Base,,SA
Khurais Airport,,SA
Prince Mohammad Bin Abdulaziz Airport,Medina,SA
Nejran Airport,Nejran,SA
Neom Bay Airport,Neom Bay,SA
Nariya Airport,Nariya,SA
Hafr Al Batin Airport,Qaisumah,SA
Pump Station 3 Airport,,SA
Pump Station 6 Airport,,SA
Pump Station 9 Airport,,SA
Pump Station 10 Airport,,SA
Ipsa 3 Airport,,SA
Prince Sultan Air Base,,SA
Rabigh Airport,,SA
Rafha Domestic Airport,Rafha,SA
King Khaled International Airport,Riyadh,SA
Ras Mishab Airport,,SA
Arar Domestic Airport,Arar,SA
Red Sea International Airport,Hanak,SA
Ras Tanura Airport,,SA
Riyadh Air Base,Riyadh,SA
Shaibah Airport,,SA
Sharurah Airport,,SA
Al-Jawf Domestic Airport,Al-Jawf,SA
Sulayel Airport,,SA
Tabuk Airport,,SA
Taif Airport,,SA
Thumamah Airport,,SA
Ras Tanajib Airport,,SA
Turaif Domestic Airport,,SA
Udhailiyah Airport,,SA
Umm Lajj Airport,Umm Lejj,SA
Wadi Al Dawasir Airport,,SA
Al Wajh Domestic Airport,Al Wajh,SA
Yenbo Airport,,SA
Zilfi Airport,Zilfi,SA
3 Rivers Recreation Area Airport,Culver,US
Dunning Vineyards Airport,Corvallis,US
Rieben Airport,Banks,US
Table Rock Airport,Christmas Valley,US
Cove Side Ranch Port Airport,Cove,US
Mt Hope Airport,Lebanon,US
Fly By Night Airport,Ruch,US
Silvies Valley Ranch Airport,Seneca,US
Sage Ranch Airport,Sisters,US
Jim's Airstrip,Halsey,US
Bombay Farms Airport,Madras,US
Fairways Airport,Oregon City,US
Dry Creek Airpark,Prineville,US
Poverty Hollow Airport,Sheridan,US
Flying D Ranch Airport,Sutherlin,US
Firefly Ranch Airfield,White City,US
Muddy Creek Airport,Haines,US
The Green Trees Ranch Airport,Scio,US
Mc Kinnon Airpark,Sandy,US
Aeroacres Airport,Oregon City,US
Shady Cove Airpark,Shady Cove,US
Oregon Sky Ranch Airport,Milton/Freewater,US
Meyer Riverside Airpark,Tigard,US
Munson Airport,Junction City,US
Longview Ranch Airport,Kimberly,US
Napier Ranch Airport,Roseburg,US
Nace Family Airstrip,Glendale,US
Quail Field,Pendleton,US
Miss Kittys Strip,Amity,US
Bald Mountain Airport,Baker City,US
Greer Airport,Coburg,US
Country Twilight Airport,Corvallis,US
Cottonwood Creek Ranch Airport,Harper,US
Six Springs Ranch Airport,Madras,US
Jpm Airport,Monmouth,US
Wildhorse Valley Airport,Andrews,US
Shaniko Cattle Airport,Shaniko,US
Gilbert Airport,North Plains,US
Woodworth Airport,Madison,US
Sunset Strip,Marlboro,US
One Shot Airport,Howard,US
Old Hickory Airpark,Geneva,US
Minerva Airport,Minerva,US
Freefall Field,Sycamore,US
Flyers Park Airport,Newark,US
Horning Airport,Galion,US
Stoltzfus Airfield,Kidron,US
Donner Field,Leesburg,US
Petersburg Airport,Petersburg,US
Gray Airport,Alliance,US
Gustavus Airport,Cortland,US
Leis Airport,Ansonia,US
Riverside Airport,Zanesville,US
Blue Bird Airport,Belpre,US
Shannons Landing Airport,Radnor,US
Hawk's Nest Airport,Butler,US
Head Field,Galena,US
Schaney's Lair Airport,Brookville,US
Alliance Airport,Alliance,US
Kathamel Airport,Versailles,US
Rod's Sod Airport,Barlow,US
Warped Wing Airport,Johnstown,US
Gerker Airfield,Fort Jennings,US
Amanda Airport,Amanda,US
Jims Airport,Germantown,US
Hummel Airport,Germantown,US
Hickory Grove Airpark,Goshen,US
Obannon Creek Aerodrome,Goshen,US
Troy Skypark Airport,Troy,US
Lumberton Airport,Wilmington,US
Graham Farm Airport,Adams Mills,US
Colvin Airport,Bellevue,US
White Oak Field,Centerburg,US
Andrew J Ciechomski Memorial Airport,St Clairsville,US
Porter Airport,Hopewell,US
Darby Airport,Milford Center,US
La Rue Airport,Old Washington,US
Tailwheel Lane Airport,Circleville,US
Neals Airport,Mount Orab,US
Carcioppolo Field,Mantua,US
Berg Field,Findlay,US
Strable Landing Strip,Cecil,US
Garmcar Sw Airport,,IR
Wagner Airport,West Milton,US
Hibbetts Airport,Carrollton,US
Mahmudabad Airport,,IR
Firuzabad Airport,,IR
Mehtar Kalateh Airport,,IR
Bahregan Airport,,IR
Semnan New Airport,,IR
Gonbad Ghabus Airport,,IR
Ross Field,Greenfield,US
Lanker Airport,Mount Gilead,US
Stoney's Airport,Ravenna,US
Farpoint Airfield,Gratis,US
Hillview Airstrip,East Liberty,US
Hallelujah Field,Goshen,US
Far View Airport,Hiram,US
D A Chandler Airport,New London,US
Lyons Field,Jamestown,US
Scheibe Field,Wooster,US
Mc Kinney Field,Hamersville,US
Lockeridge Airport,Canton,US
Gorman Airport,Mansfield,US
Rataiczak Airport,Russell,US
Blackacre Farm Airport,Painesville,US
Germack Airport,Geneva,US
Marvin Thiel Field,Blakeslee,US
Williamson Airport,Cedarville,US
Mc Ardle Airport,Fostoria,US
Russ Airport,Jackson,US
Beam Farms Airport,Sabina,US
Ada Airport,Ada,US
Hammond Airport,Yellow Springs,US
Tank Airport,Cambridge,US
Abadan Airport,Abadan,IR
Dezful Airport,,IR
Aghajari Airport,Omidiyeh,IR
Gachsaran Airport,,IR
Shahid Asyaee Airport,,IR
Omidiyeh Airport,Omidiyeh,IR
Mahshahr Airport,,IR
Ahwaz Airport,Ahwaz,IR
Abumusa Island Airport,,IR
Bushehr Airport,Bushehr,IR
Bastak Airport,,IR
Asaloyeh Airport,Asaloyeh,IR
Jam Airport,Kangan,IR
Kish International Airport,Kish Island,IR
Bandar Lengeh Airport,Bandar Lengeh,IR
Borazjan Airport,Borazjan,IR
Persian Gulf International Airport,Asaluyeh,IR
Khark Island Airport,,IR
Sirri Island Airport,,IR
Lavan Island Airport,,IR
Baneh Airport,Baneh,IR
Shahid Ashrafi Esfahani Airport,Kermanshah,IR
Abdanan Airport,Abdanan,IR
Ghasre-Shirin Airport,Ghasre-Shirin,IR
Ilam Airport,Ilam,IR
Khoram Abad Airport,,IR
Sanandaj Airport,,IR
Aligoodarz Airport,,IR
Hesa Airport,Hesa,IR
Shahid Vatan Pour Air Base,,IR
Kashan Airport,,IR
Esfahan Shahid Beheshti International Airport,Isfahan,IR
Badr Air Base,Esfahan,IR
Shahrekord Airport,Shahrekord,IR
Zarrinshahr Airport,Zarrinshahr,IR
Sardar-e-Jangal Airport,Rasht,IR
Hamadan Airport,Hamadan,IR
Malayer Airport,Malayer,IR
Arak Airport,Araak,IR
Hamadan Air Base,Hamadan,IR
Ghazvin Azadi Airport,,IR
Kushke Nosrat Airport,,IR
Doshan Tappeh Air Base,,IR
Imam Khomeini International Airport,Tehran,IR
Ghale Morghi Airport,,IR
Mehrabad International Airport,Tehran,IR
Qazvin Airport,Qazvin,IR
Naja Airport,,IR
Payam Airport,,IR
Ghom Airport,Ghom,IR
Semnan Airport,Semnan,IR
Damghan Airport,,IR
Bandar Abbas International Airport,Bandar Abbas,IR
Baft Airport,,IR
Jiroft Airport,,IR
Kerman Airport,Kerman,IR
Bam Airport,,IR
Havadarya Airport,Havadarya,IR
Dayrestan Airport,,IR
Rafsanjan Airport,,IR
Sirjan Airport,,IR
Birjand Airport,Birjand,IR
Sarakhs Airport,Sarakhs,IR
Gonabad Airport,Gonabad,IR
Torbat-e Heydarieh Airport,Torbat-E-Heidarieh,IR
Shahroud Airport,,IR
Mashhad International Airport,Mashhad,IR
Bojnord Airport,Bojnord,IR
Sabzevar National Airport,Sabzevar,IR
Tabas Airport,Tabas,IR
Soga Airport,Soga,IR
Amol Airport,,IR
Babolsar Airport,Babolsar,IR
Kalaleh Airport,,IR
Gorgan Airport,Gorgan,IR
Behshahr Airport,,IR
Ghaem Shahr Airport,Ghaem Shahr,IR
Bishe Kola Air Base,Amol,IR
Mahmood Abad Airport,Mahmood Abad,IR
Noshahr Airport,,IR
Ramsar Airport,,IR
Dasht-e Naz Airport,Sari,IR
Abadeh Airport,Abadeh,IR
Darab Airport,Darab,IR
Fasa Airport,Fasa,IR
Jahrom Airport,,IR
Lar Airport,Lar,IR
Zargan Airport,Zargan,IR
Lamerd Airport,Lamerd,IR
Shiraz Shahid Dastghaib International Airport,Shiraz,IR
Yasouj Airport,,IR
Khoy Airport,Khoy,IR
Ardabil Airport,Ardabil,IR
Sahand Airport,Maragheh,IR
Parsabade Moghan Airport,Parsabad,IR
Urmia Airport,Urmia,IR
Saghez Airport,Saghez,IR
Tabriz International Airport,Tabriz,IR
Makou Airport,Makou,IR
Zanjan Airport,,IR
Bafgh Airport,Bafgh,IR
Shahid Sadooghi Airport,Yazd,IR
Zabol Airport,,IR
Konarak Airport,Chabahar,IR
Zahedan International Airport,Zahedan,IR
Iran Shahr Airport,,IR
Jask Airport,Jask,IR
Saravan Airport,,IR
Zarqa Airport,Zarqa,JO
Al Azraq / Al Shaheed Muwaffaq Salti Air Base,,JO
Queen Alia International Airport,Amman,JO
Amman-Marka International Airport,Amman,JO
Aqaba King Hussein International Airport,Aqaba,JO
Prince Hasan Air Base,,JO
King Hussein Air College,Mafraq,JO
Jacktown Airport,Jacktown,US
Skyhaven Airpark,Vera,US
Dick's Airport,Goldsby,US
Elgin's Stony Field,Elgin,US
Double R Ranch Airport,Vinta,US
Snake Creek Wilderness Airport,Cookson,US
Djs Airport,Lawton,US
Hill Top Airport,Lawton,US
Canadian River Corrientes Airport,Hinton,US
Ksa Orchards Airport,Comanche,US
Jones Farm Field,Walters,US
Walker Family Farm Airport,Mountain Park,US
Avian Country Estates Airport,Oolagah,US
Flying E Ranch Airport,Caney,US
Bass Aero Airport,Ardmore,US
Sageeyah Airfield,Claremore,US
Longs North Airport,Pryor,US
Taliaferro Field,Ardmore,US
Colby Field,Lone Grove,US
Cherokee Ranch Airport,Haskell,US
Mcdaniel Aviation Airport,Ravia,US
Travis Airport,Marietta,US
Thunderbird Landing Airport,Norman,US
Gustafson Airport,Sallisaw,US
Duckcreek Airport,Mounds,US
Dog Iron Ranch Airport,Oologah,US
Judy Ranch Airport,Forgan,US
Double H Ranch Airport,Rush Springs,US
Lariat Ranch Airport,Talala,US
Logsdon Ranch Airport,Alva,US
Mc Crays Airport,Manchester,US
Miller Brothers Airport,Manchester,US
Higgs Airport,Burneyville,US
Flysooner Field,Beggs,US
Enix Airport,Hennessey,US
May Ranch Airport,Alva,US
Bost Ranch Airport,Luther,US
Sopwith Ldg Airport,Lexington,US
Bluestem Airport,Collinsville,US
Wolf Mountain Airport,Poteau,US
Drifting G Ranch Airport,Chickasha,US
Strader Ranch Airport,Ardmore,US
Green Valley Farms Airport,Lexington,US
Cottonwood Airport,Stillwater,US
Ramsak Airport,Duncan,US
6B Airfield,Bokchito,US
Malinchak Pvt Airport,Bristow,US
Niles Canyon Ranch Airport,Hinton,US
Tlc Airport,Carrier,US
Trust Landing Airport,Chester,US
Mound Valley Farm Airport,Hydro,US
Delozier Airport,Chelsea,US
Brown Airstrip,Marlow,US
Scottys Field,Altus,US
Big Creek Ranch Airstrip,South Coffeyville,US
L&L Airport,Marlow,US
Rocket Ranch Airport,Duncan,US
Malcom Farm Airport,Marlow,US
Airman Acres Airport,Collinsville,US
Sandridge Airpark Inc Airport,Collinsville,US
Disney Airport,Disney,US
Ives Airport,Wellston,US
Ketchum Ranch Airport,Duncan,US
Lynn Airfield,Burns Flat,US
Sheridan Field,Drummond,US
Ahmed Al Jaber Air Base,Ahmed Al Jaber AB,KW
Ali Al Salem Air Base,,KW
Udairi Army Air Field,Camp Buehring,KW
Kuwait International Airport,Kuwait City,KW
West Buttercreek Airport,Echo,US
Ledford Farm Airport,Nida,US
Skydive Oregon Airport,Molalla,US
Waters Boone Airport,Hydro,US
Red Rock South Airport,Perry,US
Flying D Airport,Watonga,US
Kourtis Family Farm Airport,Skiatook,US
Whitehorn Cove Airport,Wagoner,US
Jirik Field,Cashion,US
Ronka Rhey Airport,Luther,US
Eagle Chief Airport,Cleo Springs,US
Goaround Airport,Boswell,US
Faith Field,Marietta,US
Cedar & Sky Fly In Ranch Airport,Geary,US
Echo Mountain Airfield,Elgin,US
Flying S Ranch Airport,Wanette,US
Red Baron Ranch Airport,Coweta,US
Flat Rock Field,Chouteau,US
Aviation Acres Airport,Mounds,US
Trophy Ridge Airport,Pawhuska,US
Cooper Coles Ranch Airport,Connerville,US
Bratton Airport,Poteau,US
Midway Airport,Stroud,US
Patti Air Strip,Cushing,US
Lobo Field,Calvin,US
Semper Fi Lndg Airport,Spiro,US
Porter Airport,Retrop,US
Reed Aero Airport,Erick,US
Hallum Ranch Airport,Wewoka,US
Wingit Airport,Haskell,US
Walnut Creek Landing Airport,Blanchard,US
Rivercamp Airport,Carter,US
Blackberry Hill Airport,Perkins,US
Gk Edwards Airport,Guthrie,US
Stol In Airport,Catoosa,US
B&S Ranch Airport,Bristow,US
Skyroads Airport,Ninnekah,US
Lookout Airport,Homer,US
Beirut Rafic Hariri International Airport,Beirut,LB
Rene Mouawad Air Base,Tripoli,LB
Rayak Air Base,Rayak,LB
Abu Dhabi International Airport,Abu Dhabi,AE
Buhasa Airport,Buhasa,AE
Al Bateen Executive Airport,Abu Dhabi,AE
Futaysi Airport,Al Futaysi,AE
Kizad Airport,Kizad,AE
Al Hamra Airport,Al Shuweehat,AE
Jebel Dhana Airport,Jebel Dhana,AE
Al Ain International Airport,Al Ain,AE
Abu Dhabi-Al Dhafra AB Airport,Al Bihouth,AE
Qarnayn Airport,Qarnayn Island,AE
Arzanah Airport,Arzanah,AE
Das Island Airport,Das Island,AE
Zirku Airport,Zirku Island,AE
Sir Bani Yas Airport,Sir Bani Yas,AE
Dubai International Airport,Dubai,AE
Delma Airport,Delma,AE
Al Minhad Air Base,Dubai,AE
Al Maktoum International Airport,Jebel Ali,AE
Fujairah International Airport,,AE
Liwa Airport,Al Bday'ah,AE
Ras Al Khaimah International Airport,Ras Al Khaimah,AE
Al Saqr Field,,AE
Sharjah International Airport,Sharjah,AE
Umm Al Quwain,,AE
Adam Airport,Adam,OM
Buraimi Airport,Buraimi,OM
Duqm International Airport,Duqm,OM
Fahud Airport,Fahud,OM
Firq Air Base,Firq,OM
Qarn Alam Airport,Ghaba,OM
Haima Airport,Haima,OM
Ibra Airport,Ibra,OM
Izki Air Base,Izki,OM
Khasab Air Base,Khasab,OM
Lekhwair Airport,,OM
Masirah Air Base,Masirah,OM
Muscat International Airport,Muscat,OM
Marmul Airport,Marmul,OM
Rustaq Airport,Al Muladdah,OM
Salalah Airport,Salalah,OM
Sohar Airport,Sohar,OM
Saiq Airport,Saiq,OM
Sur Airport,Sur,OM
Thumrait Air Base,Thumrait,OM
Yibal Airport,Yibal Oilfield,OM
Thar Airport,Chuchra,PK
Mir Baz Airport,Mir Baz,PK
Mad Jamu Airport,Mad Jamu Kholelan,PK
Belab Airport,Belab,PK
Ouzkani Airport,Khandor,PK
Khorewah Airport,Khorewah,PK
Dadu West Airport,Dadu,PK
Kot Addu Airport,Kot  Addu,PK
Chashma Airport,Kundian,PK
Jam Nida Northwest Airport,Jam Nida,PK
Chandhar Airport,Hafizabad,PK
Velhari Airport,Velhari,PK
Rajanpur Airport,Rajanpur,PK
Thal Airport,Thal,PK
Gurha Salim Airport,Gurha Salim,PK
Khewra Airport,Khewra,PK
Rahwali Airport,Rahwali,PK
Dhingar Airport,Dhingar,PK
Kashmor Airport,Kashmor,PK
Khairpur Airport,Khairpur,PK
Kandhkot Airport,Kandhkot,PK
Nok Kundi Airport,Nok Kundi,PK
Juzzak Airport,Juzzak,PK
Robray Airport,,PK
Pano Aqil Southeast Airport,Pano Aqil,PK
Abbottabad Airport,Abbottabad,PK
Bhagatanwala Airport,Bhagatanwala,PK
Bela Airport,Khan Bela,PK
Bannu Airport,Bannu,PK
Bahawalnagar Airport,Bahawalnagar,PK
Bahawalpur Airport,Bahawalpur,PK
Chitral Airport,Chitral,PK
Chilas Airport,Chilas,PK
Chirat Airport,Nowshera,PK
Dalbandin Airport,Dalbandin,PK
Dadu Airport,Dadu,PK
Dera Ghazi Khan Airport,Dera Ghazi Khan,PK
Dera Ismael Khan Airport,Dera Ismael Khan,PK
Daharki Airport,Daharki,PK
Faisalabad International Airport,Faisalabad,PK
Gwadar International Airport,Gwadar,PK
Gilgit Airport,Gilgit,PK
Islamabad International Airport,Islamabad,PK
Shahbaz Air Base,Jacobabad,PK
Jiwani Airport,Jiwani,PK
Cape Monz Airport,Cape Monz,PK
Jinnah International Airport,Karachi,PK
Hyderabad Airport,Hyderabad,PK
Chore Airport,Chore,PK
Gharo Airport,Gharo,PK
Khuzdar Airport,Khuzdar,PK
Korangi Creek Airport,Karachi,PK
Kalat Airport,Kalat,PK
Kharan Airport,Kharan,PK
Kohat Airport,Kohat,PK
Kadanwari Airport,Kadanwari,PK
Alama Iqbal International Airport,Lahore,PK
Walton Airport,Walton,PK
Loralai Airport,Loralai,PK
Mangla Airport,Mangla,PK
Muzaffarabad Airport,Muzaffarabad,PK
Mianwali Air Base,Mianwali,PK
Moenjodaro Airport,Moenjodaro,PK
Mirpur Khas Air Base,Mirpur Khas,PK
Miram Shah Airport,Miram Shah,PK
Sindhri Tharparkar Airport,Sindhri,PK
Masroor Air Base,Karachi,PK
Minhas Air Base,Kamra,PK
Multan International Airport,Multan,PK
Nawabshah Airport,Nawabash,PK
Nushki Airport,Nushki,PK
Okara Cantonment Airstrip,Okara,PK
Ormara Airport,Ormara Raik,PK
Parachinar Airport,Parachinar,PK
Panjgur Airport,Panjgur,PK
Pasni Airport,Pasni,PK
Pishin Airport,Pishin,PK
Peshawar International Airport,Peshawar,PK
Qasim Airport,Qasim,PK
Quetta International Airport,Quetta,PK
Shaikh Zaid Airport,Rahim Yar Khan,PK
Nur Khan Air Base,Rawalpindi,PK
Rafiqui Air Base,Shorkot,PK
Risalpur Air Base,Risalpur,PK
Rawalakot Airport,Rawalakot,PK
Sibi Airport,Sibi,PK
Skardu Airport,Skardu,PK
Faisal Air Base,Karachi,PK
Sukkur Airport,Mirpur Khas,PK
Sehwan Sharif Airport,Sehwan Sharif,PK
Shekhupura Airport,Shekhupura,PK
Mushaf Air Base,Sargodha,PK
Saidu Sharif Airport,Saidu Sharif,PK
Sialkot Airport,Sialkot,PK
Sui Airport,Sui,PK
Sahiwal Airport,Sahiwal,PK
Tarbela Dam Airport,Tarbela,PK
Talhar Airport,Badin,PK
Taftan Airport,Taftan,PK
Turbat International Airport,Turbat,PK
Wana Airport,Waana,PK
Zhob Airport,Fort Sandeman,PK
Flying K Ranch Airport,Beaverton,US
Temperance Creek Usfs Airport,Imnaha,US
Redtail Ranch Airstrip,Union,US
Kennel Airstrip,Bend,US
Flying M Airport,Yamhill,US
Snider Creek Airport,Medford,US
Weddle Field,Long Creek,US
Barton Lake Ranch Airport,Diamond,US
Whitehorse Ranch Airport,Fields,US
Roaring Springs Ranch Airport,Frenchglen,US
Jensens Strip,Haines,US
Oxbow Airport,Homestead,US
Wiley Creek Airport,Dayville,US
Juntura Airport,Juntura,US
Black Bull Spring Ranch Airport,Arock,US
Oxbow Ranch Airport,Prairie City,US
Hemmingson Airport,Albany,US
Miller Airstrip,Albany,US
Roppair Airport,Albany,US
Karpens Airport,Astoria,US
Flying E Airport,Aumsville,US
Chadwick Airport,Banks,US
Harvey's Acres Airport,Beaverton,US
Wild Billy Airport,Beatty,US
D M Stevenson Ranch Airport,Bend,US
Sohler's Holly Hill Airport,Hillsboro,US
Hooks Strip,Burns,US
Whippet Field,Sisters,US
Flying K Bar J Ranch Airport,Boring,US
Western Helicopter Services Airport,Brooks,US
Flying Tom Airport,Corvallis,US
Dietz Airpark,Canby,US
Workman Airpark,Canby,US
Agape Farm Airport,Prineville,US
Grave-King Airport,Rogue River,US
West Point Airport,Coburg,US
Ajax Airport,Condon,US
Strauch Field,Junction City,US
Placer Airport,Grants Pass,US
Lehman Field,Corbett,US
Gillette Field,Scio,US
Venell Airport,Corvallis,US
Wapinitia Airport,Wapinitia,US
Winn Airport,Corvallis,US
Walker Airport,Creswell,US
Trivelpiece Airport,Yamhill,US
Chamberlain Airport,Medford,US
Apple Valley Airport,Buxton,US
Cache Creek Usfs Airport,Lewiston,US
Eagle Nest Ranch Airport,Estacada,US
Beaver Oaks Airport,Estacada,US
Mitchell Field,Albany,US
Pine Valley Airport,Halfway,US
Morgan's Airport,Ballston,US
Fly Jla Airport,Boring,US
Winkle Bar Airport,Grants Pass,US
Cider Run Airport,Estacada,US
Beggs Airstrip,Aumsville,US
Daniels Field Llc Airport,Harrisburg,US
Fallen Rock Airport,Redmond,US
Stonebrink Airport,Lostine,US
Olinger Airpark,Hillsboro,US
Pair-A-Dice Airport,Albany,US
Pearson Airstrip,Prineville,US
Hideaway Airport,Prineville,US
Gilmour Ag Air Airport,Jefferson,US
Blue Skies Farm Airport,Salem,US
Valley View Airport,Estacada,US
Kinzua Airport,Kinzua,US
Lafayette Airstrip,Lafayette,US
K2 Airport,Echo,US
J & J Airport,Brownsville,US
Vineyard Airport,Mc Coy,US
Beagle Sky Ranch Airport,Medford,US
Al Asad Air Base,Hit,IQ
Al Taqaddum Air Base,Al Habbaniyah,IQ
Bamarni Airport,Bamarni,IQ
Balad Southeast Air Base,Balad,IQ
Baghdad International Airport,Baghdad,IQ
Mosul International Airport,Mosul,IQ
Bashur Airfield,Bashur,IQ
Erbil International Airport,Arbil,IQ
Kirkuk Air Base,Kirkuk,IQ
Basrah International Airport,Basrah,IQ
Al Najaf International Airport,Najaf,IQ
Qayyarah West Airport,Qayyarah,IQ
Al Sahra Army Air Field,Tikrit,IQ
Sulaymaniyah International Airport,Sulaymaniyah,IQ
Tall Afar Army Air Field,Tall Afar,IQ
Al Taji Army Air Field,Taji,IQ
Ali Air Base,Nasiriyah,IQ
Ubaydah Bin Al Jarrah Airport,Al Cut,IQ
Umm Qasr Airport,,IQ
Hamah Air Base,,SY
Tabqa Airport,,SY
Dumayr Air Base,,SY
Jirah Air Base,,SY
Marj Ruhayyil Air Base,Marj Ruhayyil,SY
Shayrat Air Base,Shayrat,SY
Rasin El Aboud Airport,,SY
Mezze Airport,,SY
Saiqal Air Base,Saiqal,SY
Al Al Airport,,SY
Aleppo International Airport,Aleppo,SY
Damascus International Airport,Damascus,SY
Deir ez-Zor Airport,Deir ez-Zor,SY
Kamishly Airport,Kamishly,SY
Bassel Al-Assad International Airport,Latakia,SY
Palmyra Airport,,SY
Doha International Airport,Doha,QA
Al Udeid Air Base,Ar Rayyan,QA
Al Khawr Airport,Al Khawr,QA
Hamad International Airport,Doha,QA
Canoxy Airport,,YE
Aden International Airport,Aden,YE
Abs Airport,Abs,YE
Ataq Airport,,YE
Al Badie Airport,,YE
Al-Bayda Airport,Al-Bayda,YE
Beihan Airport,,YE
Al-Bough Airport,Al-Bough,YE
Al Ghaidah International Airport,,YE
Hodeidah International Airport,Hodeida,YE
Kamaran Airport,Kamaran,YE
Mareb Airport,Mareb,YE
Qishn Airport,Qishn,YE
Mukalla International Airport,Riyan,YE
Barat Airport,Barat,YE
As Salif Airport,As Salif,YE
Sadah Airport,Sadah,YE
Sana'a International Airport,Sana'a,YE
Socotra International Airport,Socotra Islands,YE
Sayun International Airport,Sayun,YE
Ta'izz International Airport,Ta'izz,YE
Al-Hazm Airport,Al-Hazm,YE
Merrys Pymatuning Airport,Linesville,US
Dillen Personal Airport,Mc Kean,US
Jj & Pk Airport,Greencastle,US
West Middlesex Airport,West Middlesex,US
Cuatros Vientos Airport,Quaker City,US
Rover Airport,Annville,US
Lars/Private Airport,Athens,US
Area 52 Airport,Bally,US
Stefanik Airport,Bedminster,US
Benton Airport,Benton,US
Black Landing Field,Linglestown,US
Logue Field,Bodines,US
Cloudbound Airport,Gettysburg,US
Mountain Bay Air Park Inc Airport,Greentown,US
Bowtie Airport,Biglerville,US
Oberlander Airport,Union City,US
Cosklos Elkview Airport,Carbondale,US
Kellachows Airport,Carbondale,US
Brokenstraw Airport,Pittsfield,US
Rocktop Airport,Chambersburg,US
Kunda Airport,Collegeville,US
Fetters Construction Airport,Downingtown,US
Dwight's Delight Airport,Dushore,US
Circle W Airfield,East Berlin,US
Gusler Airport,Elizabethville/Halifax,US
Baker Airport,Elkland,US
Erwinna Private Airport,Erwinna,US
5 Lakes Airport,Fayetteville,US
Level Acres Farm Airport,Thomasville,US
Nemacolin Airport,Farmington,US
Blue Mountain Academy (Pvt) Airport,Hamburg,US
Atmautluak Airport,Atmautluak,US
Pilot Station Airport,Pilot Station,US
Point Thomson Airstrip,Deadhorse,US
Ouzinkie Airport,Ouzinkie,US
Minto Al Wright Airport,Minto,US
Chandalar Shelf Airport,Chandalar Camp,US
Kantishna Airport,Kantishna,US
Tuntutuliak Airport,Tuntutuliak,US
Atka Airport,Atka,US
Port Moller Airport,Cold Bay,US
Driftwood Bay Air Force Station Airport,Dutch Harbor,US
Gold King Creek Airport,Fairbanks,US
Lake Louise Airport,Lake Louise,US
"Warren ""Bud"" Woods Palmer Municipal Airport",Palmer,US
Birch Creek Airport,Birch Creek,US
Stebbins Airport,Stebbins,US
Casco Cove Cgs Airport,Attu,US
Nunam Iqua Airport,Nunam Iqua,US
Ekwok Airport,Ekwok,US
Nanwalek Airport,Nanwalek,US
Chitina Airport,Chitina,US
Chicken Airport,Chicken,US
Barter Island Airport,Barter Island,US
Bethel Airport,Bethel,US
Beluga Airport,Beluga,US
Allen Army Air Field,Delta Junction Ft Greely,US
Buckland Airport,Buckland,US
Big Mountain Airport,Big Mountain,US
Badami Airport,Deadhorse,US
Wiley Post-Will Rogers Memorial Airport,Utqiagvik,US
Bettles Airport,Bettles,US
Bullen Point Air Force Station Airport,Kaktovik,US
Birchwood Airport,Birchwood,US
Cold Bay Airport,Cold Bay,US
Central Airport,Central,US
Chuathbaluk Airport,Chuathbaluk,US
Chalkyitsik Airport,Chalkyitsik,US
Crooked Creek Airport,Crooked Creek,US
Chefornak Airport,Chefornak,US
Clear Airport,Clear,US
Scammon Bay Airport,Scammon Bay,US
Circle City Airport,Circle,US
Cape Sarichef Airport,Cape Sarichef,US
Merle K (Mudhole) Smith Airport,Cordova,US
Coldfoot Airport,Coldfoot,US
Cape Romanzof Lrrs Airport,Cape Romanzof,US
Deering Airport,Deering,US
Red Dog Airport,Red Dog,US
Adak Airport,Adak Island,US
Dillingham Airport,Dillingham,US
Marshall Don Hunter Sr Airport,Marshall,US
Kodiak Airport,Kodiak,US
Unalaska Airport,Unalaska,US
Kongiganak Airport,Kongiganak,US
Elmendorf Afb Airport,Anchorage,US
Eek Airport,Eek,US
Eagle Airport,Eagle,US
Cape Newenham Lrrs Airport,Cape Newenham,US
Eielson Afb Airport,Fairbanks,US
Emmonak Airport,Emmonak,US
Kenai Municipal Airport,Kenai,US
Mertarvik Airport,Mertarvik,US
Fairbanks International Airport,Fairbanks,US
Ladd Army Air Field,Fairbanks/Ft Wainwright,US
Kake Airport,Kake,US
Tin Creek Airport,Farewell Lake,US
Ambler Airport,Ambler,US
Bryant Army Air Field,Fort Richardson (Anchorage),US
Nikolai Airport,Nikolai,US
Edward G Pitka Sr Airport,Galena,US
Galbraith Lake Airport,Galbraith Lake,US
Kwigillingok Airport,Kwigillingok,US
Shungnak Airport,Shungnak,US
Gulkana Airport,Gulkana,US
Golovin Airport,Golovin,US
Gambell Airport,Gambell,US
Angoon Seaplane Base,Angoon,US
Big Lake Airport,Big Lake,US
Gustavus Airport,Gustavus,US
Nightmute Airport,Nightmute,US
Grayling Airport,Grayling,US
Skagway Airport,Skagway,US
Granite Mountain Air Station,Granite Mountain,US
Holy Cross Airport,Holy Cross,US
Huslia Airport,Huslia,US
Haines Airport,Haines,US
Homer Airport,Homer,US
Hooper Bay Airport,Hooper Bay,US
Hughes Airport,Hughes,US
Healy River Airport,Healy,US
Shageluk Airport,Shageluk,US
Igiugig Airport,Igiugig,US
Egegik Airport,Egegik,US
Bob Baker Memorial Airport,Kiana,US
Iliamna Airport,Iliamna,US
Indian Mountain Lrrs Airport,Utopia Creek,US
Mc Kinley Ntl Park Airport,Mckinley Park,US
Wales Airport,Wales,US
Chignik Airport,Chignik,US
Juneau International Airport,Juneau,US
Koliganek Airport,Koliganek,US
Tatitlek Airport,Tatitlek,US
Kodiak Municipal Airport,Kodiak,US
False Pass Airport,False Pass,US
Akhiok Airport,Akhiok,US
Kipnuk Airport,Kipnuk,US
Koyuk Alfred Adams Airport,Koyuk,US
Kulik Lake Airport,Kulik Lake,US
King Salmon Airport,King Salmon,US
Nikolski Air Station,Nikolski,US
Anaktuvuk Pass Airport,Anaktuvuk Pass,US
Ketchikan International Airport,Ketchikan,US
Ugnu-Kuparuk Airport,Kuparuk,US
Kaltag Airport,Kaltag,US
Klawock Airport,Klawock,US
Wilder Runway Airport,Port Alsworth,US
Karluk Airport,Karluk,US
Larsen Bay Airport,Larsen Bay,US
Kalskag Airport,Kalskag,US
Lake Hood Airport,Anchorage,US
Alpine Airstrip,Nuiqsut,US
Chandalar Lake Airport,Chandalar Lake,US
Tuluksak Airport,Tuluksak,US
Cape Lisburne Lrrs Airport,Cape Lisburne,US
Manokotak Airport,Manokotak,US
Mc Grath Airport,Mc Grath,US
Middleton Island Airport,Middleton Island,US
Minchumina Airport,Minchumina,US
St Michael Airport,St Michael,US
Manley Hot Springs Airport,Manley Hot Springs,US
Mountain Village Airport,Mountain Village,US
Merrill Field,Anchorage,US
Mccarthy Airport,Mccarthy,US
Mekoryuk Airport,Mekoryuk,US
Napakiak Airport,Napakiak,US
Ted Stevens Anchorage International Airport,Anchorage,US
Aniak Airport,Aniak,US
Nenana Municipal Airport,Nenana,US
Nondalton Airport,Nondalton,US
Annette Island Airport,Annette,US
Nulato Airport,Nulato,US
Anvik Airport,Anvik,US
New Stuyahok Airport,New Stuyahok,US
Kobuk Airport,Kobuk,US
Portage Creek Airport,Portage Creek,US
Hoonah Airport,Hoonah,US
Nome Airport,Nome,US
Toksook Bay Airport,Toksook Bay,US
Northway Airport,Northway,US
Ralph Wien Memorial Airport,Kotzebue,US
Nelson Lagoon Airport,Nelson Lagoon,US
St George Airport,St George,US
Port Clarence Cgs Airport,Port Clarence,US
Perryville Airport,Perryville,US
Petersburg James A Johnson Airport,Petersburg,US
Port Heiden Airport,Port Heiden,US
Napaskiak Airport,Napaskiak,US
Platinum Airport,Platinum,US
Pilot Point Airport,Pilot Point,US
Point Hope Airport,Point Hope,US
Prospect Creek Airport,Prospect Creek,US
Quinhagak Airport,Quinhagak,US
Nuiqsut Airport,Nuiqsut,US
Arctic Village Airport,Arctic Village,US
Russian Mission Airport,Russian Mission,US
Ruby Airport,Ruby,US
Savoonga Airport,Savoonga,US
Deadhorse Airport,Deadhorse,US
Sand Point Airport,Sand Point,US
Shishmaref Airport,Shishmaref,US
Sitka Rocky Gutierrez Airport,Sitka,US
Selawik Airport,Selawik,US
Sleetmute Airport,Sleetmute,US
St Mary's Airport,St Mary'S,US
St Paul Island Airport,St Paul Island,US
Seldovia Airport,Seldovia,US
Sheep Mountain Airport,Sheep Mountain,US
Summit Airport,Summit,US
Sparrevohn Lrrs Airport,Sparrevohn,US
Skwentna Airport,Skwentna,US
Soldotna Airport,Soldotna,US
Eareckson Air Station,Shemya,US
Ralph M Calhoun Memorial Airport,Tanana,US
Tin City Lrrs Airport,Tin City,US
Teller Airport,Teller,US
Togiak Airport,Togiak Village,US
Talkeetna Airport,Talkeetna,US
Tatalina Lrrs Airport,Takotna,US
Taylor Mountain Airport,Taylor Mountain Mine,US
Atqasuk Edward Burnell Sr Memorial Airport,Atqasuk,US
Cantwell Airport,Cantwell,US
Alakanuk Airport,Alakanuk,US
Umiat Airport,Umiat,US
Unalakleet Airport,Unalakleet,US
Willow Airport,Willow,US
Akutan Airport,Akutan,US
Chevak Airport,Chevak,US
King Cove Airport,King Cove,US
Valdez Pioneer Field,Valdez,US
Venetie Airport,Venetie,US
Kivalina Airport,Kivalina,US
Beaver Airport,Beaver,US
Seward Airport,Seward,US
Wrangell Airport,Wrangell,US
Wainwright Airport,Wainwright,US
White Mountain Airport,White Mountain,US
Noatak Airport,Noatak,US
Whittier Airport,Whittier,US
Wasilla Airport,Wasilla,US
Wainwright Air Station,Wainwright,US
Paxson Airport,Paxson,US
Yakutat Airport,Yakutat,US
Canton Airport,Abariringa,KI
Akiak Airport,Akiak,US
Allakaket Airport,Allakaket,US
Chenega Bay Airport,Chenega,US
Clarks Point Airport,Clarks Point,US
Donlin Creek Airport,Crooked Creek,US
Elim Airport,Elim,US
Kasigluk Airport,Kasigluk,US
Kokhanok Airport,Kokhanok,US
Kotlik Airport,Kotlik,US
Brevig Mission Airport,Brevig Mission,US
Koyukuk Airport,Koyukuk,US
Kwethluk Airport,Kwethluk,US
Rampart Airport,Rampart,US
Robert/Bob/Curtis Memorial Airport,Noorvik,US
Shaktoolik Airport,Shaktoolik,US
Stevens Village Airport,Stevens Village,US
Tok Junction Airport,Tok,US
South Naknek Nr 2 Airport,South Naknek,US
Fort Yukon Airport,Fort Yukon,US
Akiachak Airport,Akiachak,US
Benjamin Taisacan Manglona International Airport,Rota Island,MP
Francisco C Ada/Saipan International Airport,Saipan Island,MP
Andersen Afb Airport,Yigo,GU
Guam International Airport,Tamuning,GU
Francisco Manglona Borja/Tinian International Airport,Tinian Island,MP
Barking Sands Pmrf Airport,"Kekaha,Kauai",US
Kawaihapai Airfield,Mokuleia,US
French Frigate Shoals Airport,Tern Island,US
Wheeler Army Air Field,Wahiawa,US
Hana Airport,Hana,US
Kapalua Airport,Lahaina,US
Kalaeloa (John Rodgers Field) Airport,Kapolei,US
Ellison Onizuka Kona International At Keahole Airport,Kailua-Kona,US
Lihue Airport,Lihue,US
Kalaupapa Airport,Kalaupapa,US
Molokai Airport,Kaunakakai,US
Waimea-Kohala Airport,Kamuela,US
Kaneohe Bay Mcas (Marion E Carl Field) Airport,Kaneohe,US
Daniel K Inouye International Airport,Honolulu,US
Lanai Airport,Lanai City,US
Kahului Airport,Kahului,US
Port Allen Airport,Hanapepe,US
Bradshaw Army Airfield,Camp Pohakuloa,US
Hilo International Airport,Hilo,US
Upolu Airport,Hawi,US
Amata Kabua International Airport,Majuro Atoll,MH
Dyess Army Air Field,Roi-Namur,MH
Kaieteur International Airport,Kaieteur Falls,GY
Bucholz Army Air Field(Kwajalein Kmr)(Atoll) Airport,Kwajalein,MH
Cassidy International Airport,Banana,KI
Tabuaeran Island Airport,Tabuaeran Island,KI
Washington Island Airstrip,Teraina,KI
Henderson Field,Midway Atoll,UM
Crosswinds Airfield,Sassamansville,US
Cedar Run Airport,Dorseyville,US
Davis Airport,Chambersville,US
Reno Airport,Enon Valley,US
C & W Milliron Flying Field,Sigel,US
Misty Hill Farm Airport,Ren Frew,US
Greeley Airport,Coudersport,US
Fairview Evergreen Airport,Fairview,US
Lindsay Airport,Freeport,US
Schrenkel Airport,Cassville,US
Ruffner Field,Home,US
Founding Fathers Field,New London,US
Moorhead Airpark,North East,US
River Hill Aviation Airport,Apollo,US
Skyline Airstrip,Shoemakersville,US
Strohmier Airport,Loretto,US
Akm Airfield,Columia Cross Roads,US
Skala Airport,Mc Clellandtown,US
Marion Center Speedway Airport,Marion Center,US
Stitt Airport,Kittanning,US
Cataney Airport,Midway,US
Hilling International Airport,Huntingdon,US
Dunlea Airpark,New Alexandria,US
Jackson Airport,New Galilee,US
Jansen Vineyards Airport,Richfield,US
Rocky Hollow Field,Strongstown,US
Beers Farm Airport,Orbisona/Rockhill,US
Lake Arthur Field,Portersville,US
Sharretts Airport,Sabinsville,US
Dream Field,Berlin,US
Dahl Creek Airport,Dahl Creek,US
Tununak Airport,Tununak,US
Port Lions Airport,Port Lions,US
Takotna Airport,Takotna,US
Nunapitchuk Airport,Nunapitchuk,US
Point Lay Lrrs Airport,Point Lay,US
Boqueron Airport,Cabo Rojo,US
Adjuntas Airport,Adjuntas,US
Lajas Airpark,Lajas,US
Cocal Airport,Toa Baja,US
Heberlig Airport,Newville,US
Elephant Path Airport,Perkasie,US
G & N Airport,Albion,US
Snook Airport,Beaver Springs,US
Mc Cardle Farm Airport,Burnham,US
Grover Airport,Weatherly,US
Vicars Private Airport,Altoona,US
Pecora Field,Bradford,US
Fairview Farm Airfield,Pine Grove,US
Flying Eagle Airport,Dalmatia,US
Juergensen Airpark And Maritime Facility Airport,Addison,US
Swank Airport,Clarksburg,US
Downes Airport,Clymer,US
Hoopes Family Farm Airport,Ulysses,US
Barnes Farmland Airport,Volant,US
Graystrip Airport,Dublin,US
Hamilton Hill Airport,Ebensburg,US
Msm Airport,Harford,US
Gunden Airport,Perkasie,US
Tidioute Airport,Tidioute,US
Morton's Airport,Cambridge Springs,US
Parker-Cramer Airport,Clarion,US
Lazy J Ranch Airport,Springbrook,US
West Penn Township Airport,Tamaqua,US
Chuuk International Airport,Weno Island,FM
Pohnpei International Airport,Pohnpei Island,FM
Palau International Airport,Babelthuap Island,PW
Kosrae Airport,Kosrae,FM
Yap International Airport,Yap Island,FM
Wake Island Airfield,Wake Island,UM
Gangshan Air Force Base,Gangshan,TW
Kinmen Airport,Shang-I,TW
Qimei Airport,Qimei,TW
Pingtung South Airport,Pingtung,TW
Longtan Air Base,Longtan Township,TW
Matsu Nangan Airport,Nangang Island,TW
Taitung Airport,Taitung City,TW
Lyudao Airport,Lyudao,TW
Taoyuan Air Base,Taoyuan City,TW
Kaohsiung International Airport,Kaohsiung City,TW
Chiayi Airport,Chiayi City,TW
Hengchun Airport,Hengchung,TW
Taichung Airport,Taichung City,TW
Lanyu Airport,Orchid Island,TW
Taichung Ching Chuang Kang Airport,Taichung City,TW
Matsu Beigan Airport,Beigan Island,TW
Tainan Airport,Tainan City,TW
Hsinchu Air Base,Hsinchu City,TW
Makung Airport,Makung City,TW
Chihhang Air Base,Taitung City,TW
Pingtung North Airport,Pingtung,TW
Taipei Songshan Airport,Taipei City,TW
Taiwan Taoyuan International Airport,Taipei,TW
Wang-an Airport,Wang-an,TW
Hualien Airport,Hualien City,TW
Rheinstetten Airport,,DE
Wing-Over Farm Airport,Tiverton,US
Riconn Airport,Greene,US
Shikabe Airport,,JP
Narita International Airport,Tokyo,JP
Matsumoto Airport,Matsumoto,JP
Hyakuri Airport,Omitama,JP
Kasumigaura Airport,,JP
Minami Torishima Airport,,JP
Niijima Airport,,JP
Iwo Jima Airport,,JP
Kozushima Airport,Kozushima,JP
Kansai International Airport,Osaka,JP
Nanki Shirahama Airport,Shirahama,JP
Kobe Airport,Kobe,JP
Hiroshimanishi Airport,,JP
Kohnan Airport,,JP
Tajima Airport,Tajima,JP
Asahikawa Airport,,JP
Tokachi-Obihiro Airport,Obihiro,JP
New Chitose Airport,Chitose / Tomakomai,JP
Hakodate Airport,Hakodate,JP
Chitose Air Base,,JP
Kushiro Airport,Kushiro,JP
Memanbetsu Airport,Ozora,JP
Nakashibetsu Airport,Nakashibetsu,JP
Okadama Airport,Sapporo,JP
Rebun Airport Airport,,JP
Tokachi Airport,,JP
Wakkanai Airport,Wakkanai,JP
Amakusa Airport,,JP
Iki Airport,Iki,JP
Yamaguchi Ube Airport,Ube,JP
Kamigoto Airport,Kamigoto,JP
Metabaru Air Base,,JP
Ojika Airport,,JP
Tsushima Airport,Tsushima,JP
Monbetsu Airport,Monbetsu,JP
Asahikawa Airport,Asahikawa,JP
Okushiri Airport,,JP
Rishiri Airport,Rishiri,JP
Ashiya Airport,,JP
Yakushima Airport,,JP
Fukue Airport,Goto,JP
Fukuoka Airport,Fukuoka,JP
New Tanegashima Airport,,JP
Kagoshima Airport,Kagoshima,JP
Miyazaki Airport,Miyazaki,JP
Nyutabaru Airport,,JP
Oita Airport,Oita,JP
Kitakyushu Airport,Kitakyushu,JP
Saga Airport,Saga,JP
Kumamoto Airport,Kumamoto,JP
Nagasaki Airport,Nagasaki,JP
Kanoya Airport,,JP
Tsuiki Airport,,JP
Chubu Centrair International Airport,Tokoname,JP
Amami Airport,Amami,JP
Okierabu Airport,,JP
Kikai Airport,,JP
Tokunoshima Airport,Tokunoshima,JP
Nagoya Airport,Nagoya,JP
Fukui Airport,,JP
Gifu Airport,Gifu,JP
Hamamatsu Airport,,JP
Komatsu Airport,Kanazawa,JP
Oki Airport,Okinoshima,JP
Mt. Fuji Shizuoka Airport,,JP
Toyama Airport,Toyama,JP
Noto Airport,Wajima,JP
Shizuhama Airport,,JP
Hiroshima Airport,Hiroshima,JP
Okayama Airport,Okayama City,JP
Izumo Airport,Izumo,JP
Akeno Airport,,JP
Hofu Airport,,JP
Miho Yonago Airport,Yonago,JP
Iwakuni Marine Corps Air Station,Iwakuni,JP
Kochi Ryoma Airport,Nankoku,JP
Matsuyama Airport,Matsuyama,JP
Osaka International Airport,Osaka,JP
Tottori Airport,Tottori,JP
Tokushima Airport,Tokushima,JP
Takamatsu Airport,Takamatsu,JP
Iwami Airport,Masuda,JP
Yao Airport,Yao,JP
Ozuki Airport,,JP
Aomori Airport,Aomori,JP
Yamagata Airport,Yamagata,JP
Sado Airport,,JP
Fukushima Airport,Sukagawa,JP
Hachinohe Airport,,JP
Hanamaki Airport,,JP
Akita Airport,Akita,JP
Misawa Air Base,Misawa,JP
Niigata Airport,Niigata,JP
JASDF Airport,Ominato,JP
Odate Noshiro Airport,Odate,JP
Sendai Airport,Sendai,JP
Matsushima Air Base,Ishinomaki,JP
Sendai Kasuminom Airport,,JP
Shonai Airport,Shonai,JP
Atsugi Naval Air Facility,,JP
Tachikawa Airfield,Tokyo,JP
Tateyama Airport,,JP
Chofu Airport,Tokyo,JP
Hachijojima Airport,Hachijojima,JP
Iruma Air Base,Tokyo,JP
Kisarazu Airport,,JP
Shimofusa Airport,,JP
Oshima Airport,Izu Oshima,JP
Miyakejima Airport,Miyakejima,JP
Kastner Army Air Field,,JP
Tokyo International Airport,Tokyo,JP
Utsunomiya Airport,,JP
Yokota Air Base,Fussa,JP
G 404 Airport,,KR
G 231 Airport,,KR
G 237 Airport,,KR
G 312 Airport,,KR
G 406 Airport,,KR
G 233 Airport,,KR
G 314 Airport,,KR
G 500 Airport,,KR
G 413 Airport,,KR
G 313 Airport,,KR
G 522 Airport,,KR
G 107 Airport,,KR
G 218 Airport,,KR
G 219 Airport,,KR
G 203 Airport,,KR
G 307 Airport,,KR
G 420 Airport,,KR
G 418 Airport,,KR
G 417 Airport,,KR
G 225 Airport,,KR
G 238 Airport,,KR
G 227 Airport,,KR
G 228 Airport,,KR
G 239 Airport,,KR
G 240 Airport,,KR
G 317 Airport,,KR
G 311 Airport,,KR
G 414 Airport,,KR
G 412 Airport,,KR
G 419 Airport,,KR
G 530 Airport,,KR
G 526 Airport,,KR
G 501 Airport,,KR
G 806 Airport,,KR
C 719 Heliport,,KR
G 712 Airport,,KR
G 710 Airport,,KR
G 605 Airport,,KR
G 405 Airport,,KR
G 802 Airport,Masan,KR
Muan International Airport,,KR
Gwangju Airport,Gwangju,KR
Kunsan Air Base,Kunsan,KR
Yeosu Airport,Yeosu,KR
A-306 Airport,Chun Chon City,KR
Sokcho Airport,,KR
Gangneung Airport,,KR
Wonju Airport,Wonju,KR
Yangyang International Airport,Sokcho / Gangneung,KR
Jeju International Airport,Jeju City,KR
Jeongseok Airport,,KR
Jinhae Airport,Jinhae,KR
Gimhae International Airport,Busan,KR
Sacheon Air Base,Sacheon,KR
Ulsan Airport,Ulsan,KR
G 222 Airport,,KR
G 103 Airport,,KR
G 301 Airport,,KR
G 213 Airport,,KR
G 510 Airport,,KR
G 217 Airport,,KR
G 110 Airport,,KR
A 511 Airport,,KR
Incheon International Airport,Seoul,KR
Seoul Air Base,,KR
Osan Air Base,,KR
Gimpo International Airport,Seoul,KR
Suwon Airport,,KR
Seongmu Airport,,KR
Pohang Airport,Pohang,KR
Jungwon Air Base,,KR
Daegu Airport,Daegu,KR
Seosan Air Base,Seosan,KR
Cheongju International Airport,Cheongju,KR
Yecheon Airport,,KR
G 505 Airport,,KR
G 536 Airport,,KR
Naha Airport,Naha,JP
Ie Shima Auxiliary Air Base,,JP
Kadena Air Base,,JP
Ishigaki Airport,Ishigaki,JP
Kumejima Airport,,JP
Kerama Airport,Kerama,JP
Minami Daito Airport,,JP
Miyako Airport,Miyako City,JP
Aguni Airport,Aguni,JP
Ie Jima Airport,,JP
Hateruma Airport,Hateruma,JP
Kitadaito Airport,,JP
Shimojishima Airport,,JP
Tarama Airport,,JP
Yoron Airport,,JP
Futenma Marine Corps Air Station,,JP
Yonaguni Airport,,JP
Pagbilao Grande Island Airport,,PH
Nonoc Airport,,PH
Pasar Airport,,PH
Seahawk Lz Airport,,PH
Malita Airport,,PH
El Nido Airport,El Nido,PH
Pinamalayan Airport,,PH
Subic Bay International Airport,Olongapo City,PH
Diosdado Macapagal International Airport,Angeles City,PH
Laoag International Airport,Laoag City,PH
Jomalig Island Airport,Jomalig,PH
Legazpi Bicol International Airport,Daraga,PH
Ninoy Aquino International Airport,Manila,PH
Palanan Municipal Airport,Palanan,PH
Cuyo Airport,Cuyo,PH
Carmen Rosales Airstrip,Carmen,PH
Sangley Point Air Base,Cavite City,PH
Itbayat Airport,Itbayat,PH
Lubang Airport,,PH
Fort Magsaysay Airport,,PH
Corregidor Airport,Corregidor,PH
Alabat Island Airport,Alabat Island,PH
Sorsogon,,PH
Allah Valley Airport,Surallah,PH
Rajah Buayan Air Station,General Santos,PH
Awang Airport,Cotabato City,PH
Francisco Bangoy International Airport,Davao City,PH
Bancasi Airport,Butuan City,PH
Bislig Airport,,PH
Dipolog Airport,Dipolog City,PH
Camiguin Airport,,PH
Iligan Airport,,PH
Jolo Airport,,PH
Cagayan De Oro Airfield,Cagayan De Oro,PH
Malabang Airport,Malabang,PH
Sanga Sanga Airport,,PH
Labo Airport,Ozamiz City,PH
Pagadian Airport,Pagadian City,PH
Mati National Airport,,PH
General Santos International Airport,General Santos,PH
Surigao Airport,Surigao City,PH
Cagayan de Sulu Airport,Mapun,PH
Ipil Airport,Ipil,PH
Tandag Airport,,PH
Laguindingan Intl,Laguindingan,PH
Zamboanga International Airport,Zamboanga City,PH
Siargao Airport,Del Carmen,PH
Bantayan Airport,,PH
Cesar Lim Rodriguez Airport,Taytay Airport,PH
Maasin Airport,,PH
Panglao Bohol International Airport,Panglao,PH
Loakan Airport,Baguio City,PH
Daet Airport,Daet,PH
Lucena Airport,Lucena,PH
Basa Air Base,,PH
Lingayen Airport,,PH
San Jose Airport,San Jose,PH
Iba Airport,Iba,PH
Castillejos Airport,Castillejos,PH
Calapan Airport,Calapan City,PH
Fernando Air Base,,PH
Mamburao Airport,,PH
Naga Airport,Naga,PH
Basco Airport,Basco,PH
Vigan Airport,Vigan City,PH
Dr.Juan C. Angara Airport,Baler,PH
San Fernando Airport,,PH
Tuguegarao Airport,Tuguegarao City,PH
Bulan Airport,Bulan,PH
Virac Airport,Virac,PH
Marinduque Airport,Gasan,PH
Plaridel Airport,Plaridel,PH
Cauayan Airport,Cauayan City,PH
Bagabag Airport,,PH
Daniel Z. Romualdez Airport,Tacloban City,PH
Bacolod-Silay City International Airport,Bacolod City,PH
Calbayog Airport,Calbayog City,PH
Sibulan Airport,Dumaguete City,PH
Godofredo P. Ramos Airport,Malay,PH
Catarman National Airport,Catarman,PH
Guiuan Airport,Guiuan,PH
Hilongos Airport,Hilongos,PH
Iloilo International Airport,Iloilo City,PH
Moises R. Espinosa Airport,Masbate,PH
Kalibo International Airport,Kalibo,PH
Wasig Airport,Mansalay,PH
Mactan Cebu International Airport,Lapu-Lapu City,PH
Ormoc Airport,Ormoc City,PH
Puerto Princesa Airport,Puerto Princesa City,PH
Roxas Airport,Roxas City,PH
Evelio Javier Airport,San Jose,PH
Romblon Airport,Romblon,PH
Francisco B. Reyes Airport,Coron,PH
Borongan Airport,Borongan City,PH
Catbalogan Airport,,PH
Cachi Airport,Cachi,AR
Cafayate Airport,Cafayate,AR
Villa Minetti Airport,Villa Minetti,AR
Bell Ville Airport,Bell Ville,AR
Santa Rita Airport,Saladillo,AR
El Porton Airport,Buta Ranquil,AR
Estancia Don Panos Airport,Presidencia Roca,AR
Campo Arenal Airport,Campo Arenal,AR
Quemu Quemu Airport,Quemu Quemu,AR
Estancia La Estrella Airport,Tandil,AR
Lago Fagnano North Airport,Kaiken,AR
La Puntilla Airport,La Puntilla,AR
Rio Cuarto Aeroclub Airport,Rio Cuarto,AR
Puerto Deseado West Airport,Puerto Deseado,AR
Loma La Lata Airport,Neuquen,AR
Veinticinco De Mayo Airport,Colonia Veinticinco de Mayo,AR
Santa Victoria Airport,Salta,AR
Apostoles Airport,Apostoles,AR
Calilegua Airport,Calilegua,AR
Canadon Seco Airport,Canadon Seco,AR
Bella Vista Airport,Bella Vista,AR
Puerto Rosales Airport,Puerto Rosales,AR
Nanco Lauquen Airport,Trenque Lauquen,AR
Choele Choel Airport,Choele Choel,AR
Colonia Catriel Airport,Colonia Catriel,AR
San Nicolas De Los Arroyos Airport,San Nicolas,AR
Comandante Luis Piedrabuena Airport,Comandante Luis Piedrabuena,AR
Trelew Aeroclub Airport,Trelew,AR
Andalgala Airport,Andalgala,AR
Saladillo Airport,Saladillo,AR
Las Lajas Airport,Las Lajas,AR
Jujuy Aeroclub Airport,San Salvador de Jujuy,AR
San Juan Aeroclub Airport,San Juan,AR
El Colorado Airport,El Colorado,AR
Santa Maria Airport,Santa Maria,AR
Londres/Belen Airport,Londres/Belen,AR
Frias Airport,Frias,AR
Fiambala Airport,Fiambala,AR
San Antonio De Areco Airport,San Antonio de Areco,AR
Comodoro Pierrestegui Airport,Concordia,AR
Gualeguaychu Airport,Gualeguaychu,AR
Punta Indio Airport,Veronica,AR
Junin Airport,Junin,AR
Isla Martin Garcia Airport,Isla Martin Garcia,AR
Mazaruca Airport,Puerto Ibicuy/Mazuraca,AR
Pergamino Airport,Pergamino,AR
General Urquiza Airport,Paraná,AR
Islas Malvinas Airport,Rosario,AR
Villaguay Airport,Villaguay,AR
Sauce Viejo Airport,Santa Fe,AR
Jorge Newbery Airpark,Buenos Aires,AR
Coronel Pringles Airport,Coronel Pringles,AR
Cap D. Omar Dario Gelardi Airport,Santa Isabel - Cordoba,AR
La Cumbre Airport,La Cumbre,AR
Coronel Olmedo Airport,Cordoba,AR
Escuela De Aviacion Militar Airport,Santa Isabel - Cordoba,AR
Pilar Airport,Pilar,AR
Laguna Larga Airport,Laguna Larga,AR
Villa General Mitre Airport,Villa General Mitre,AR
Ascochinga Airport,Ascochinga,AR
Ingeniero Ambrosio Taravella Airport,Cordoba,AR
Chepes Airport,Chepes,AR
Monte Quemado Airport,Monte Quemado,AR
Villa De Soto Airport,Villa de Soto,AR
Chamical Airport,Gobernador Gordillo,AR
Villa de Maria de Rio Seco Airport,Villa de Maria de Rio Seco,AR
San Fernando Airport,San Fernando,AR
Monte Grande Airport,Monte Grande,AR
Mariano Moreno Airport,General Sarmiento,AR
La Plata Airport,La Plata,AR
Moron Airport,Moron,AR
Campo De Mayo Airport,Campo de Mayo,AR
El Palomar Airport,El Palomar,AR
Quilmes Airport,Quilmes,AR
Merlo Airport,Merlo,AR
Aeroclub Argentino Airport,San Justo,AR
Matanza Airport,La Matanza,AR
General Acha Airport,General Acha,AR
Laprida Airport,Laprida,AR
Las Flores Airport,Las Flores,AR
Miramar Airport,Miramar,AR
Trenque Lauquen Airport,Trenque Lauquen,AR
Ministro Pistarini International Airport,Ezeiza,AR
Rafaela Airport,Rafaela,AR
Sunchales Aeroclub Airport,Sunchales,AR
El Trebol Airport,El Trebol,AR
Venado Tuerto Airport,Venado Tuerto,AR
Chos Malal Airport,Chos Malal,AR
Caviahue Airport,Lafontaine,AR
Cipoletti Aeroclub Airport,Cipoletti,AR
Dr. Arturo H. Illia Airport,General Roca,AR
Rincon De Los Sauces Airport,Rincon de los Sauces,AR
Victorica Airport,Victorica,AR
Zapala Airport,Zapala,AR
General Alvear Airport,General Alvear,AR
Cristo Redentor Airport,Cristo Redentor,AR
El Plumerillo Airport,Mendoza,AR
Valle Hermoso Airport,Valle Hermoso,AR
San Martin Airport,San Martin,AR
Jachal Airport,Jachal,AR
Punta De Vacas Airport,Punta de Vacas,AR
Comodoro D.R. Salomon Airport,Malargue,AR
La Paz Airport,La Paz,AR
Mendoza Airpark,Mendoza,AR
Suboficial Ay Santiago Germano Airport,San Rafael,AR
San Carlos Airport,San Carlos,AR
Uspallata Airport,Uspallata,AR
Catamarca Airport,Catamarca,AR
Vicecomodoro Angel D. La Paz Aragones Airport,Santiago del Estero,AR
Las Termas Airport,Rio Hondo,AR
Tinogasta Airport,Tinogasta,AR
Capitan V A Almonacid Airport,La Rioja,AR
Chilecito Airport,Chilecito,AR
Teniente Benjamin Matienzo Airport,San Miguel de Tucuman,AR
Domingo Faustino Sarmiento Airport,San Juan,AR
Ceres Airport,Ceres,AR
Area De Material Airport,Rio Cuarto,AR
Villa Dolores Airport,Villa Dolores,AR
Rio Tercero Airport,Rio Tercero,AR
Villa Maria Airport,Villa Maria del Rio Seco,AR
Laboulaye Airport,Laboulaye,AR
Marcos Juarez Airport,Marcos Juarez,AR
Villa Reynolds Airport,Villa Reynolds,AR
Valle Del Conlara International Airport,Merlo,AR
Brigadier Mayor D Cesar Raul Ojeda Airport,San Luis,AR
Corrientes Airport,Corrientes,AR
Resistencia (City) Airport,Resistencia,AR
Resistencia International Airport,Resistencia,AR
Formosa Airport,Formosa,AR
Caa Cati Airport,General Paz,AR
Cataratas Del Iguazu International Airport,Puerto Iguazu,AR
Paso De Los Libres Airport,Paso de los Libres,AR
Monte Caseros Airport,Monte Caseros,AR
Libertador Gral D Jose De San Martin Airport,Posadas,AR
Termal Airport,Presidencia Roque Saenz Pena,AR
Villa Angela Airport,Villa Angela,AR
Martin Miguel De Guemes International Airport,Salta,AR
Gobernador Horacio Guzman International Airport,San Salvador de Jujuy,AR
Salar De Cauchari Airport,Salar de Cauchari,AR
Metan Airport,Metan,AR
Oran Airport,Oran,AR
La Quiaca Airport,La Quiaca,AR
Rivadavia Airport,Rivadavia,AR
General Enrique Mosconi Airport,Tartagal,AR
Clorinda Airport,Clorinda,AR
El Dorado Airport,El Dorado,AR
Goya Airport,Goya,AR
Bernardo De Irigoyen Airport,Bernardo de Irigoyen,AR
Alferez Armando Rodriguez Airport,Las Lomitas,AR
Mercedes Airport,Mercedes,AR
Obera Airport,Obera,AR
Reconquista Airport,Reconquista,AR
Curuzu Cuatia Airport,Curuzu Cuatia,AR
Piedra Del Aguila Airport,Piedra del Aguila,AR
El Bolson Airport,El Bolson,AR
General E. Mosconi Airport,Comodoro Rivadavia,AR
El Maiten Airport,El Maiten,AR
Brigadier Antonio Parodi Airport,Esquel,AR
Las Heras Airport,Las Heras,AR
Cabo F.A.A. H. R. Bordon Airport,Ingeniero Jacobacci,AR
Lago Musters Airport,Sarmiento,AR
Antoine De St Exupery Airport,San Antonio Oeste,AR
Paso De Los Indios Airport,Paso de los Indios,AR
Maquinchao Airport,Maquinchao,AR
D. Casimiro Szlapelis Airport,Alto Rio Senguerr,AR
Sierra Grande Airport,Sierra Grande,AR
Almirante Marco Andres Zar Airport,Rawson,AR
Gobernador Castello Airport,Viedma / Carmen de Patagones,AR
El Tehuelche Airport,Puerto Madryn,AR
Lago Argentino Airport,El Calafate,AR
Marambio Base,Seymour Island,AQ
El Calafate Airport,El Calafate,AR
Puerto Deseado Airport,Puerto Deseado,AR
Hermes Quijada International Airport,Rio Grande,AR
Piloto Civil N. Fernandez Airport,Rio Gallegos,AR
Malvinas Argentinas Airport,Ushuahia,AR
Capitan D Daniel Vazquez Airport,San Julian,AR
Tolwin Observatory Airport,Tolwin (Lago Fagnano)/observatorio MET(TAIS),AR
Rio Mayo Airport,Rio Mayo,AR
Estacion Aeronaval Airport,Ushuahia,AR
Perito Moreno Airport,Perito Moreno,AR
Gobernador Gregores Airport,Gobernador Gregores,AR
Jose De San Martin Airport,Chubut,AR
28 De Noviembre Airport,El Turbio,AR
Santa Cruz Airport,Santa Cruz,AR
Matienzo Base,,AQ
Base Belgrano II Airport,,AQ
Esperanza Base,Hope Bay,AQ
Jubany Airbase,South Shetland Archipielago- King George Island,AQ
Orcadas Base,Laurie Island,AQ
San Martin Base,,AQ
Azul Airport,Azul,AR
Comandante Espora Airport,Bahia Blanca,AR
Brigadier D.H.E. Ruiz Airport,Coronel Suarez,AR
Dolores Airport,Dolores,AR
Pigue Airport,Pigue,AR
Olavarria Airport,Olavarria,AR
General Pico Airport,General Pico,AR
Tres Arroyos Airport,Tres Arroyos,AR
Bolivar Airport,Bolivar,AR
Benito Juarez Airport,Benito Juarez,AR
Cerro Catedral Airport,Cerro Catedral,AR
Santa Teresita Airport,Santa Teresita,AR
Astor Piazzola International Airport,Mar del Plata,AR
Presidente Peron Airport,Neuquen,AR
Necochea Airport,Necochea,AR
Comodoro Pedro Zanni Airport,Pehuajo,AR
Rio Colorado Airport,Rio Colorado,AR
Santa Rosa Airport,Santa Rosa,AR
San Carlos De Bariloche Airport,San Carlos de Bariloche,AR
Heroes De Malvinas Airport,Tandil,AR
Puelches Airport,Puelches,AR
Villa Gesell Airport,Villa Gesell,AR
Cutral-Co Airport,Cutral-Co,AR
Nueve De Julio Airport,Nueve de Julio,AR
Aviador C. Campos Airport,Chapelco/San Martin de los Andes,AR
Conceicao do Araguaia Airport,Conceicao Do Araguaia,BR
Bauru-Arealva Airport,Bauru,BR
Campo Delio Jardim de Mattos Airport,Rio De Janeiro,BR
Amapá Airport,Amapá,BR
Base Aerea Airport,Anapolis,BR
Araraquara Airport,Araraquara,BR
Santa Maria Airport,Aracaju,BR
Marcelo Pires Halzhausen Airport,Assis,BR
Alta Floresta Airport,Alta Floresta,BR
Aracatuba Airport,Aracatuba,BR
Araxa Airport,Araxa,BR
Val de Cans/Julio Cezar Ribeiro International Airport,Belem,BR
Comandante Gustavo Kraemer Airport,Bage,BR
Pampulha - Carlos Drummond de Andrade Airport,Belo Horizonte,BR
Bacacheri Airport,Curitiba,BR
Aeroporto Estadual Arthur Siqueira Airport,Braganca Paulista,BR
Major Brigadeiro Doorgal Borges Airport,Barbacena,BR
Presidente Juscelino Kubistschek International Airport,Brasilia,BR
Chafei Amsei Airport,Barretos,BR
Bauru Airport,Bauru,BR
Atlas Brasil Cantanhede Airport,Boa Vista,BR
Barra do Garcas Airport,Barra Do Garcas,BR
Umberto Modiano Airport,Cabo Frio,BR
Cascavel Airport,Cascavel,BR
Cabo Frio Airport,Cabo Frio,BR
Cachimbo Airport,Novo Progresso,BR
Caçador Airport,Caçador,BR
Tancredo Neves International Airport,Belo Horizonte,BR
Campo Grande Airport,Campo Grande,BR
Chapeco Airport,Chapeco,BR
Brig. Lysias Augusto Rodrigues Airport,Carolina,BR
Carajas Airport,Carajas,BR
Forquilhinha - Criciuma Airport,Criciuma,BR
Caldas Novas Airport,Caldas Novas,BR
Canoas Airport,Porto Alegre,BR
Bartolomeu Lisandro Airport,Campos Dos Goytacazes,BR
Corumba International Airport,Corumba,BR
Afonso Pena Airport,Curitiba,BR
Caravelas Airport,Caravelas,BR
Campo dos Bugres Airport,Caxias Do Sul,BR
Marechal Rondon Airport,Cuiaba,BR
Cruzeiro do Sul Airport,Cruzeiro Do Sul,BR
Bonito Airport,Bonito,BR
Presidente Prudente Airport,Presidente Prudente,BR
Eduardo Gomes International Airport,Manaus,BR
Jacareacanga Airport,Jacareacanga,BR
Espinosa Airport,Espinosa,BR
Sao Pedro da Aldeia Airport,Sao Pedro Da Aldeia,BR
Cataratas International Airport,Foz Do Iguacu,BR
Hercilio Luz International Airport,Florianopolis,BR
Fernando de Noronha Airport,Fernando De Noronha,BR
Furnas Airport,Sao Jose Da Barra,BR
Pinto Martins International Airport,Fortaleza,BR
Galeao - Antonio Carlos Jobim International Airport,Rio De Janeiro,BR
Guajara-Mirim Airport,Guajara-Mirim,BR
Santa Genoveva Airport,Goiania,BR
EMBRAER - Unidade Gaviao Peixoto Airport,Gaviao Peixoto,BR
Guarulhos - Governador Andre Franco Montoro International Airport,Sao Paulo,BR
Tancredo Thomas de Faria Airport,Guarapuava,BR
Governador Valadares Airport,Governador Valadares,BR
Guaratingueta Airport,Guaratingueta,BR
Altamira Airport,Altamira,BR
Itacoatiara Airport,Itacoatiara,BR
Itaituba Airport,Itaituba,BR
Bahia - Jorge Amado Airport,Ilheus,BR
Usiminas Airport,Ipatinga,BR
Hidroeletrica Airport,Itumbiara,BR
Prefeito Renato Moreira Airport,Imperatriz,BR
Humberto Ghizzo Bortoluzzi Regional Airport,Jaguaruna,BR
Julio Cesar Airport,Belem,BR
Jundiai Airport,Jundiai,BR
Comandante Ariston Pessoa Airport,Jijoca de Jericoacoara (Cruz),BR
Francisco de Assis Airport,Juiz De Fora,BR
São Paulo Catarina Executive Airport,São Roque,BR
Presidente Castro Pinto Airport,Joao Pessoa,BR
Jacarepagua - Roberto Marinho Airport,Rio De Janeiro,BR
Orlando Bezerra de Menezes Airport,Juazeiro Do Norte,BR
Lauro Carneiro de Loyola Airport,Joinville,BR
Presidente Joao Suassuna Airport,Campina Grande,BR
Viracopos International Airport,Campinas,BR
Chapada Diamantina Airport,Lencois,BR
Lages Airport,Lages,BR
Lins Airport,Lins,BR
Governador Jose Richa Airport,Londrina,BR
Bom Jesus da Lapa Airport,Bom Jesus Da Lapa,BR
Lagoa Santa Airport,Lagoa Santa,BR
Maraba Airport,Maraba,BR
Minacu Airport,Minacu,BR
Monte Dourado Airport,Almeirim,BR
Macae Airport,Macae,BR
Regional de Maringa - Silvio Nane Junior Airport,Maringa,BR
Mario Ribeiro Airport,Montes Claros,BR
Marilia Airport,Marilia,BR
Ponta Pelada Airport,Manaus,BR
Zumbi dos Palmares Airport,Maceio,BR
Alberto Alcolumbre Airport,Macapa,BR
Dix-Sept Rosado Airport,Mossoro,BR
Campo de Marte Airport,Sao Paulo,BR
Manicore Airport,Manicore,BR
Ministro Victor Konder International Airport,Navegantes,BR
Santo Angelo Airport,Santo Angelo,BR
Campo Augusto Severo Airport (Base Aérea de Natal),Parnamirim,BR
Oiapoque Airport,Oiapoque,BR
Salgado Filho Airport,Porto Alegre,BR
Prefeito Doutor Joao Silva Filho Airport,Parnaiba,BR
Pocos de Caldas Airport,Pocos De Caldas,BR
Lauro Kurtz Airport,Passo Fundo,BR
Brigadeiro Lysias Rodrigues Airport,Palmas,BR
Pelotas Airport,Pelotas,BR
Senador Nilo Coelho Airport,Petrolina,BR
Porto Nacional Airport,Porto Nacional,BR
Ponta Pora Airport,Ponta Pora,BR
Carlos Prates Airport,Belo Horizonte,BR
Porto Seguro Airport,Porto Seguro,BR
Governador Jorge Teixeira de Oliveira Airport,Porto Velho,BR
Placido de Castro Airport,Rio Branco,BR
Guararapes - Gilberto Freyre International Airport,Recife,BR
Santos Dumont Airport,Rio De Janeiro,BR
Leite Lopes Airport,Ribeirao Preto,BR
Santa Cruz Airport,Rio De Janeiro,BR
Greater Natal International Airport,São Gonçalo do Amarante,BR
Professor Urbano Ernesto Stumpf Airport,Sao Jose Dos Campos,BR
Marechal Cunha Machado International Airport,Sao Luis,BR
Santa Maria Airport,Santa Maria,BR
Maestro Wilson Fonseca Airport,Santarem,BR
Congonhas Airport,Sao Paulo,BR
Sao Jose do Rio Preto Airport,Sao Jose Do Rio Preto,BR
Base Aerea de Santos Airport,Guaruja,BR
Deputado Luiz Eduardo Magalhaes International Airport,Salvador,BR
Base de Aviacao de Taubate Airport,Taubate,BR
Trombetas Airport,Oriximina,BR
Hotel Transamerica Airport,Una,BR
Toledo Airport,Toledo,BR
Senador Petronio Portela Airport,Teresina,BR
Tefe Airport,Tefe,BR
Plinio Alarcom Airport,Tres Lagoas,BR
Tarauaca Airport,Tarauaca,BR
Telemaco Borba Airport,Telemaco Borba,BR
Tirios Airport,Obidos,BR
Tabatinga Airport,Tabatinga,BR
Tucurui Airport,Tucurui,BR
Terravista Airport,Porto Seguro,BR
Sao Gabriel da Cachoeira Airport,Sao Gabriel Da Cachoeira,BR
Paulo Afonso Airport,Paulo Afonso,BR
Rubem Berta Airport,Uruguaiana,BR
Ten. Cel. Aviador Cesar Bombonato Airport,Uberlandia,BR
Mario de Almeida Franco Airport,Uberaba,BR
Glauber de Andrade Rocha Airport,Vitória da Conquista,BR
Major Brigadeiro Trompowsky Airport,Varginha,BR
Vilhena Airport,Vilhena,BR
Eurico de Aguiar Salles Airport,Vitoria,BR
Iauarete Airport,Sao Gabriel Da Cachoeira,BR
Campo Fontenelle Airport,Pirassununga,BR
Zona da Mata Regional Airport,Juiz De Fora,BR
Triple Tree Airport,Woodruff,US
Ashley Field,Honea Path,US
Mc Neil Airport,Cameron,US
Flying Tails Airport,Bonneau,US
Pluff Mud Field,Charleston,US
Alans Airport,St Matthews,US
Davis Airport,Garnett,US
Darden Airport,Gaston,US
Russell Airport,Holly Hill,US
Canchones West Airport,Canchones,CL
Harman Airport,Langley,US
Myrtle Beach Hardee Airpark,Loris,US
Eagles Nest-Fairview Airpark,Pelion,US
Eagle Ridge Airport,Seneca,US
Hawks Nest Farm Airport,West Union,US
Iva Field,Iva,US
Ehrhardt Airport,Ehrhardt,US
Paradise Landing Airport,Chesnee,US
Crosswinds-Wilson Pvt Airport,Cross,US
Green Pond Airport,Woodruff,US
Palmetto Air Plantation Airport,Manning,US
Hondarosa Airport,Charleston,US
Moores Field,Williamston,US
El Porvenir Airpark,Boykin,US
Gilbert International Airpark,Gilbert,US
House Movers Field,Batesburg,US
Parker Field,Simpsonville,US
Byrd Field,Turbeville,US
Broxton Bridge Plantation Airport,Ehrhardt,US
Thomason Airfield,Mountville,US
Jordan Private Airport,Andrews,US
Ja Field,Pageland,US
Wild Irish Rose Airport,Cheraw,US
Raven's Run Airport,Mount Pleasant,US
Fulton Field,Spartanburg,US
Polecat Aerodrome,Aiken,US
Shiloh Plantation Airport,Ehrhardt,US
Chandelle Airport,Greer,US
Marsh Point Airport,Beaufort,US
Unity Aerodrome,Lancaster,US
King Field,Cleveland,US
Abbeville Airport,Abbeville,US
Oakhill Airpark,Williamson,US
Sand Burr Airport,Gilbert,US
Williamsport Airpark,Easley,US
Turner Field,Chesnee,US
Do-Little Field,St. Matthews,US
Bells Branch Airport,Branchville,US
Rambos Field,Abbeville,US
Weaver Field,Johnsonville,US
Perry International Airport,Perry,US
Mount Holly Airport,Goose Creek,US
Whiteplains Airport,Lexington,US
Anorada Airport,Frutillar,CL
El Alba Airport,La Lumbrera,CL
Pupelde Airport,Ancud,CL
Santa Adriana Airport,Ovalle,CL
El Buitre Airport,Arica,CL
San Alfonso Airport,Alhue,CL
Agua Santa Airport,Palmilla,CL
Tolquien Airport,Achao,CL
Las Alpacas Airport,Retiro,CL
Atacalco Airport,Recinto,CL
Valchac Airport,Cochrane,CL
Alempue Airport,Teno,CL
San Rafael Airport,Los Andes,CL
Palo Alto Airport,Lolol,CL
Alto Palena Airport,Alto Palena,CL
Arquilhue Airport,Lago Ranco,CL
Chacalluta Airport,Arica,CL
Cabo 1° Juan Roman Airport,Puerto Aysen,CL
Desierto de Atacama Airport,Copiapo,CL
Juan Enrique Airport,Paine,CL
La Vertiente Airport,Chillan,CL
Ayacara Airport,Ayacara,CL
Azopardo Airport,Timaukel,CL
Balmaceda Airport,Balmaceda,CL
Del Bio Bio Airport,Negrete,CL
Cacique Blanco Airport,Lago Verde,CL
El Boldal Airport,Santa Cruz,CL
Barriles Airport,Tocopilla,CL
Pampa Guanaco Airport,Bahia Inutil,CL
Cotreumo Airport,Rio Bueno,CL
General Bernardo O'Higgins Base Skyway,General Bernardo O'Higgins Base,AQ
El Bosque Airport,Santiago,CL
Lago Brown Airport,Lago Brown,CL
Posesion Airport,Bahia Posesion,CL
Rincon Bonito Airport,Cochamo,CL
El Baul Airstrip,Molina,CL
Bellavista Airport,Rio Claro,CL
El Boldo Airport,Cauquenes,CL
Pedro Villarroel C. Airport,Combarbala,CL
Chile Chico Airport,Chile Chico,CL
El Arenal Airport,Cauquenes,CL
El Loa Airport,Calama,CL
La Pelicana Airport,Combarbala,CL
Gral. Bernardo O´Higgins Airport,Chillan,CL
Pdte. Carlos Ibanez del Campo Airport,Punta Arenas,CL
Contao Airport,Contao,CL
Caldera Airport,Caldera,CL
Molco Airport,Choshuenco,CL
Alto Cauquenes Airport,Cauquenes,CL
Callipulli Airport,Osorno,CL
Tambillos Airport,Coquimbo,CL
Enrique Mayer Soto Airport,Caleta Tortel,CL
Santa Rita Airport,Casablanca,CL
Quivolgo Airport,Constitucion,CL
Lolco Airport,Lonquimay,CL
Curacavi Airport,Curacavi,CL
Teniente Vidal Airport,Coyhaique,CL
Diego Aracena Airport,Iquique,CL
Don Dobri Airport,Puerto Varas,CL
Vodudahue Airport,Chaiten,CL
Pichidangui Airport,Pichidangui,CL
El Algarrobo Airport,Cabildo,CL
San Damian Airport,Duao,CL
San Lorenzo Airport,Duqueco,CL
San Andres Airport,Retiro,CL
Almirante Schroeders Airport,Isla Dawson,CL
El Amarillo Airport,Chaiten,CL
Entrada Baker Airport,Entrada Baker,CL
Pelicano Airport,Estacion Chanaral,CL
Los Cedros Airport,Sagrada Familia,CL
El Corte Airport,Talagante,CL
El Huachi Airport,Santa Barbara,CL
Chepica Airport,Chepica,CL
Comodoro Arturo Merino Benitez International Airport,Santiago,CL
El Salto Airport,Parral,CL
El Principal Airport,Pirque,CL
Quintero Airport,Quintero,CL
Ricardo Garcia Posada Airport,El Salvador,CL
El Tambo Airport,San Vicente De Tagua Tagua,CL
Rio Exploradores Airport,Aysen,CL
Entrada Mayer Airport,Entrada Mayer,CL
Cerro Moreno Airport,Antofagasta,CL
Fachinal Airport,Fachinal,CL
Freirina Airport,Freirina,CL
Fundo Tehuen Airport,Frutillar,CL
Fray Jorge Airport,Ovalle,CL
Fundo El Carmen Airport,Chillan,CL
Fundo Loma Larga Airport,Casablanca,CL
Capitan Fuentes Martinez Airport Airport,Porvenir,CL
Russfin Airport,Russfin,CL
La Reforma Airport,Pelarco,CL
Frutillar Airport,Frutillar,CL
Los Calafates Airport,Chonchi,CL
Futaleufu Airport,Futaleufu,CL
Loncopan Airport,Futrono,CL
Isla San Felix Airport,Isla San Felix,CL
Punta Galera Airport,La Union,CL
Guadaba Airport,Los Sauces,CL
Union Glacier Blue-Ice Runway,Antartica,AQ
Maria Dolores Airport,Los Angeles,CL
Golfo Azul Airport,Futrono,CL
Cholguahue Airport,Los Angeles,CL
San Guillermo Airport,Retiro,CL
Las Aguilas Airport,Rapel,CL
Los Gomeros Airport,Rengo,CL
Caleta Gonzalo Airport,Chaiten,CL
Los Confines Airport,Angol,CL
Curaco Airport,Panguipulli,CL
Siberia Airport,Cholguan,CL
Aguas Blancas Airport,Antofagasta,CL
Punta Gaviota Airport,Caleta Chanaral De Aceituno,CL
Los Guayes Airport,Cunco,CL
Guardiamarina Zanartu Airport,Puerto Williams,CL
Chamonate Airport,Copiapo,CL
Chicureo Airport,Santiago,CL
Chumilden Airport,Chaiten,CL
Rucamanqui Airport,Huepil,CL
Almahue Airport,Pichidegua,CL
Punta Baja Airport,Chile Chico,CL
Hueicolla Airport,La Union,CL
Hacienda Lipangue Airport,Lampa,CL
Punta El Saco Airport,Isla Mocha,CL
Chan Chan Airport,Choshuenco,CL
Punta Chungo Airport,Los Vilos,CL
Copihue Airport,Retiro,CL
Cochrane Airport,Cochrane,CL
Tic Toc Airport,Chaiten,CL
Gran Canon Airport,Huasco,CL
Hualaihue Airport,Hualaihue,CL
Isla Apiao Airport,Isla Apiao,CL
Butachauques Airport,Isla Butachauques,CL
General Freire Airport,Curico,CL
Marco Davison Bascur Airport,Punta Arenas,CL
Carriel Sur Airport,Concepcion,CL
Chollinco Airport,Llifen,CL
Caleta Blanco Airport,Isla Las Huichas,CL
Puerto Ingeniero Ibanez Airport,Puerto Ingeniero Ibanez,CL
Isla Talcan Airport,Isla Talcan,CL
Auco Airport,Illapel,CL
Isla Mocha Airport,Isla Mocha,CL
Laguna Redonda Airport,Villa O'Higgins,CL
Mataveri Airport,Isla De Pascua,CL
Robinson Crusoe Airport,Isla Robinson Crusoe,CL
Puerto Sur Airport,Isla Santa Maria,CL
Ivan Martinez Airport,Isla Tierra Del Fuego,CL
Panimavida Airport,Panimavida,CL
James Conrad Airport,Ranguelmo,CL
Juan Kemp Airport,Osorno,CL
Canal Bajo Carlos - Hott Siebert Airport,Osorno,CL
El Parron Airport,San Javier,CL
Santa Marta Airport,San Carlos,CL
Llollenorte Airport,Lago Caburga,CL
Roberto Chavez Airport,Cunco,CL
El Cardal Airport,Rio Bueno,CL
Piedra Negra Airport,Pelluhue,CL
Los Lirios Airport,Curico,CL
La Cascada Airport,Molina,CL
Lipangui Airport,Lampa,CL
Cochamo Airport,Cochamo,CL
Licancel Airport,Licanten,CL
Agua Buena Airport,Collipulli,CL
Coposa Airport,Pica,CL
Curimanque Airport,Pucon,CL
Torreon Airport,Coelemu,CL
General Tovarias Airport,Lautaro,CL
Los Pehuenches Airport,Lebu,CL
Municipal de Vitacura Airport,Santiago,CL
Llanada Grande Airport,Llanada Grande,CL
La Escondida Airport,Antofagasta,CL
Calcurrupe Airport,Llifen,CL
La Aguada Airport,Pencahue,CL
Torca Airport,Llico,CL
La Junta Airport,La Junta,CL
Lago Colico Airport,Cunco,CL
Vallenar Airport,Vallenar,CL
Las Mercedes Airport,San Javier,CL
Municipal de Linares Airport,Linares,CL
Leones Airport,Chile Chico,CL
Los Petiles Airport,Molina,CL
Diego Portales Airport,La Ligua,CL
Los Alerces Airport,Chaiten,CL
Esperanza Airport,Lautaro,CL
La Laguna Airport,Marchigue,CL
La Vina Airport,Guangali,CL
La Playa Airport,Arauco,CL
Puerto Marin Balmaceda Airport,Puerto Marin Balmaceda,CL
Meseta Cosmelli Airport,Puerto Guadal,CL
Los Cuatro Diablos Airport,Melipilla,CL
Malloco Airport,Villarrica,CL
Santa Maria de Mingre Airport,San Javier,CL
La Esperanza Airport,Marchigue,CL
Los Tricahues Airport,Mialqui,CL
Melinka Airport,Melinka,CL
Melipeuco Airport,Santa Barbara,CL
Los Monos Airport,Molina,CL
Melipilla Airport,Melipilla,CL
Las Aguilas Oriente Airport,Rapel,CL
Las Moras Airport,Longavi,CL
Panilonco Airport,Pichilemu,CL
Vina San Pedro Airport,Molina,CL
Carolina Airport,Michilla,CL
Marina de Rapel Airport,El Manzano,CL
Fundo La Cana Airport,Linares,CL
Nadis Airport,Nadis,CL
Maria Elena Airport,Maria Elena,CL
Papageno Airport,Panguipulli,CL
Ainhoa Airport,Vilcun,CL
Santa Eugenia Airport,San Nicolas,CL
Los Pelambres Airport,Cuncumen,CL
Las Misiones Airport,Canete,CL
Nochaco Airport,Nochaco,CL
Fundo Naicura Airport,Rengo,CL
Sandra Scabini Airport,Punta Arenas,CL
Tte. Julio Gallardo Airport,Puerto Natales,CL
Yendegaia Airport,Navarino,CL
Estancia Los Loros Airport,Ovalle,CL
Tabali Bajo Airport,Ovalle,CL
Las Araucarias Airport,Puerto Octay,CL
San Miguel Airport,Romeral,CL
Villa O'Higgins Airport,Villa O'Higgins,CL
Los Coipos Airport,Hualanne,CL
Refugio del Lago Airport,Puyehue,CL
Olmue Airport,Olmue,CL
Quellon Airport,Quellon,CL
Melimoyu Airport,Cisnes,CL
Pilauco Airport,Osorno,CL
Osorno Pampa Ale Airport,Osorno,CL
Santa Rosa de Tabali Airport,Ovalle,CL
El Tuqui Airport,Ovalle,CL
Huayanay Airport,Ovalle,CL
Paranal Airport,Antofagasta,CL
Puelo Bajo Airport,Puelo Bajo,CL
Pucon Airport,Pucon,CL
San Pedro de Atacama Airport,San Pedro De Atacama,CL
Marcel Marchant Airport,Puerto Montt,CL
Municipal de Panguipulli Airport,Panguipulli,CL
Puyuhuapi Airport,Puyuhuapi,CL
Pullami Airport,Coihueco,CL
Puerto Cisnes Airport,Puerto Cisnes,CL
Calpulli Airport,Paillaco,CL
Pichilemu Airport,Pichilemu,CL
Pillan Airport,Chaiten,CL
Los Paltos Airport,Quinta Tilcoco,CL
Poco a Poco Airport,Mulchen,CL
Mocopulli Airport,Dalcahue,CL
Corte Alto Airport,Purranque,CL
Perales Airport,Copiapo,CL
La Puerta Airport,Santa Cruz,CL
Peulla Airport,Peulla,CL
El Mirador Airport,Puerto Varas,CL
Peumo Airport,Peumo,CL
Punta Catalina Airport,Punta Catalina,CL
Cerro Castillo Airport,Cerro Castillo,CL
Patriot Hills Blue-Ice Runway,Antartica,AQ
La Colmena Airport,Quino,CL
Quenac Airport,Isla Quenac,CL
Icalma Airport,Lonquimay,CL
Lequecahue Airport,Tirua,CL
El Boco Airport,Quillota,CL
Las Quemas Airport,Osorno,CL
Quitralco Airport,Aysen,CL
La Araucanía Airport (Temuco),Freire,CL
Los Morros Airport,Cobquecura,CL
LasTacas Airport,Quebrada Las Tacas,CL
Quemchi Airport,Quemchi,CL
Queilen Airport,Queilen,CL
Villa Portales Airport,Lonquimay,CL
Chanaral Airport,Chanaral,CL
Rio Bravo Airport,Tortel,CL
Villa Tapera Airport,Rio Cisnes,CL
Rodelillo Airport,Vina Del Mar,CL
Estancia Rio Cisnes Airport,Rio Cisnes,CL
Laguna San Rafael Airport,Laguna San Rafael,CL
De La Independencia Airport,Rancagua,CL
Renihue Airport,Renihue,CL
Rio Frio Airport,Rio Frio,CL
La Estrella Airport,Rapel,CL
Teniente Rodolfo Marsh Martin Base,Isla Rey Jorge,AQ
Rio Negro Airport,Rio Negro,CL
Santa Barbara Airport,Romeral,CL
Rapelhuapi Airport,Rapel,CL
Rucananco Airport,Rio Bueno,CL
Purrahuin Airport,Rio Bueno,CL
El Rosario Airport,Cartagena,CL
El Almendro Airport,Retiro,CL
Rio Murta Airport,Rio Murta,CL
La Veronica Airport,Vilcun,CL
Rucalonco Airport,Paredones,CL
El Carrizal Airport,Marchigue,CL
Alberto Santos Dumont Airport,Til Til,CL
Franco Bianco Airport,Cerro Sombrero,CL
San Fernando Airport,San Fernando,CL
La Florida Airport,La Serena-Coquimbo,CL
Victor Lafon Airport,San Felipe,CL
San Geronimo Airport,Algarrobo,CL
El Budi Airport,Teodoro Schmidt,CL
San Javier Airport,San Javier,CL
Colorado Airport,San Clemente,CL
El Salar Airport,Salar De Atacama,CL
Minsal Airport,Salar De Atacama,CL
Santo Domingo Airport,Santo Domingo,CL
Costa del Sol Airport,Lago Rapel,CL
El Sobrante Airport,Petorca,CL
Quilpe Airport,San Pablo,CL
Segundo Corral Alto Airport,Segundo Corral,CL
San Sebastian Airport,San Sebastian,CL
Gamboa Airport,Castro,CL
Santa Lucia Airport,Freire,CL
Vinasutil Airport,Peralillo,CL
Puerto Sanchez Airport,Puerto Sanchez,CL
Santa Luisa Airport,Santa Barbara,CL
Eulogio Sanchez Airport,Santiago,CL
Maquehue Airport,Temuco,CL
El Tepual Airport,Puerto Montt,CL
Tongoy Airport,Tongoy,CL
Tres Chorrillos Airport,San Gregorio,CL
Panguilemo Airport,Talca,CL
La Montana Airport,Curico,CL
Chaiten Airport,Chaiten,CL
Victoria Airport,Victoria,CL
Rio Pascua Airport,Tortel,CL
Tres Quebradas Airport,Alto Del Carmen,CL
Traiguen Airport,Traiguen,CL
Santa Teresa del Almendral Airport,Melipilla,CL
Las Breas Airport,Taltal,CL
Litueche Airport,Litueche,CL
El Tapihue Airport,Casablanca,CL
Pumalin Airport,Chaiten,CL
El Litral Airport,Bulnes,CL
La Obra Airport,Cumpeo,CL
Uni Frutti Airport,Teno,CL
Lontuecito Airport,Cumpeo,CL
Rucamalen Airport,Bulnes,CL
Verfrut Sur Airport,Longavi,CL
Aerosanta Cruz Airport,Santa Cruz,CL
Vinamar Airport,Casablanca,CL
Hospital Villa Baviera Airport,Parral,CL
El Indio Airport,Vicuna,CL
Pichoy Airport,Valdivia,CL
Lago Verde Airport,Lago Verde,CL
Verfrut Airport,San Pedro,CL
El Vergel Airport,Rinihue,CL
La Victoria de Chacabuco Airport,Santiago,CL
Villarrica Airport,Villarrica,CL
Paredes Viejas Airport,Marchigue,CL
El Alamo Airport,Vichuquen,CL
Las Marias Airport,Valdivia,CL
Vina del mar Airport,Vina Del Mar,CL
Huancara Airport,Vicuna,CL
Maria Ester Airport,Victoria,CL
Cuatro Pantanos Airport,Vichuquen,CL
Lago Vargas Airport,Cochrane,CL
Vina Tarapaca Airport,Isla De Maipo,CL
Agromanzun Airport,Vilcun,CL
Los Maitenes de Villa Vieja Airport,La Union,CL
Malla Airport,Vilcun,CL
Alupenhue Airport,Molina,CL
Las Brujas Airport,Salamanca,CL
Las Bandurrias Airport,Lago Ranco,CL
Trilahue Airport,Yumbel,CL
La Capilla Airport,Puyehue,CL
Lican Airport,Puyehue,CL
Poyo Airport,El Chaiten,CL
Los Maitenes Airport,Retiro,CL
Cuyumaique Airport,Purranque,CL
Pozo Brujo Airport,La Union,CL
Casas Viejas Airport,Zapallar,CL
Estero Seco Airport,Pirque,CL
Mj Aviation Ii Airport,Elk Point,US
Mj Aviation I Airport,Letcher,US
Calico Field,Winfred,US
Thorson Airfield,Aberdeen,US
Valburg Ranch Airport,Draper,US
Fleurish Farm Airport,Elk Point,US
Andersen Farms Airport,Badger,US
Hayes Emergency Airstrip,Hayes,US
Eden Valley Airport,Sturgis,US
Infinity Landing Airport,Piedmont,US
Black Hills Flyway Airport,Hot Springs,US
Glenwood Field,Beresford,US
Selle Airport,Bonesteel,US
Braun Airport,Aberdeen,US
Sky Ranch For Boys Airport,Camp Crook,US
Bruch Airfield,Sturgis,US
Booth Ranch Airport,Ridgeview,US
Ingle Airport,Cavour,US
Jensen Airport,Dell Rapids,US
Howard Field,Beresford,US
Winter Airfield,Huron,US
W L Thompson Airport,Pierre,US
Lone Tree Airport,Crocker,US
Plihal Farms Airport,Tyndall,US
Whipple Ranch Airport,Wilmot,US
Flying T Airport,Hot Springs,US
Bogner Field,Oelrichs,US
Vig Ranch Airfield,Opal,US
Erickson Intergalactic Airport,Valley Springs,US
Vander Wal Airport,Pollock,US
Tennant Ranch Airport,Camp Crook,US
Mettler Airport,Menno,US
Anderson Aerial Spraying Airport,Kennebec,US
Lee Airport,De Smet,US
Gary Myers Airport,Gettysburg,US
Lundin Airport,Revillo,US
Barber Airport,Enning,US
Araras Airport,Araras,BR
Everaldo Moras Barreto Airport,Adamantina,BR
Sao Pedro Airport,Sao Pedro,BR
Fazenda Palmeiras Airport,Analandia,BR
Angra dos Reis Airport,Angra Dos Reis,BR
Americana Airport,Americana,BR
Fazenda Santa Marina Airport,Santo Antonio Do Aracangua,BR
Amarais Airport,Campinas,BR
Fazenda Santo Angelo Airport,Brotas,BR
Fazenda Santo Antonio Airport,Mirandopolis,BR
Fazenda Altair Airport,Santa Ernestina,BR
Batatais Airport,Batatais,BR
Bebedouro Airport,Bebedouro,BR
Aeroclube Airport,Birigui,BR
Botucatu Airport,Botucatu,BR
Fazenda Bonanza Airport,Salto De Pirapora,BR
Balneario Sao Januario Airport,Ilha Comprida,BR
Bariri Airport,Bariri,BR
Capao Bonito Airport,Capao Bonito,BR
Catanduva Airport,Catanduva,BR
Fazenda Marambaia Airport,Pirapora,BR
Senadora Eunice Micheles Airport,Sao Paulo De Olivenca,BR
Fazenda Campo Alegre Airport,Cerqueira Cesar,BR
Sete Povos Airport,Sao Desiderio,BR
Sorocaba Airport,Sorocaba,BR
Fazenda Caicara Airport,Itanhaem,BR
Fazenda Santo Antonio do Oricanga Airport,Estiva Gerbi,BR
Brigadeiro Francisco Pinto de Moura Airport,Casemiro De Abreu,BR
Fazenda Paloma Airport,Colombia,BR
Fazenda Bom Jardim Airport,Mangaratiba,BR
Maggi Agropecuaria Airport,Campos Novos Paulista,BR
Fazenda Santa Maria Airport,Moncoes,BR
Saint-Exupery Airport,Ocaucu,BR
Fazenda Dois Lagos Airport,Tatui,BR
Andradina Airport,Andradina,BR
Dracena Airport,Dracena,BR
Usina Catanduva Airport,Palmares Paulista,BR
Fazenda Paiquere Airport,Populina,BR
Rancho Enagri Airport,Alto Garcas,BR
Edra do Brasil Airport,Ipeuna,BR
Rancho Villela Airport,Itai,BR
Fazenda Nova California Airport,Martinopolis,BR
Fazenda Guara do Pinhal Airport,Itapetininga,BR
Estancia Machado Airport,Alvares Machado,BR
Fazenda Entre Rios Airport,Ibitinga,BR
Presidente Epitacio Airport,Presidente Epitacio,BR
Fazenda Entre Rios Airport,Sud Menucci,BR
Estancia Colorado Airport,Sales De Oliveira,BR
Tiete Airport,Tiete,BR
Fazenda Bonanca Airport,Pereira Barreto,BR
Fazenda Brumado Airport,Barretos,BR
Fazenda Constancia Airport,Altair,BR
Fernandopolis Airport,Fernandopolis,BR
Fazenda Santo Antonio Airport,Bela Vista,BR
Fazenda Fittipaldi Citrus Airport,Araraquara,BR
Fazenda Amalia Airport,Santa Rosa Do Viterbo,BR
Fazenda Figueira Airport,Maraba Paulista,BR
Fazenda Santa Albana Airport,Itapetininga,BR
Fazenda Santa Maria Airport,Teodoro Sampaio,BR
Fazenda Sao Francisco Airport,Fartura,BR
Virgulino de Oliveira Airport,Itapira,BR
Fazenda Ponte Funda Airport,Presidente Eptacio,BR
Casa Nova Airport,Casa Nova,BR
Fazenda Ipameri Airport,Osvaldo Cruz,BR
Usina Colorado Airport,Guaira,BR
Garca Airport,Garca,BR
Fazenda Fartura Airport,Ocaucu,BR
Fazenda Suissa Airport,Guaimbe,BR
Fazenda Gurucaia Airport,Guararapes,BR
Hotel Fazenda Capricho Airport,Avare,BR
Guararapes Airport,Guararapes,BR
Fazenda Alvorada Airport,Campos Novos Paulista,BR
Usina Bonfim Airport,Guariba,BR
Fazenda Anhangai Airport,Aracatuba,BR
Fazenda Koga Airport,Getulina,BR
Fazenda Herdade Airport,Itapira,BR
Irmaos Ribeiro Airport,Espirito Santo Do Pinhal,BR
Itarare Airport,Itarare,BR
Ibitinga Airport,Ibitinga,BR
Fazenda Irohy Airport,Biritiba-Mirim,BR
Fazenda Pedra Branca Airport,Angra Dos Reis,BR
Itanhaem Airport,Itanhaem,BR
Clube do Ceu Airport,Rio De Janeiro,BR
Aeroclube de Itapolis Airport,Itapolis,BR
Fazenda Centro de Voo a Vela Ipua Airport,Cacapava,BR
Itu Airport,Itu,BR
Ituverava Airport,Ituverava,BR
Fazenda Sao Paulo Airport,Cardoso,BR
Doutor Jose Augusto de Arruda Botelho Airport,Itirapina,BR
Jaboticabal Airport,Jaboticabal,BR
Fazenda Jequitiba Airport,Buri,BR
Fazenda Ponte Preta Airport,Santa Cruz Do Rio Pardo,BR
Jales Airport,Jales,BR
Fazenda Sao Luiz Airport,Jardinopolis,BR
Sao Joaquim da Barra Airport,Sao Joaquim Da Barra,BR
Fazenda Sao Joaquim O.B. Airport,Pereira Barreto,BR
Fazenda Santa Ines Airport,Sao Jose Do Rio Preto,BR
Sao Joao da Boa Vista Airport,Sao Joao Da Boa Vista,BR
Fazenda Barra do Agudo Airport,Morro Agudo,BR
Casa Branca Airport,Casa Branca,BR
Fazenda Eldorado Airport,Galia,BR
Coribe Airport,Coribe,BR
Juazeiro Airport,Curaca,BR
Fazenda Gavea Airport,Cerqueira Cesar,BR
Formosa do Rio Preto Airport,Formosa Do Rio Preto,BR
Mococa Airport,Mococa,BR
Fazenda e Haras Bela Vista Airport,Mineiros Do Tiete,BR
Fazenda Campo Grande Airport,Colombia,BR
Fazenda Jamaica Airport,Pompeia,BR
Fazenda Sao Joao Airport,Guaraci,BR
Fazenda Triangulo Airport,Pontes E Lacerda,BR
FazendaSodema Airport,Vera,BR
Lucelia Airport,Lucelia,BR
Rio de Contas Airport,Rio De Contas,BR
Salviano Inacio Rocha Airport,Ourolandia,BR
Caldas do Jorro Airport,Tucano,BR
Abare Airport,Abare,BR
Igarape Bahia Airport,Parauapebas,BR
Cacule Airport,Cacule,BR
Leme Airport,Leme,BR
Fazenda Tosana Airport,Cabo Frio,BR
Fazenda Pontal Airport,Cairu,BR
Lencois Paulista Airport,Lencois Paulista,BR
Fazenda Perobal Airport,Guararapes,BR
Fazenda Sonho Dourado Airport,Valentim Gentil,BR
Fazenda Santa Luiza Airport,Barra Bonita,BR
Fazenda Sao Francisco Airport,Florestopolis,BR
Fazenda Campo Real Airport,Campo Novo Do Parecis,BR
Fazenda Jacareuna Airport,Sao Felix Do Araguaia,BR
Matao Airport,Matao,BR
Fazenda Maristela Airport,Tremembe,BR
Marica Airport,Marica,BR
Fazenda Santa Izabel Airport,Coxim,BR
Marchesan S.A. Airport,Matao,BR
Mirassol Airport,Mirassol,BR
Mogi Mirim Airport,Mogi Mirim,BR
Monte Alto Airport,Monte Alto,BR
Fazenda Quebracho Brasil Airport,Porto Murtinho,BR
Marambaia Airport,Rio De Janeiro,BR
Fazenda Morro Vermelho Airport,Jau,BR
Fazenda Karaja Airport,Nova Crixas,BR
Fazenda Fontana Airport,Campo Verde,BR
Fazenda Cambuhy Airport,Matao,BR
Fazenda Vale Verde Airport,Comendador Gomes,BR
Fazenda Nova Damasco Airport,Narandiba,BR
Fazenda Sao Joaquim Airport,Maraba Paulista,BR
Fazenda Sao Gabriel Airport,Nova Maringa,BR
Novo Horizonte Airport,Novo Horizonte,BR
Nascimento I Airport,Vargem Grande Paulista,BR
Nascimento II Airport,Capao Bonito,BR
Fazenda Vitoria Airport,Primavera Do Leste,BR
Fazenda Sao Francisco do Itaquere Airport,Nova Europa,BR
Sao Manuel Airport,Sao Manuel,BR
Aldeia Nacepoti Airport,Altamira,BR
Aldeia Piaracu Airport,Sao Jose Do Xingu,BR
Aeroclube Airport,Nova Iguacu,BR
Fazenda Alto do Piriqui Airport,Sonora,BR
Lagoa da Floresta Airport,Barra Do Corda,BR
Fazenda Sao Jose OB Airport,Tapiratiba,BR
Fazenda Vida Airport,Barra Do Corda,BR
Fazenda Siberia Airport,Grajau,BR
Centro Nacional de Para-quedismo Airport,Boituva,BR
Agropesp Airport,Tapura,BR
Fazenda Mosquito Airport,Orlandia,BR
Ourinhos Airport,Ourinhos,BR
Mozarlandia Airport,Mozarlandia,BR
Ourilandia do Norte Airport,Ourilandia Do Norte,BR
Fazenda Pixoxo Airport,Sao Carlos,BR
Aldeia Pontal Airport,Apiacas,BR
Fazenda Portobello Airport,Mangaratiba,BR
Atena Airport,Rancharia,BR
Pindamonhangaba Airport,Pindamonhangaba,BR
Fazenda Progresso Airport,Andradina,BR
Penapolis Airport,Penapolis,BR
Fazenda Fortaleza Airport,Paranapanema,BR
Presidente Venceslau Airport,Presidente Venceslau,BR
Piracicaba Airport,Piracicaba,BR
Pirassununga Airport,Pirassununga,BR
Fazenda Carambola Airport,Ponta Pora,BR
Fazenda Nova Floresta Airport,Caiabu,BR
Fazenda da Ilha Airport,Tibagi,BR
Fazenda Cerro Azul Airport,Nioaque,BR
Fazenda Tangara Airport,Nioaque,BR
Companhia Agricola de Quata Airport,Quata,BR
Fazenda Santa Fe Airport,Caceres,BR
Fazenda Criciuma Airport,Sorriso,BR
Fazenda Esperanca Airport,Itapeva,BR
Fazenda Espinhaco II Airport,Barra Do Garcas,BR
Fazenda das Represas Airport,Sao Miguel Arcanjo,BR
Fazenda Santana Airport,Rancharia,BR
Adhemar Ribeiro Airport,Santa Rita Do Passa Quatro,BR
Fazenda Recanto Feliz Airport,Rio Claro,BR
Fazenda Chaparral Airport,Campo Grande,BR
Rio Claro Airport,Rio Claro,BR
Agropastoril bom Pastor Airport,Rondonopolis,BR
Avare-Arandu Airport,Avare,BR
Resende Airport,Resende,BR
Fazenda Caramuru Airport,Inubia Paulista,BR
Fazenda Pirapitinga Airport,Canapolis,BR
Fazenda Palmeiras Airport,Corumba,BR
Fazenda Sao Paulo Airport,Amambai,BR
Fazenda Maraba Airport,Porto Murtinho,BR
Fazenda Sao Sebastiao Airport,Rifaina,BR
Sao Carlos Airport,Sao Carlos,BR
Sitio Santa Helena Airport,Gabriel Monteiro,BR
Fazenda Sangrila Airport,Bauru,BR
Fazenda Sao Joao Airport,Orlandia,BR
Saquarema Airport,Saquarema,BR
Fazenda Nossa Senhora da Conceicao Airport,Sao Manuel,BR
Fazenda Sao Geraldo Airport,Piquerobi,BR
Usina Santa Rita Airport,Santa Rita Do Passa Quatro,BR
Fazenda Santa Terezinha da Barra Airport,Sao Carlos,BR
Fazenda Santa Candida Airport,Guariba,BR
Atibaia Airport,Atibaia,BR
Fazenda Tapijara Airport,Arandu,BR
Tatui Airport,Tatui,BR
Tupi Paulista Airport,Tupi Paulista,BR
Parati Airport,Parati,BR
Usina Acucareira Santo Antonio Airport,Sertaozinho,BR
Fazenda Cataco Airport,Ubarana,BR
Tupa Airport,Tupa,BR
Fazenda Santa Thereza Airport,Aparecida Do Rio Doce,BR
Fazenda Bandeirantes Airport,Porto Murtinho,BR
Fazenda Planalto Airport,Jaraguari,BR
Fazenda Barra do Traitu Airport,Aracatuba,BR
Fazenda Sao Joao Airport,Terenos,BR
Fazenda Sao Jose Airport,Ilha Solteira,BR
Usina Sao Martinho Airport,Pradopolis,BR
Fazenda Santa Julia Airport,Corumba,BR
Agrorural Sol Nascente Airport,Aveiro,BR
Ubatuba Airport,Ubatuba,BR
Usina Santa Adelia Airport,Jaboticabal,BR
Fazenda Figueira Airport,Penapolis,BR
Fazenda Touro Peru Airport,Porto Murtinho,BR
Fazenda Sumare Airport,Ribas Do Rio Pardo,BR
Fazenda Xaimite Airport,Agua Boa,BR
Usina Santa Lydia Airport,Ribeirao Preto,BR
Itaperuna Airport,Itaperuna,BR
Alagoinhas Airport,Alagoinhas,BR
Paraguacu Paulista Airport,Paraguacu Paulista,BR
Ibera Airport,Ponta Grossa,BR
Mayrowy Airport,Apiacas,BR
Usina California Airport,Parapua,BR
Usina Sao Luiz Airport,Ourinhos,BR
Fazenda Campo Vitoria Airport,Vargem Grande Do Sul,BR
Vera Cruz Airport,Vera Cruz,BR
Votuporanga Airport,Votuporanga,BR
Fazenda Vale Eldorado Airport,Atibaia,BR
Comandante Gastao Airport,Tangara Da Serra,BR
Fazenda Santa Marta Airport,Santa Maria Das Barreiras,BR
Valenca Airport,Valenca,BR
Fazenda Santissima Trindade Airport,Amambai,BR
Fazenda Baia das Conchas Airport,Porto Murtinho,BR
Fazenda Vassoural Airport,Pontal,BR
Aldeia Kremoro Airport,Peixoto De Azevedo,BR
Aldeia Bau Airport,Altamira,BR
Fazenda California Airport,Barretos,BR
Usina Sao Carlos Airport,Jaboticabal,BR
Fazenda Itapiranga Airport,Maraba Paulista,BR
Fazenda Avanhandava Airport,Jose Bonifacio,BR
Fazenda Lagoa do Cavalo Airport,Gravata,BR
Aldeia Kubenkroke Airport,Altamira,BR
Junqueira Airport,Igarapava,BR
Tres Marias Airport,Itupeva,BR
Aldeia de Metuktire Airport,Peixoto De Azevedo,BR
Fazenda Barreiro Grande Airport,Colombia,BR
Alenquer Airport,Alenquer,BR
Fazenda Primavera Airport,Mirandopolis,BR
Fazenda Anahi Airport,Porto Murtinho,BR
Pista Sol Nascente Airport,Itaituba,BR
Cristalina Airport,Cristalina,BR
Chacara Serradinho Airport,Jaboticabal,BR
Alto Paraiso Airport,Alto Paraiso,BR
Fazenda Cajueiro Airport,Sao Domingos Do Capim,BR
Costa Rica Airport,Costa Rica,BR
Fazenda Santa Maria da Mata Airport,Sud Menucci,BR
Fazenda Flamboyant Airport,Castilho,BR
Fazenda Vaca Mocha Airport,Caracol,BR
Fazenda Boa Vista Airport,Rio Negro,BR
Fazenda Aracatuba Airport,Pacaembu,BR
Fazenda Sao Jose do Barreiro Airport,Itapetininga,BR
Fazenda Irmaos Munaretto Airport,Lucas Do Rio Verde,BR
Fazenda Buritiz Airport,Buritizeiro,BR
Jose Martins da Silva Airport,Regente Feijo,BR
Limeira Airport,Limeira,BR
Fazenda Esmeralda Airport,Taciba,BR
Aeroportobelo Airport,Porto Belo,BR
Itapeva Airport,Itapeva,BR
Campo Maior Airport,Campo Maior,BR
Fazenda Santa Maria Airport,Pirajui,BR
Fazenda Santa Helena Airport,Pindamonhangaba,BR
Fazenda Sao Marcos Airport,Itapeva,BR
Fazenda Cruzeiro Airport,Guariba,BR
Fazenda Bananeira Airport,Altair,BR
Fazenda Posses do Rio Grande Airport,Guaraci,BR
Fazenda Anhumas Airport,Maraba Paulista,BR
Fazenda Gandu Airport,Duartina,BR
Fazenda Ipanema Airport,Andradina,BR
Fazenda Suri Airport,Campinapolis,BR
Sitio Sao Jose Airport,Nova Europa,BR
Alba Elena Airport,Rocafuerte,EC
Guabital Airport,Soledad,EC
Las Penas Airport,Isla Puna,EC
San Carlos Costa Airport,Lorenzo de Garaicoa,EC
San Rafael Airport,San Rafael,EC
Vinces Airport,Vinces,EC
Km 60 Airport,Consumulo,EC
Babahoyo North Airport,Babahoyo,EC
San Carlos Airport,Jose Real,EC
Quevedo North Airport,Quevedo,EC
Loja Airport,Loja,EC
Celia Maria Airport,Pasaje,EC
Banasur Airport,Buenavista,EC
La Mina Airport,El Guabo,EC
La Puntilla Airport,La Puntilla,EC
Chachoan Airport,Ambato,EC
Arapicos Airport,Sangay,EC
Arajuno Airport,Arajuno,EC
Ascazubi Airport,Ascazubi,EC
Ayangue Airport,San Pedro,EC
Buena Fe Airport,Buena Fe,EC
Chone Airport,Chone,EC
Hacienda Clementina Airport,Pozuelos,EC
Francisco De Orellana Airport,Coca,EC
Coaque Airport,Coaque,EC
Curaray Airport,Curacay,EC
Mariscal Lamar Airport,Cuenca,EC
Guale Airport,Guale,EC
Seymour Airport,Baltra,EC
Simon Bolivar International Airport,Guayaquil,EC
Gualaquiza Airport,Santiago,EC
Cotachachi Airport,Cotacachi,EC
Atahualpa Airport,Ibarra,EC
General Villamil Airport,Isabela,EC
Isabel Maria Airport,America,EC
Jipijapa Airport,Jipijapa,EC
Jama Airport,Jama,EC
Km 192 Airport,Lagartera,EC
Limoncocha Airport,Limoncocha,EC
Hacienda La Julia Airport,Julia,EC
Loma Larga Airport,Loma Larga,EC
Cotopaxi International Airport,Latacunga,EC
Jose Maria Velasco Ibarra Airport,Macara,EC
Coronel E Carvajal Airport,Macas,EC
General Manuel Serrano Airport,Machala,EC
El Carmen Airport,Montalvo,EC
Eloy Alfaro International Airport,Manta,EC
Maragrosa Airport,Puerto Balao,EC
Martinica Airport,Martinica,EC
Nueva Loja Airport,Lago Agrio,EC
Pedro Carbo Airport,Pecro Carbo,EC
Patuca Airport,Patuca,EC
Pedernales Airport,Pedernales,EC
Posorja Airport,Posorja,EC
Amable Calle Gutierrez Airport,Pasaje,EC
Putumayo Airport,Puerto Putumayo,EC
Puna Airport,Puna,EC
Reales Tamarindos Airport,Portoviejo,EC
Payo Airport,Hacienda Payo,EC
Los Perez Airport,Los Perez,EC
Quevedo Airport,Quevedo,EC
Nuevo Aeropuerto Internacional Mariscal Sucre,Quito,EC
Chimborazo Airport,Riobamba,EC
Coronel Artilleria Victor Larrea Airport,Santa Rosa,EC
General Ulpiano Paez Airport,Salinas,EC
Sucua Airport,Sucua,EC
Santo Domingo de Los Colorados Airport,Santo Domingo de Los Colorades,EC
Rio Amazonas Airport,Shell Mera,EC
San Cristobal Airport,San Cristobal,EC
Los Perales Airport,Bahia de Caraquez,EC
Taura Airport,Taura,EC
Mayor Galo Torres Airport,Tena,EC
Tenguel Airport,Boca de Tenguel,EC
Taisha Airport,Taisha,EC
Tiputini Airport,Tiputini,EC
Camilo Ponce Enriquez Airport,La Toma (Catamayo),EC
General Rivadeneira Airport,Tachina,EC
Tarapoa Airport,Tarapoa,EC
Teniente Coronel Luis a Mantilla Airport,Tulcan,EC
El Vergel Airport,El Vergel,EC
Stanley Airport,Stanley,FK
Estancia Pai Quara Airport,Estancia Pai Quara,PY
Silvio Pettirossi International Airport,Asuncion,PY
Juan De Ayolas Airport,Ayolas,PY
Bella Vista Sur Airport,Colonia Doctor Pastor Obligado,PY
Bahia Negra Airport,Bahia Negra,PY
Teniente Col Carmelo Peralta Airport,Concepcion,PY
Encarnacion Airport,Encarnacion,PY
Guarani International Airport,Ciudad del Este,PY
Filadelfia Airport,Filadelfia,PY
Salto del Guaira Airport,Salto del Guaira,PY
Itaipu Airport,Itaipu,PY
Dr. Luis Maria Argana International Airport,Mariscal Estigarribia,PY
Villa Hayes Sarg Airport,Villa Hayes,PY
Fuerte Olimpo Airport,Fuerte Olimpo,PY
Coronel Oviedo Airport,Coronel Oviedo,PY
Pozo Colorado Airport,Pozo Colorado,PY
Pelayo Prats Gill Airstrip,,PY
Carlos Miguel Gimenez Airport,Pilar,PY
Dr Augusto Roberto Fuster International Airport,Pedro Juan Caballero,PY
Puerto Pinasco Airport,Pinasco,PY
Rosario Airport,Rosario,PY
San Pedro Airport,San Pedro del Ycuamandiyu,PY
Santa Teresa Airport,Santa Teresa,PY
Leda Mello Resende Airport,Tres Pontas,BR
Estancia Regina Airport,Porto Murtinho,BR
Fazenda Sao Jose Airport,Sapezal,BR
Fazenda Gaivota Airport,Pocone,BR
Fazenda Palmital Airport,Morro Agudo,BR
Fazenda Araras Airport,Corguinho,BR
Ana Paula Airport,Acegua,BR
Fazenda Bom Retiro Airport,Ibirarema,BR
Fazenda Jatoba Airport,Barao De Melgaco,BR
Fazenda Beira Rio Airport,Novo Progresso,BR
Auriflama Airport,Auriflama,BR
Fazenda Jatoba Airport,Aquidauana,BR
Vila de Tocos Airport,Campos Dos Goytacazes,BR
Benedito Mutran Airport,Maraba,BR
Bunge Fertilizantes Airport,Cajati,BR
Sada Siderurgia Ltda Airport,Varzea Da Palma,BR
Fazenda Canaa Airport,Piraju,BR
Sao Luiz Airport,Boa Esperanca,BR
Catole da Rocha Airport,Catole Da Rocha,BR
Fazenda Bela Vista Airport,Nova Alvorada Do Sul,BR
Conceicao Airport,Conceicao,BR
Rosana Camargo Airport,Buritama,BR
Monteiro Airport,Monteiro,BR
Itaporanga Airport,Itaporanga,BR
Brejo das Freiras Airport,Sao Joao Do Rio Do Peixe,BR
Pedro Simoes Pimenta Airport,Cuite,BR
Fazenda Serrinha Airport,Tres Lagoas,BR
Gaivota Aviacao Agricola Airport,Sapezal,BR
Cidade Capelinha Airport,Capelinha,BR
Fazenda Nossa Senhora de Fatima Airport,Brasilandia,BR
Fazenda Vista Bonita Airport,Sandovalina,BR
SOLAG - Sol e Lua Aviacao Agricola Airport,Lucas Do Rio Verde,BR
Doutor Walter Beckert Airport,Faxinal,BR
Fazenda Santa Fe Airport,Campo Alegre De Goias,BR
Fazenda do Cedro Airport,Chapada,BR
Doutor Almir Lopes de Oliveira Melo Airport,Coelho Neto,BR
Fazenda Sao Joao do Monte Alto Airport,Maracaju,BR
Fazenda Jatobasso Airport,Ponta Pora,BR
Fazenda Cibrapa Airport,Barra Do Garcas,BR
Fazenda Ipanema Airport,Ipero,BR
Retiro Piuva Airport,Miranda,BR
Fazenda Santa Lucinha Airport,Corumba,BR
Fazenda Yanduy Airport,Lunardelle,BR
Estancia Ayrton Senna Airport,Caarapo,BR
Fazenda Ibipora Airport,Guararapes,BR
Fazenda Carrapicho Airport,Dois Irmaos Do Buriti,BR
Fazenda Anhumas II Airport,Presidente Eptacio,BR
Colonial Airport,Verdelandia,BR
Fazenda Sao Jose Airport,Campo Grande,BR
Fazenda Santa Edwiges Airport,Taquarussu,BR
Monte Verde Airport,Nova Monte Verde,BR
Fazenda Varzea Funda Airport,Caceres,BR
Fazenda Sao Marcos Airport,General Carneiro,BR
Estancia Tara Airport,Miranda,BR
Fazenda Boca da Onca Airport,Bodoquena,BR
Fazenda Pedra Branca Airport,Tibagi,BR
Fazenda Sete Airport,Miranda,BR
Fazenda Cachoeirinha Airport,Miranda,BR
Fazenda Dois Irmaos Airport,Caceres,BR
Fazenda Dinora Airport,Nova Fatima,BR
Fazenda Firme Airport,Corumba,BR
Fazenda Santa Rita do Araguaia Airport,Santa Rita Do Araguaia,BR
Fazenda Jurema Airport,Rio Brilhante,BR
Fazenda Mudanca Airport,Aripuana,BR
Fazenda Planura Airport,Autazes,BR
Condominio Menega Airport,Flores Da Cunha,BR
Fazenda Romaria Airport,Romaria,BR
Fazenda Travessao Airport,Vila Bela Da Santissima Trindade,BR
Fazenda Ribeirao Airport,Barra Do Pirai,BR
Primo Bitti Airport,Aracruz,BR
Fazenda Sao Lourenco Airport,Corumba,BR
Fazenda Yndiana Airport,Porto Murtinho,BR
Fazenda Jopejo Airport,Chapada Dos Guimaraes,BR
Fazenda Boa Sorte Airport,Nova Andradina,BR
Fazenda Sao Benedito Airport,Caceres,BR
Asa Delta Airport,General Carneiro,BR
Fazenda Araguari Airport,Gaucha Do Norte,BR
Fazenda Granja Santiago Airport,Paracatu,BR
Fazenda Goiabeira Airport,Itabera,BR
Fazenda Cafe no Bule Airport,Ribas Do Rio Pardo,BR
Estancia Miranda Airport,Caracol,BR
Fazenda Gairova Airport,Juara,BR
Fazenda Progresso Airport,Sebastiao Leal,BR
Fazenda Soberana Airport,Grajau,BR
Fazenda Ponderosa Airport,Pium,BR
Fazenda Itaipavas Airport,Picarras,BR
Sitio Flyer Airport,Palmas,BR
Estancia Vacadiga Airport,Bela Vista,BR
Fazenda Boa Sorte Airport,Paracatu,BR
Agrishow Airport,Ribeirao Preto,BR
Fazenda Parana Airport,Brasnorte,BR
Crepurizao Airport,Itaituba,BR
Fazenda Cachoeira Branca Airport,Ribas Do Rio Pardo,BR
Eliza Camargo de Arruda Botelho Airport,Rancharia,BR
Doutor Heraclito da Motta Luiz Airport,Guaira,BR
Fazenda Santa Lidia Airport,Ribas Do Rio Pardo,BR
Fazenda Girua Airport,Rio Verde Do Mato Grosso,BR
Independencia Airport,Itaituba,BR
Fazenda Aracoxim Airport,Sonora,BR
Fazenda Uberaba Airport,Vila Alta,BR
Santa Marta Airport,Campo Florido,BR
Fazenda Corrego Fundo Airport,Agua Boa,BR
Fazenda Chalana Airport,Diamantino,BR
Fazenda Joana Estancia Airport,Corumba,BR
Fazenda Jaguarete Airport,Guararapes,BR
Fazenda Salamanca Airport,Aral Moreira,BR
Vazante Airport,Vazante,BR
Fazenda Santa Maria do Porto da Capivara Airport,Barao De Melgaco,BR
Fazenda Sao Joao do Jatobazinho Airport,Corumba,BR
Ely Rego Airport,Balsa Nova,BR
Fazenda Areia Branca Airport,Juina,BR
Fazenda Vera Paz Airport,Itaituba,BR
Agua Boa Airport,Agua Boa,BR
Colider Airport,Colider,BR
Fazenda Cristalino Airport,Alta Floresta,BR
Calciolandia Airport,Arcos,BR
Fazenda Viamao Airport,Arame,BR
Fazenda Bonanza Airport,Arame,BR
Fazenda Pison Airport,Maues,BR
Fazenda Santa Teresa Airport,Corumba,BR
Fazenda Samauma Airport,Itaituba,BR
Fazenda Continental Airport,Colombia,BR
Fazenda Beira Rio Airport,Costa Rica,BR
Fazenda Olho D`Agua Airport,Parnarama,BR
Fazenda Santa Ada Airport,Jatei,BR
Aviador Mario Luiz Spinelli Airport,Chapada Dos Guimaraes,BR
Municipal Bom Futuro Airport,Lucas do Rio Verde,BR
Fazenda Colorado Airport,Bodoquena,BR
Fazenda Panama Airport,Sapezal,BR
Ilha dos Porcos Grandes Airport,Angra Dos Reis,BR
Do Gaucho Airport,Laranjal Do Jari,BR
Fazenda Regalito Airport,Flores De Goias,BR
Fazenda Rio Capim Airport,Paragominas,BR
Clube de Ultraleves Aeroleve Airport,Cascavel,BR
Agua Branca Airport,Itaituba,BR
Fazenda Trez Irmaos Airport,Santa Fe Do Sul,BR
Fazenda Cristo Airport,Miranda,BR
Fazenda Mata Assombrada Airport,Bela Vista,BR
Fazenda Jandaia Airport,Peixoto De Azevedo,BR
Fazenda Tres Marias Airport,Vila Alta,BR
Fazenda Mariad Airport,Juazeiro,BR
Fazenda Mandiore Airport,Corumba,BR
Comandante Carlos Inacio Agnes Airport,Davinopolis,BR
Fazenda Sao Miguel Airport,Unai,BR
Fazenda Seis Palmas Airport,Porto Murtinho,BR
Fazenda Boa Vista Airport,Tacuru,BR
Capinopolis - Aviacao Agricola Buttarello Ltda. Airport,Capinopolis,BR
Franca Airport,Franca,BR
Codenorte Airport,Moju,BR
Posto de Protecao Ambiental Santo Andre Airport,Barao De Melgaco,BR
Dois de Maio Airport,Corumba,BR
Fazenda Reunidas Airport,Rio Verde,BR
Fazenda Mutum Airport,Anaurilandia,BR
Fazenda Mata Velha Airport,Uberaba,BR
Fazenda Retiro do Cervo I Airport,Jaraguari,BR
Fazenda Jangada Airport,Jangada,BR
Fazenda Porto Oculto Airport,Itaquirai,BR
Fazenda Primeiro de Maio Airport,Sonora,BR
Sao Francisco Airport,Sao Pedro Do Parana,BR
Nova Conceicao Agroindustrial Airport,Baiao,BR
Fazenda Sao Joao Airport,Nova Granada,BR
Fazenda Esperanca Airport,Novo Horizonte Do Sul,BR
Fazenda Novo Horizonte - TATTERSAL Airport,Coxim,BR
Fazenda Negrinha Airport,Parapua,BR
Fazenda Itanhanga Airport,Nova Mutum,BR
Fazenda Nova Holanda Airport,Balsas,BR
Fazenda Mapisa Airport,Bom Jesus Das Selvas,BR
Fazenda Santa Maria Airport,Jardim,BR
Laranjal Airport,Laranjal Do Jari,BR
Fazenda Recanto Airport,Alcinopolis,BR
Fazenda Cachoeira do Lontra Airport,Campo Grande,BR
Fazenda Santa Adelia Airport,Santa Isabel,BR
Fazenda Xerez Airport,Bela Vista,BR
Fazenda Santa Rita Airport,Custodia,BR
Xanadu Airport,Fernandes Pinheiro,BR
Fazenda Perdizes Airport,Lassance,BR
Fazenda Guanabara Airport,Andradina,BR
Santo Expedito Airport,Nova Independencia,BR
Fazenda Santa Helena Airport,Nova Andradina,BR
Mocelin Airport,Dois Vizinhos,BR
Fazenda Cachoeira Airport,Nova Alvorada Do Sul,BR
Rio Arraias Airport,Uniao Do Sul,BR
Fazenda Soroteca Airport,Sao Jose Dos Quatro Marcos,BR
Fazenda Agua Doce Airport,Nobres,BR
Fazenda Pontal Airport,Corumbaiba,BR
Rio Ouro Airport,Uniao Do Sul,BR
Fazenda Piquiri Airport,Porto Murtinho,BR
Fazenda Londrina II Airport,Porto Murtinho,BR
Fazenda Mato Alto Airport,Iguatemi,BR
Fazenda Sao Miguel Airport,Corumba,BR
Fazenda Santa Josefa Airport,Jatei,BR
Fazenda Santa Verginia Airport,Santa Rita Do Pardo,BR
Fazenda Santa Helena Airport,Corumba,BR
Taua Airport,Prado,BR
Fazenda Santa Fe Airport,Santana Do Araguaia,BR
Aeroclube de Sao Jose do Rio Pardo Airport,Sao Jose Do Rio Pardo,BR
CAVU - Clube de Aviacao Ultraleve Airport,Raposa,BR
Portal do Ceu Airport,Belem,BR
Itapessoca Airport,Goiana,BR
Fazenda Agua Preta Airport,Cocalinho,BR
Fazenda Palmeiras Airport,Caseara,BR
Fazenda Marreco Airport,Sao Goncalo Do Abaete,BR
SESC Pantanal Airport,Pocone,BR
Fazenda Entre Serras Airport,Planalto Da Serra,BR
Fazenda Progresso Airport,Porto Murtinho,BR
Sebastiao Jose Pereira Airport,Condeuba,BR
Fazenda Rancho Estrela Airport,Sao Miguel Do Passa Quatro,BR
Fazenda Sao Jose Airport,Parauna,BR
Fazenda Lagoa da Capa Airport,Perdizes,BR
Ambrosio Airport,Portel,BR
Senador Antonio Farias Airport,Baia Formosa,BR
Monte Verde Airport,Portel,BR
Fazenda Paraiso Airport,Costa Rica,BR
Fazenda Estancia Regina Airport,Terenos,BR
Botelho Airport,Brasilia,BR
Fazenda Morro Alto Airport,Nova Canaa Do Norte,BR
Aerolis Airport,Palmares Do Sul,BR
Morro do Chapeu II Airport,Chapada Dos Guimaraes,BR
Rodrigues Airport,Nova Odessa,BR
Fazenda Bom Jardim Airport,Porteirao,BR
Fazenda Flor da Mata Airport,Sao Jose Do Xingu,BR
Fazenda Mercedes Estancia Airport,Corumba,BR
Aero Resende Airport,Bom Jesus,BR
Fazenda Triangulo Airport,Bonopolis,BR
Fazenda Terra do Sol Airport,Porto Estrela,BR
Alcoolvare Airport,Aparecida Do Taboado,BR
Fazenda Sol Aberto Airport,Sapezal,BR
Fazenda Santa Maria do Jauru Airport,Porto Esperidiao,BR
Fazenda Barranquinho Airport,Porto Estrela,BR
Fazenda Amizade Airport,Sorriso,BR
Fazenda Carolina Airport,Buritis,BR
Fazenda Magiana Airport,Sorriso,BR
Fazenda Mimoso Airport,Rio Brilhante,BR
Fazenda Jarina Airport,Peixoto De Azevedo,BR
Rancho Jatoba Airport,Novo Santo Antonio,BR
Fazenda Rancho Estrela IV Airport,Sao Domingos,BR
Jose Mucio Monteiro Airport,Rio Formoso,BR
Fazenda Esperanca Airport,Alto Da Boa Vista,BR
Fazenda Morada da Lua Airport,Coxim,BR
Barra Grande Airport,Marau,BR
Caima Airport,Itaituba,BR
Fazenda Jao Airport,Nova Xavantina,BR
Fazenda Maranata Airport,Chupinguaia,BR
Lagoa dos Coqueiros Airport,Paranaita,BR
Fazenda Sao Sebastiao Airport,Campo Florido,BR
Marca de Casco Airport,Sao Jose Do Rio Claro,BR
Fazenda Bahia Airport,Pedra Preta,BR
Fazenda Morro Branco Airport,Porto Esperidiao,BR
Fazenda Serra Vermelha Airport,Sambaiba,BR
Fazenda Eldorado - Agropecuaria Paleana S/A Airport,Bom Jesus Do Araguaia,BR
Fazenda Sao Sebastiao Airport,Aparecida Do Rio Doce,BR
Fazenda Kanaxue Airport,Sao Felix Do Araguaia,BR
Fazenda Santa Feliciana Airport,Bonito,BR
Fazenda Sete Ilhas Airport,Acreuna,BR
Fazenda Sao Jose do Piquiri Airport,Corumba,BR
Fazenda Santa Lucia Airport,Barao De Melgaco,BR
Fazenda Nossa Senhora Aparecida Airport,Sonora,BR
Fazenda Santo Ambrosio Airport,Chaves,BR
Santa Paula Airport,Ipigua,BR
Fazenda Lagoa do Campo Airport,Ribas Do Rio Pardo,BR
Fazenda Pontal do Lagoa Airport,Santa Rita Do Pardo,BR
Fazenda Mato Grosso Airport,Campos de Julio,BR
Santa Terezinha Airport,Aquidauana,BR
Piraquara Airport,Piraquara,BR
Santa Felicidade Airport,Itaituba,BR
Nossa Senhora da Conceicao Airport,Itaituba,BR
Fazenda Touro Branco Airport,Navirai,BR
Carmine Castaldo Airport,Tabapora,BR
Cara Preta Airport,Itaituba,BR
Fazenda Deposito Airport,Pacaraima,BR
Fazenda Itaipu Airport,Turvelandia,BR
Fazenda Sao Gabriel Airport,Balsas,BR
Fazenda Flores Airport,Tamboril,BR
Fazenda Santo Antonio Diamandore Airport,Corumba,BR
Muricoca Airport,Itaituba,BR
Fazenda Corrego Limpo Airport,Terenos,BR
Fazenda Guaira Airport,Balsas,BR
Fazenda Santa Genoveva Airport,Turvelandia,BR
Fazenda Chapadao Airport,Santa Rita Do Trivelato,BR
Fazenda Santa Luzia Airport,Sao Raimundo Das Mangabeiras,BR
Fazenda Chapeu de Pano Airport,Aquidauana,BR
Fazenda Sao Geraldo Airport,Aquidauana,BR
Fazenda MRV Airport,Monte Azul,BR
Fazenda Barra do Lagoa Airport,Santa Rita Do Pardo,BR
Aerojaco Airport,Sorriso,BR
Selva de Pedra Airport,Itaituba,BR
Fazenda Sao Francisco Airport,Peixoto De Azevedo,BR
Fazenda Santa Irene Airport,Sandovalina,BR
Fazenda Santa Ana Airport,Itauba,BR
Pista Santa Tereza Airport,Itaituba,BR
Serra Verde Airport,Jacareacanga,BR
Agrosserra Airport,Sao Raimundo Das Mangabeiras,BR
Fazenda Planeste Airport,Balsas,BR
Fazenda Santa Adelia Airport,Sao Jose Do Xingu,BR
Fazenda Primavera Airport,Campo Grande,BR
Fazenda Ribeirao Airport,Camapua,BR
Fazenda Dona Rosa S. Rezek Airport,Jatei,BR
Sao Paulo do Piaui Airport,Prado,BR
Fazenda Sao Matheus Airport,Selviria,BR
Candote Airport,Tres Lagoas,BR
Pista Comunidade Sao Domingos Airport,Itaituba,BR
Santos Dumont Airport,Novo Progresso,BR
Boa Esperanca Airport,Novo Progresso,BR
Fazenda Iporanga Airport,Mutunopolis,BR
Fazenda dos Tres Rios Airport,Unai,BR
Fazenda Royal Airport,Itapetininga,BR
Clube Aerodesportivo Selva Airport,Sinop,BR
Cirrus Sociedade Aerodesportiva Airport,Jaboticatubas,BR
Crispiano Airport,Monte Alegre De Goias,BR
Sitio Flor de Lys Airport,Junco Do Serido,BR
Fazenda Sansara Airport,Montes Claros,BR
Fazenda Malu Airport,Bom Jesus Do Araguaia,BR
Fazenda Bandeirante Airport,Nova Crixas,BR
Fazenda Annalu Airport,Deodapolis,BR
Fazenda Sao Raimundo Airport,Itaituba,BR
Joao Moteiro Airport,Vila Velha,BR
Fazenda Bororeo Airport,Barao De Melgaco,BR
Banaer de Jacupiranga Airport,Jacupiranga,BR
Fazenda Sapucai Airport,Tasso Fragoso,BR
Mata-Fome Airport,Itaqui,BR
Fazenda Estrela do Aripuana Airport,Aripuana,BR
Fazenda Sperafico Airport,Amambai,BR
Fazenda Santa Rita Airport,Diamantino,BR
Nelson Pizzani Airport,Monte Carlo,BR
Algodoeira Airport,Diamantino,BR
Fazenda Sao Jose Airport,Rosario Oeste,BR
Fazenda Frigorifico Atlas Airport,Santana Do Araguaia,BR
Guapirama Airport,Diamantino,BR
Luiz Eduardo Magalhaes Airport,Campo Verde,BR
Fazenda Santa Fe Airport,Santa Rita Do Trivelato,BR
Fazenda Espigao Airport,Diamantino,BR
Fazenda Bandeirantes Airport,Goiatuba,BR
Fazenda Vargem das Flores Airport,Joviania,BR
Fazenda Agua Doce Airport,Laguna Carapa,BR
Fazenda Mateira Airport,Santa Rita Do Pardo,BR
Fazenda Amazonas Airport,Nova Crixas,BR
Santa Helena Airport,Itaituba,BR
Fazenda Nossa Senhora da Candelaria Airport,Corumba,BR
Boa Vista Airport,Itaituba,BR
Fazenda Campo Augusta Airport,Corumba,BR
Fazenda Fazendinha Airport,Aquidauana,BR
Fazenda Uniao Suzanopolis Airport,Suzanopolis,BR
Fazenda Ilha Verde Airport,Corumba,BR
Aeroclube de Eldorado do Sul Airport,Eldorado Do Sul,BR
Fazenda Soledade Airport,Campo Alegre De Goias,BR
Fazenda Pouso Alegre Airport,Catalao,BR
Fazenda Antonio Andrade Airport,Itororo,BR
Fazenda Sao Francisco Airport,Canarana,BR
Comunidade Sao Leopoldo do Tapajos Airport,Itaituba,BR
Fazenda Nossa Senhora de Fatima Airport,Comodoro,BR
Fazenda Paiaguas Airport,Diamantino,BR
Fazenda Sao Joao Airport,Paranhos,BR
Fazenda Rancho do Planalto Airport,Alcinopolis,BR
Cimento Poty Airport,Caapora,BR
Usinas Braco Norte Airport,Guaranta Do Norte,BR
Fazenda Spartacus Airport,Taquarivai,BR
Fazenda Campo Helio Airport,Aquidauana,BR
Fazenda Araras Airport,Itai,BR
Fazenda Cruzeiro Airport,Rio Verde Do Mato Grosso,BR
Fazenda Sorriso Metalico Airport,Urutai,BR
Eletro Primavera LTDA Airport,Pimenta Bueno,BR
Fazenda Goias Barreiro Airport,Montividiu,BR
Fazenda Shangri-la Airport,Alta Floresta,BR
Tapura Airport,Tapura,BR
Santa Terezinha Airport,Tapajara,BR
Helibras Airport,Itajuba,BR
Mamuru Airport,Juruti,BR
Fazenda Salvacao Airport,Itaituba,BR
Fazenda Varginha Airport,Andradas,BR
Ilha do Caracara Airport,Pocone,BR
Parque Manoelito Argolo Airport,Entre Rios,BR
Fazenda Fenix Airport,Faria Lemos,BR
Nossa Senhora das Gracas Airport,Altonia,BR
Fazenda Encontro das Aguas Airport,Sao Manuel,BR
Fazenda Vista Alegre Airport,Aparecida Do Taboado,BR
Fazenda Vitoria Airport,Itaruma,BR
Fazenda Vera Cruz Airport,Barra Do Garcas,BR
Fazenda Douradinho Airport,Nova Andradina,BR
Fazenda Santa Ana Airport,Corumbiara,BR
Calcario Vale do Araguaia Airport,Cocalinho,BR
Fazenda Real Airport,Botucatu,BR
Fazenda Carolina Airport,Corumbiara,BR
Agropecuaria Equus Airport,Gaucha,BR
Fazenda Buriti Airport,Corumba,BR
Juara Sul Airport,Juara,BR
Fazenda Sao Jose do Rio Branco Airport,Pontes E Lacerda,BR
Fazenda Rio Preto Airport,Sao Felix Do Araguaia,BR
Fazenda Furnas Airport,Ribeirao Cascalheira,BR
Fazenda Agua Limpa Airport,Campo Novo Do Parecis,BR
Fazenda Paredao Airport,Vila Bela Da Santissima Trindade,BR
Fazenda Davilandia Airport,Montividiu Do Norte,BR
Fazenda F5 Airport,Tupaciguara,BR
Fazenda Santa Maria Airport,Acailandia,BR
Fazenda Renascenca Airport,Unai,BR
Fazenda Bela Manha Airport,Santa Clara D`Oeste,BR
Fazenda Sao Roque Airport,Reginopolis,BR
Araguacema Airport,Araguacema,BR
Fazenda Citricola Airport,Gaviao Peixoto,BR
Fazenda Acalanto Airport,Sao Desiderio,BR
Fazenda Ventura Airport,Sao Desiderio,BR
Fazenda Querubim Airport,Sao Desiderio,BR
Fazenda J.K. Airport,Mimoso De Goias,BR
Iriri Airport,Altamira,BR
Aldeia Pykany Airport,Altamira,BR
Fazenda Santa Luzia Airport,Corumba,BR
Fazenda Livramento Airport,Corumba,BR
Fazenda Sao Joao Airport,Aquidauana,BR
Fazenda Baluarte Airport,Lagoa Dos Patos,BR
Fazenda Barbacena Airport,Sao Pedro Do Ivai,BR
Severino Lopes Airport,Sao Jose Do Mipibu,BR
Joao Silva Airport,Santa Ines,BR
Fazenda Tres Barras Airport,Itaruma,BR
Comandante Vittorio Bonomi Airport,Mococa,BR
Fazenda Pingo D`Agua Airport,Pedro Gomes,BR
Usina Eldorado Airport,Rio Brilhante,BR
Fazenda Estrela D`Alva Airport,Canarana,BR
Fazenda Aracatuba Airport,Nova Crixas,BR
Fazenda Sao Marcus Airport,Pontal Do Araguaia,BR
Aero Agricola Cristalina Airport,Cristalina,BR
Fazenda Aparecida Airport,Penapolis,BR
Fazenda Sao Roberto Airport,Parauna,BR
Fazenda Serra Azul Airport,Baixa Grande,BR
Jatapu Airport,Urucara,BR
Estancia Santa Rita Airport,Cuiaba,BR
Fazenda Paraiso Airport,Nova Ubirata,BR
Fazenda Cruzeiro Airport,Uberaba,BR
Fazenda Jumbo Airport,Taquarussu,BR
Projeto Iriri Airport,Altamira,BR
Fazenda S.M. Airport,Jaborandi,BR
Fazenda Concordia Airport,Navirai,BR
Arenhart Airport,Uruguaiana,BR
Fazenda Paraiso Airport,Corumba,BR
Fazenda Campo Alegre Airport,Aquidauana,BR
Fabrica Fortaleza Airport,Eusebio,BR
Fazenda Sao Roque Airport,Aquidauana,BR
Nossa Senhora do Loreto Airport,Uruguaiana,BR
Fazenda Redencao Airport,Corumba,BR
Fazenda Canada Airport,Caracol,BR
Fazenda Bandeirantes Airport,Aquidauana,BR
Fazenda da Barra Airport,Camapua,BR
Cadete 56-147 Santana Airport,Palmeiropolis,BR
Fazenda Abath Airport,Corumba,BR
Fazenda Costa Rica Airport,Aquidauana,BR
Estancia Esmeralda Airport,Corumba,BR
Fazenda Santa Eliza Airport,Ribeirao Bonito,BR
Fazenda Bonanza Airport,Avai,BR
Satelite Aviacao Agricola Airport,Canarana,BR
Eldorado Airport,Itaituba,BR
Estancia Pousada dos Passaros Airport,Vera,BR
Pista PLA e Silva Airport,Santa Vitoria Do Palmar,BR
Fazenda Bom Jesus Airport,Corumba,BR
Fazenda Canada Airport,Acreuna,BR
Fazenda Agua Pe Airport,Corumba,BR
Fazenda Recreio Airport,Corumba,BR
Fazenda Sao Cristovao Airport,Corumba,BR
Fazenda Sao Francisco Airport,Corumba,BR
Fazenda Horita Airport,Sao Desiderio,BR
Fazenda Vitoria Airport,Sao Desiderio,BR
Fazenda Agronet Airport,Indiapora,BR
Fazenda Bacuri Airport,Riachao,BR
Frigo Estrela Airport,Estrela D`Oeste,BR
Fazenda Penedo Airport,Itaituba,BR
CIFI Airport,Cuiaba,BR
Tres Marias da Pitangueiras Airport,Santo Antonio Do Leverger,BR
Fazenda Cachoeira Airport,Araguacu,BR
Fazenda Campo Formoso Airport,Sandolandia,BR
Fazenda Macuco Airport,Eldorado,BR
Fazenda Brasil Novo Airport,Coxim,BR
Fazenda California Airport,Porteirao,BR
Fazenda Perobal Airport,Corumbiara,BR
Fazenda Quatrirmas Airport,Itatinga,BR
Fronteira Airport,Brasnorte,BR
Fazenda Triunfo Rio Turvo Airport,Nova Bandeirantes,BR
Tabuleiro Airport,Bananeiras,BR
Fazenda Gaia Airport,Monte Alegre De Minas,BR
Fazenda W. Egidio III Airport,Unai,BR
Fazenda Santo Angelo Airport,Sao Desiderio,BR
Aerorural Floramazon Airport,Aveiro,BR
Fazenda Ponte de Pedra Airport,Campo Novo Do Parecis,BR
Fazenda Busato I Airport,Sao Desiderio,BR
Fazenda Rio Brilhante Airport,Sao Desiderio,BR
Pista Nacoes Unidas Airport,Itaituba,BR
Aerodromo Nova Era Airport,Pantano Grande,BR
Aeropel Airport,Sao Borja,BR
Fazenda Cypi Airport,Corumba,BR
Namocoli Airport,Corumba,BR
Fazenda Rio liberdade Airport,Santana Do Araguaia,BR
Fazenda Agromar Airport,Sao Jose Do Rio Claro,BR
Eldorado Airport,Eldorado,BR
Condominio Fly-In Community Airport,Rondonopolis,BR
Fazenda Cavalgada Grande Airport,Crixas,BR
Salto Augusto Airport,Apiacas,BR
Araguatins Airport,Araguatins,BR
Estancia Floresta Airport,Sinop,BR
Da Praia Velha Airport,Camaqua,BR
Fazenda Barriguda Airport,Sao Domingos,BR
Fazenda Aracatuba Airport,Anaurilandia,BR
Fazenda Janaina Airport,Amambai,BR
Fazenda Modelo Airport,Brasilandia,BR
Fazenda Palmeira Airport,Ipiranga Do Norte,BR
Bunge Airport,Urucui,BR
Confresa Airport,Confresa,BR
Fazenda Poruina Airport,Serranopolis,BR
Fazenda Remanso Airport,Cacoal,BR
Musica Airport,Dom Pedrito,BR
Frisama Eldorado Airport,Eldorado Do Carajas,BR
Fazenda Globo Airport,Sapezal,BR
Fazenda Belluno Airport,Alfredo Wagner,BR
Fazenda Colorado Airport,Diamantino,BR
Monte Belo Airport,Ribas Do Rio Pardo,BR
Fazenda Sao Jose da Reunidas Airport,Sao Jose Do Xingu,BR
Fazenda Sao Vicente Airport,Uberlandia,BR
Fazenda ANB Airport,Corguinho,BR
Agropecuaria Vale do Guapore Airport,Vila Bela Da Santissima Trindade,BR
Professor Mauricio Joppert Airport,Engenheiro Navarro,BR
Frisama Acailandia Airport,Acailandia,BR
Fazenda Dois Netos Airport,Paranatinga,BR
Pedro da Costa Lima Airport,Santa Rita Do Pardo,BR
Fazenda Goiaba Airport,Tres Lagoas,BR
Aero Agricola Sapezal Airport,Sapezal,BR
Fazenda Nova Era Airport,Iguatemi,BR
Fazenda Sao Marcos Airport,Dourados,BR
Fazenda Amparo Airport,Alto Taquari,BR
Fazenda Santa Barbara Airport,Corumba,BR
Guararapes Airport,Santa Cecilia,BR
Usina Coruripe - Filial Limeira do Oeste Airport,Limeira Do Oeste,BR
Engenheiro Joaquim Martins Airport,Iramaia,BR
Fazenda Futuro Airport,Ribas Do Rio Pardo,BR
Itau de Minas Airport,Itau De Minas,BR
Fazenda Beija-Flor Airport,Esplanada,BR
Sao Joao Airport,Macambara,BR
Sao Leopoldo Airport,Itaituba,BR
Modulo Aguapei Airport,Porto Esperidiao,BR
Fazenda Jamanxin Airport,Novo Progresso,BR
Fazenda Cacique Airport,Brasilandia,BR
Pousada do Rio Roosevelt Airport,Novo Aripuana,BR
Fazenda Tanguru Airport,Querencia,BR
Pousada Rio Xingu Airport,Vitoria Do Xingu,BR
Fazenda Juliana Airport,Chupinguaia,BR
Fazenda Taquaral Airport,Alta Floresta,BR
Fazenda Campo Aberto Airport,Barreiras,BR
Michels Aviacao Agricola LTDA Airport,Sapezal,BR
Fazenda Ponto de Apoio Airport,Agua Clara,BR
Joao de Oliveira Bueno Airport,Monte Alegre De Goias,BR
Sao Francisco Airport,Itaituba,BR
Fazenda Recreio Airport,Andrelandia,BR
Fazenda Vale Verde Airport,Pium,BR
Fazenda Barra Mansa Airport,Nova Lacerda,BR
Fazenda Pilar Airport,Aveiro,BR
Fazenda Santa Emilia Airport,Aquidauana,BR
Maca Aero Airport,Tailandia,BR
Aerocampo Airport,Campo Novo Do Parecis,BR
Cotriguacu Airport,Cotriguacu,BR
Fazenda Costa Norte II Airport,Apiacas,BR
Fazenda Jatoba Airport,Uruara,BR
Boa Fe Airport,Itaituba,BR
Curiau Airport,Macapa,BR
Fazenda Cangaia Airport,Sonora,BR
Cana Airport,Normandia,BR
Canawapai Airport,Uiramuta,BR
Caracana Airport,Uiramuta,BR
Cararuau Airport,Normandia,BR
Caraparu Airport,Uiramuta,BR
Caramambatai (Mapae) Airport,Uiramuta,BR
Pista KRB Airport,Itaituba,BR
Catrimani I Airport,Mucajai,BR
Contao Airport,Normandia,BR
Cumaipa Airport,Uiramuta,BR
Cumana I Airport,Pacaraima,BR
Cumana II Airport,Pacaraima,BR
Cutia Airport,Normandia,BR
Estevao Airport,Uiramuta,BR
Flechal Airport,Uiramuta,BR
Fazenda Chaparral Airport,Lambari D`Oeste,BR
Hakoma Airport,Alto Alegre,BR
Fazenda Porto do Campo Airport,Lambari D`Oeste,BR
Halikato-U Airport,Alto Alegre,BR
Homoxi Airport,Iracema,BR
Jacamim Airport,Bonfim,BR
Fazenda Lilliani Airport,Bom Jardim,BR
Jatapuzinho Airport,Caroebe,BR
Lago Grande I Airport,Bonfim,BR
Maturuca Airport,Normandia,BR
Leao de Ouro Airport,Pacaraima,BR
Maloquinha Airport,Pacaraima,BR
Manalai Airport,Uiramuta,BR
Manoa-Pium Airport,Bonfim,BR
Maracana Airport,Normandia,BR
Marupa Airport,Bonfim,BR
Milho Airport,Boa Vista,BR
Missao Catrinami Airport,Caracarai,BR
Morro Airport,Uiramuta,BR
Mudubim I Airport,Pacaraima,BR
Mutum Airport,Uiramuta,BR
Orinduque Airport,Uiramuta,BR
Fazenda Mundo Acabado Airport,Sonora,BR
Paapiu Novo Airport,Iracema,BR
Mato Grosso Airport,Pacaraima,BR
Pacu Airport,Normandia,BR
Palimiu Airport,Alto Alegre,BR
Parafuri Airport,Alto Alegre,BR
Pedra Branca Airport,Uiramuta,BR
Pedra Preta Airport,Uiramuta,BR
Piolho Airport,Pacaraima,BR
Pipi Airport,Uiramuta,BR
Raposa Airport,Normandia,BR
Santa Isabel Airport,Pacaraima,BR
Santa Liberdade Airport,Pacaraima,BR
Santa Maria de Normandia Airport,Normandia,BR
Maragogipe Airport,Itaquirai,BR
Sao Miguel Cachoeirinha Airport,Pacaraima,BR
Sauparu Airport,Uiramuta,BR
Serra do Sol Airport,Uiramuta,BR
Soco Airport,Uiramuta,BR
Suapi Airport,Pacaraima,BR
Fazenda Mizote Airport,Sao Desiderio,BR
Clube de Esportes Aereos e Nauticos do Para Airport,Belem,BR
Ubaru Airport,Pacaraima,BR
Uraricoera Airport,Alto Alegre,BR
Nova Descoberta Airport,Itaituba,BR
Wapum Airport,Bonfim,BR
Wilimon Airport,Uiramuta,BR
Xidea Airport,Alto Alegre,BR
Fazenda Nhu-Vera Airport,Corumba,BR
Fazenda Mutum Airport,Nova Mutum,BR
Fazenda Lakanka Airport,Jussara,BR
Fazenda Tres Perobas Airport,Santa Luzia D`Oeste,BR
Fazenda Reata Airport,Campo Novo Do Parecis,BR
Fazenda Santa Luzia Airport,Nova Mutum,BR
Fazenda Botelho Airport,Nova Mamore,BR
Fazenda Nazare Airport,Corumba,BR
Novo Progresso Airport,Novo Progresso,BR
Destilaria Medasa Airport,Medeiros Neto,BR
Norte Jet Airport,Benevides,BR
Ilha dos Macacos Airport,Paranaita,BR
Fazenda Campo Alto Airport,Ribeirao Cascalheira,BR
Fazenda Sao Francisco Airport,Gouvelandia,BR
Fazenda Nhandu Airport,Novo Mundo,BR
Cosmos Aviacao Agricola Airport,Chapadao Do Ceu,BR
Fazenda Tres Lagoas Airport,Sapezal,BR
Ariquemes Airport,Ariquemes,BR
Juruti Airport,Juruti,BR
Fazenda Jaguatirica Airport,Porto Murtinho,BR
Simasa Airport,Acailandia,BR
Fazenda Modelo Airport,Agua Clara,BR
Fazenda Karla Renata Airport,Castanheira,BR
Fazenda Sao Jose do Generoso Airport,Corumba,BR
Doutor Joao Osmar de Oliveira Airport,Comodoro,BR
Fazenda Parabufalos Airport,Macapa,BR
Marfrig Frigorifico Airport,Paranatinga,BR
Fazenda Guadalupe Airport,Santo Antonio Do Aracangua,BR
Fazenda Brinquinho Airport,Sao Desiderio,BR
Fazenda Sao Miguel Airport,Sao Desiderio,BR
EMAL - Pimenta Bueno Airport,Pimenta Bueno,BR
Pista Branca de Neve Airport,Itaituba,BR
Fazenda Palma Airport,Luziania,BR
Fazenda Pirapitinga Airport,Cocalzinho De Goias,BR
Marcos da Cunha Airport,Luis Eduardo Magalhaes,BR
Fazenda Australia Airport,Deodapolis,BR
Xingo Airport,Piranhas,BR
Aero Rural Airport,Alta Floresta,BR
Avstal Airport,Unai,BR
Fazenda Monte Belo Airport,Barra Do Bugres,BR
Pau D`Arco Airport,Itaituba,BR
Fazenda Guimaraes Airport,Lucas Do Rio Verde,BR
Fazenda Guimaraes II Airport,Lucas Do Rio Verde,BR
Fazenda Cidade Verde Airport,Poxoreo,BR
Fazenda Clarim Airport,Sao Desiderio,BR
Fazenda Symalu Airport,Cumaru Do Norte,BR
Fazenda Sao Roque do Vale do Rio Negro Airport,Aquidauana,BR
Bonacin Airport,Piraquara,BR
Fazenda Londrina Airport,Campo Novo Do Parecis,BR
Fazenda Tempero Seco Airport,Labrea,BR
Porto Jofre Airport,Pocone,BR
Barra do Vento Airport,Boa Vista,BR
Quirinopolis Airport,Quirinopolis,BR
Fazenda Terra Alta Airport,Portel,BR
Jacarezinho Airport,Valparaiso,BR
Paredao da Serra Airport,Chapada Dos Guimaraes,BR
Fazenda Haras RPC Airport,Nova Lima,BR
Usina Santa Luiza Airport,Motuca,BR
Fazenda Uruara Airport,Uruara,BR
Dona Iracema Airport,Porto Nacional,BR
Pesqueiro Xingu Airport,Sao Felix Do Xingu,BR
Fazenda VR Airport,Santa Cruz Do Xingu,BR
Serra da Borda Airport,Vila Bela Da Santissima Trindade,BR
Rio Grande Airport,Rio Grande,BR
Fazenda Galheiro Airport,Campo Verde,BR
Condominio Boa Esperanca Airport,Baixa Grande Do Ribeiro,BR
Agromineral Mutum Airport,Itaituba,BR
Agropecuaria Sao Roberto Airport,Santana Do Araguaia,BR
Fazenda do Acucar Airport,Nobres,BR
Fazenda Santa Elisa Airport,Auriflama,BR
Fazenda Santangelo Agropecuaria Airport,Miranda,BR
Fazenda Barreiro Airport,Parauna,BR
Fazenda Guanabara Airport,Junqueiropolis,BR
Fazenda Arrendamento Airport,Paranatinga,BR
PCH Garganta da Jararaca Airport,Nova Maringa,BR
PCH Buriti Airport,Agua Clara,BR
Fazenda Aimores Airport,Juti,BR
Fazenda Sao Sebastiao do Castelo Airport,Corumba,BR
Fazenda Sao Bento Airport,Sidrolandia,BR
Serabi Airport,Itaituba,BR
Agropecuaria Barrinha Airport,Sao Francisco Sales,BR
Sonhar Airport,Governador Celso Ramos,BR
Fazenda Sao Jose do Cangalha Airport,Agua Clara,BR
Mario Spada Airport,Minas Novas,BR
Fazenda Santa Luiza Airport,Icaraima,BR
Fazenda Santa Rita Airport,Itaruma,BR
Fazenda Carvalho Airport,Sao Luiz Do Norte,BR
Fazenda Divisao II Airport,Lucas Do Rio Verde,BR
Fazenda Santa Rosa Airport,Mara Rosa,BR
Agrifor Airport,Sorriso,BR
Fazenda Sao Marcus Airport,Vila Alta,BR
Cristal Airport,Bora,BR
Fazenda Buriti Airport,Chapada Dos Guimaraes,BR
Fazenda Mequens Airport,Alta Floresta D`Oeste,BR
Fazenda Calcario Tangara Airport,Tangara Da Serra,BR
Fazenda Iapo Airport,Tibagi,BR
Fazenda Guanabara Airport,Nova Alvorada Do Sul,BR
Ecofly Airport,Brotas,BR
Aero Agricola Gaivota Airport,Jaguapita,BR
Santa Cecilia Airport,Mirandopolis,BR
Fazenda Alvorada do Caxingo Airport,Monte Alegre De Goias,BR
Sao Jose Airport,Campo Novo Do Parecis,BR
Boa Safra Airport,Tapura,BR
Fazenda Santa tereza Airport,Petropolis,BR
Terra Santa Airport,Terra Santa,BR
Fazenda Lagoa do Barro Airport,Novo Planalto,BR
Fazenda Tucano Airport,Campo Novo Do Parecis,BR
Fazenda Guerra Airport,Juara,BR
Dom Eliseu Airport,Dom Eliseu,BR
Fazenda Ipanema Airport,Correntina,BR
Fazenda Rio Azul Airport,Vila Bela Da Santissima Trindade,BR
Jardim Paraiso Airport,Luis Eduardo Magalhaes,BR
Usina Dourados Airport,Dourados,BR
Fazenda Lagoinha Airport,Pedrinopolis,BR
Fazenda Juina Airport,Campos De Julio,BR
Fazenda Capitao Verdi Airport,Tangara Da Serra,BR
Fazenda Rio Pardo Airport,Iaras,BR
Fazenda Vista Alegre Airport,Tres Lagoas,BR
Fazenda Acara Airport,Britania,BR
Fazenda Parana Airport,Nova Roma,BR
Fazenda Sagrado Coracao de Jesus Airport,Vila Bela Da Santissima Trindade,BR
Ibiporanga da Felicidade Airport,Tanabi,BR
Nazare da Felicidade Airport,Buritizeiro,BR
Fazenda Colorado Airport,Figueirao,BR
Fazenda Cachoeirinha Airport,Perdizes,BR
Estancia California Airport,Alta Floresta,BR
Fazenda do Limao Airport,Almeirim,BR
Aragarcas Airport,Aragarcas,BR
Vila Pitinga Airport,Presidente Figueiredo,BR
Trialcool Airport,Canapolis,BR
Fazenda Sao Joaquim Airport,Jardim,BR
Vale do Paranaiba Airport,Capinopolis,BR
Fazenda Catelani Airport,Minacu,BR
Campos Gerais Airport,Balsas,BR
Pagrisa Airport,Ulianopolis,BR
Haras Bela Vista Airport,Sao Miguel Do Tocantins,BR
Fazenda Sao Paulo Airport,Sapezal,BR
Usina Maracaju Airport,Maracaju,BR
Pouso Alto Airport,Piracanjuba,BR
Fazenda Nossa Senhora da Muxima Airport,Agua Clara,BR
Usina Passa Tempo Airport,Rio Brilhante,BR
Fazenda Arariba Airport,Canarana,BR
Itagro Airport,Alegrete,BR
Fazenda Santa Ines Airport,Nova Brasilandia,BR
Fazenda Flor Airport,Campo Grande,BR
Boca da Mata Airport,Gaucha Do Norte,BR
Fazenda Sanga Funda Airport,Sapezal,BR
Fazenda Santa Dulcina Airport,Taquarituba,BR
Terra Santa Airport,Barra Do Bugres,BR
Warpol Airport,Sao Desiderio,BR
Jose Dona Airport,Birigui,BR
Fazenda Sucuri Airport,Itiquira,BR
Fazenda Ideal Airport,Nova Venecia,BR
Fazenda Sao Judas Airport,Sao Miguel Do Araguaia,BR
Fazenda Cachoeira Preta Airport,Agua Clara,BR
Rio Alegre Airport,Euclides Da Cunha Paulista,BR
Aeromis Airport,Bage,BR
Aquapey Airport,Porto Esperdiao,BR
Usina Santa Cruz Airport,Santa Cruz Cabralia,BR
Fazenda Agroplan Airport,Sao Felix Do Araguaia,BR
Aguas Frias Airport,Irai,BR
Carolina de Assis Repetto Airport,Lima Duarte,BR
Parque Fazenda Bom Futuro Airport,Pocone,BR
Veracel Airport,Belmonte,BR
Fazenda Bela Vista Airport,Amambai,BR
Fazenda 3M Airport,Nova Alvorada Do Sul,BR
Recreio Airport,Ponta Pora,BR
Fazenda Kajussol Airport,Santa Luzia D`Oeste,BR
Agua Fria Airport,Pacaraima,BR
Ajarani Airport,Caracarai,BR
Alto Mucajai Airport,Alto Alegre,BR
Arai Airport,Pacaraima,BR
Aratha-U Airport,Alto Alegre,BR
Baixo Catrimani Airport,Caracarai,BR
Baixo Mucajai Airport,Alto Alegre,BR
Bala Airport,Pacaraima,BR
Bananal Airport,Pacaraima,BR
Bananeira Airport,Uiramuta,BR
Caju Airport,Pacaraima,BR
Camara Airport,Normandia,BR
Campo Formoso Airport,Pacaraima,BR
Campo Grande Airport,Pacaraima,BR
Fazenda Santa Terezinha Airport,Santa Terezinha,BR
Rio do Sangue Airport,Brasnorte,BR
Fazenda Lagoa Encantada Airport,Primavera Do Leste,BR
Capao Alto Airport,Tapes,BR
Vale do Tucana Airport,Castanheira,BR
Destilaria Sao Luiz Airport,Maraial,BR
Fazenda Bandeiras Airport,Corumba,BR
Fazenda Brioso Airport,Tres Lagoas,BR
Fazenda Campo Triste Airport,Tres Lagoas,BR
Leonel de Moura Brizola Airport,Confresa,BR
Fazenda Rio do Fogo Airport,Nova Santa Helena,BR
Carlos Alberto Pinto Airport,Arraias,BR
Fazenda Boi Branco Airport,Corumba,BR
Mathovi Airport,Novo Mundo,BR
Fazenda Monte Alegre Airport,Corrente,BR
Fazenda Italia Airport,Urucui,BR
Fazenda Canel Airport,Urucui,BR
Fazenda Busato II Airport,Serra Ramalho,BR
Fazenda Regina Airport,Itatinga,BR
Fazenda Rebojo Airport,Corumba,BR
Fazenda Passo Fundo Airport,Primavera Do Leste,BR
Yaguarito Airport,Surimena,CO
Araracuara Airport,Araracuara,CO
Alcides Fernandez Airport,Acandi,CO
Aguachica Airport,Aguachica,CO
Amalfi Airport,Amalfi,CO
Gomez Nino Apiay Air Base,Apiay,CO
El Eden Airport,Armenia,CO
Tres De Mayo Airport,Puerto Asis,CO
Las Flores Airport,El Banco,CO
Becerril Airport,Becerril,CO
Palonegro Airport,Bucaramanga,CO
Buenavista Airport,Fonseca,CO
El Dorado International Airport,Bogota,CO
Ernesto Cortissoz International Airport,Barranquilla,CO
Berastegui Airport,Berastegui,CO
Jose Celestino Mutis Airport,Bahia Solano,CO
Gerardo Tobar Lopez Airport,Buenaventura,CO
Capurgana Airport,Capurgana,CO
Carmen De Bolivar Airport,Carmen De Bolivar,CO
Camilo Daza International Airport,Cucuta,CO
Mandinga Airport,Condoto,CO
Rafael Nunez International Airport,Cartagena,CO
El Pacifico Airport,Cartagena Del Chiara,CO
Carimagua Airport,Puerto Lopez,CO
Alfonso Bonilla Aragon International Airport,Cali,CO
Cimitarra Airport,Cimitarra,CO
Cravo Norte Airport,Cravo Norte,CO
La Florida Airport,Tumaco,CO
Cupica Airport,Bahia Solano,CO
Caruru Airport,Caruru,CO
Juan H White Airport,Caucasia,CO
Covenas Airport,Covenas,CO
Las Brujas Airport,Corozal,CO
El Bagre Airport,El Bagre,CO
Yariguies Airport,Barrancabermeja,CO
Gustavo Artunduaga Paredes Airport,Florencia,CO
Furatena Airport,Quipama,CO
Fundacion Airport,Fundacion,CO
La Gaviota Airport,,CO
Marco Fidel Suarez Air Base,Cali,CO
Santiago Vila Airport,Girardot,CO
Santa Ana Airport,Cartago,CO
Juan Casiano Airport,Guapi,CO
Guaymaral Airport,Chia,CO
Garzon La Jagua Airport,Garzon,CO
Chaparral Airport,Chaparral,CO
Hato Corozal Airport,Hato Corozal,CO
Perales Airport,Ibague,CO
Chigorodo Airport,Chigorodo,CO
San Luis Airport,Ipiales,CO
Malaga Airport,Malaga,CO
Antonio Roldan Betancourt Airport,Carepa,CO
Caucaya Airport,Puerto Leguizamo,CO
Jorge Isaac Airport,La Mina-Maicao,CO
La Pedrera Airport,La Pedrera,CO
Alfredo Vasquez Cobo International Airport,Leticia,CO
Madrid Air Base,Madrid,CO
Enrique Olaya Herrera Airport,Medellin,CO
Melgar Air Base,Melgar,CO
Miraflores Airport,Miraflores,CO
Baracoa Airport,Magangue,CO
Maicao Airport,Maicao,CO
Montelibano Airport,Montelibano,CO
Casanare Airport,Mani,CO
San Bernardo Airport,Mompos,CO
Los Garzones Airport,Monteria,CO
Fabio Alberto Leon Bentley Airport,Mitu,CO
La Nubia Airport,Manizales,CO
Necocli Airport,Necocli,CO
Reyes Murillo Airport,Nuqui,CO
Benito Salas Airport,Neiva,CO
Aguas Claras Airport,Ocana,CO
Orocue Airport,Orocue,CO
Puerto Lopez Airport,Puerto Lopez,CO
Orito Airport,Orito,CO
Otu Airport,El Rhin,CO
Juan Jose Rondon Airport,Paipa,CO
Puerto Bolivar Airport,Portete,CO
German Olano Airport,Puerto Carreno,CO
Obando Airport,Puerto Inirida,CO
Matecana International Airport,Pereira,CO
Puerto Gaitan Airport,Puerto Gaitan,CO
Pitalito Airport,Pitalito,CO
Plato Airport,Plato,CO
Puerto Nare Airport,Armenia,CO
Guillermo Leon Valencia Airport,Popayan,CO
German Olano Air Base,La Dorada,CO
Puerto Berrio Airport,Puerto Berrio,CO
Antonio Narino Airport,Pasto,CO
El Embrujo Airport,Providencia,CO
Paz De Ariporo Airport,Paz De Ariporo,CO
Jose Celestino Mutis Airport,Mariquita,CO
Jose Maria Cordova International Airport,Rionegro,CO
Almirante Padilla Airport,Riohacha,CO
Los Colonizadores Airport,Saravena,CO
Santa Fe De Antioquia Airport,,CO
San Gil Airport,San Gil,CO
Santiago I Airport,Mani,CO
Jorge E. Gonzalez Torres Airport,San Jose Del Guaviare,CO
Simon Bolivar International Airport,Santa Marta,CO
Alberto Lleras Camargo Airport,Sogamoso,CO
Gustavo Rojas Pinilla International Airport,San Andres,CO
Eduardo Falla Solano Airport,San Vicente Del Caguan,CO
Tauramena Airport,Tauramena,CO
Tibu Airport,Tibu,CO
Trinidad Airport,Trinidad,CO
Tolemaida Air Base,Las Ceibas,CO
Tunja Airport,Tunja,CO
Tolu Airport,Tolu,CO
Gustavo Vargas Airport,Tame,CO
Tres Esquinas Air Base,Tres Esquinas,CO
Gonzalo Mejia Airport,Turbo,CO
Marandua Air Base,Marandua,CO
Santiago Perez Airport,Arauca,CO
El Carano Airport,Quibdo,CO
Farfan Airport,Tulua,CO
Urrao Airport,Urrao,CO
Villagarzon Airport,Villagarzon,CO
Velasquez Airport,Velasquez,CO
Villanueva Airport,Villanueva,CO
Alfonso Lopez Pumarejo Airport,Valledupar,CO
Vanguardia Airport,Villavicencio,CO
Yaguara Airport,San Vicente Del Caguan,CO
El Yopal Airport,El Yopal,CO
Abopo Airport,Cordillera,BO
Monteagudo Airport,El Banado,BO
Alcantarí International Airport,Yamparáez (Sucre),BO
Arampampa Airport,Gral. Ballivian,BO
Angora Airport,Ballivian,BO
Apolo Airport,Apolo,BO
Aiquile Airport,Campero,BO
Ascencion De Guarayos Airport,Ascension de Guarayos,BO
Baures Airport,Baures,BO
Bulo Bulo Airport,Carrasco,BO
Blanca Flor Airport,Madre De Dios,BO
Buena Hora Airport,Ballivian,BO
Bermejo Airport,Bermejo,BO
Bella Union Airport,Mamore,BO
Buen Retiro Itenez Airport,Itenes,BO
Bella Vista Itenez Airport,Itenes,BO
Buen Retiro Ballivian Airport,Ballivian,BO
Villa Vista Montano Airport,De Montano,BO
Camiri Airport,Camiri,BO
Jorge Wilsterman International Airport,Cochabamba,BO
Copacabana Airport,Copacabana,BO
Canada Airport,Gutierrez,BO
Cabezas Airport,Cordillera,BO
Charagua Airport,Cordillera,BO
Chimore Airport,Chimore,BO
Caigua Airport,Gran Chaco,BO
Collpani Airport,Abaroa,BO
Camiare Airport,Yacuma,BO
Charana Airport,Charana,BO
Capitan Anibal Arab Airport,Cobija,BO
Concepcion Airport,Concepcion,BO
Comarapa Airport,M. Caballero,BO
Cerdas Airport,Nor Lipez,BO
Choreti Bolivia South America Airport,Mamore,BO
Culpina Airport,Sud Cinti,BO
Cavinas Airport,Ballivian,BO
Chive Airport,Iturralde,BO
Collpa Airport,A. Ibanez,BO
Caranda Airport,Ichilo,BO
El Desengano Airport,Yacuma,BO
El Cocal Airport,Yacuma,BO
El Cairo Airport,Yacuma,BO
El Escondido Airport,Tesoro,BO
El Triunfo Airport,Yacuma,BO
El Rancho Airport,Mamore,BO
Espino Airport,Cordillera,BO
El Condor Airport,Tesoro,BO
El Paraiso Airport,Yacuma,BO
El Peru Airport,Yacuma,BO
Cerrillos Airport,Hernando Siles,BO
Estalsa Airport,Poopo,BO
El Trompillo Airport,Santa Cruz,BO
El Salvador Airport,Ballivian,BO
La Esperanza Airport,Moxos,BO
Fatima Airport,Ballivian,BO
Florida Airport,Moira,BO
Flor De Oro Airport,Moxos,BO
Florencia Airport,Moxos,BO
Guirapembi Airport,Cordillera,BO
Capitan de Av. Emilio Beltran Airport,Guayaramerin,BO
Cachascani Airport,Itenes,BO
Huacareta Airport,H. Silez,BO
Huacaraje Airport,Itenes,BO
Chacobos Airport,Parapeti,BO
Inglaterra Airport,Ballivian,BO
Santa Catalina Airport,Moxos,BO
Samaipata Airport,Florida,BO
Ibori Airport,Itenes,BO
Itaguazurenda Airport,Cordillera,BO
Ixiamas Airport,Iturralde,BO
Intiraymi Airport,La Joya,BO
Izozog Airport,Cordillera,BO
Jatata Airport,Madre De Dios,BO
San Jose De Chiquitos Airport,San Jose de Chiquitos,BO
San Juan Estancias Airport,Cercado,BO
San Joaquin Airport,San Joaquin,BO
Josuani Airport,Yacuma,BO
San Javier Airport,San Javier,BO
Las Brizas Airport,Yacuma,BO
Lago Huachi Airport,Itenes,BO
La India Airport,Ballivian,BO
Laja Airport,Los Andes,BO
Laguna Loa Airport,Ballivian,BO
El Alto International Airport,La Paz / El Alto,BO
Copaquilla Airport,L. Cabrera,BO
Lagunillas Airport,Caraparicito,BO
San Lorenzo Airport,Moxos,BO
Mangabalito Airport,Velasco,BO
Madidi Airport,Iturralde,BO
Mandeyepecua Airport,Cordillera,BO
Magdalena Airport,Magdalena,BO
Mora Airport,Velasco,BO
Manuripi Airport,Manuripi,BO
Monos Arana Airport,Valle Grande,BO
Mizque Airport,Mizque,BO
Canada Larga Airport,Chiquitos,BO
Nuevo Mundo Airport,Yacuma,BO
Nieve Airport,Yacuma,BO
Juan Mendoza Airport,Oruro,BO
Palmar Airport,Guanacos,BO
Piso Firme Airport,Velasco,BO
Progreso Airport,Moxos,BO
Pitai Airport,Moxos,BO
Padilla Airport,J. Mendoza,BO
Palmira Airport,Yacuma,BO
Porvenir Norte Airport,Velasco,BO
Capitan Nicolas Rojas Airport,Potosi,BO
Puerto Rico Airport,Puerto Rico/Manuripi,BO
Capitan Av. Salvador Ogaya G. airport,Puerto Suarez,BO
El Porvenir Sur Airport,Luis Calvo,BO
Piray Airport,Sanja Honda,BO
Coquinal Airport,Ballivian,BO
San Ramon Airport,San Ramon / Mamore,BO
Robore Airport,Robore,BO
Refugio Airport,Velasco,BO
Rancho Alegre Airport,Yacuma,BO
Capitan Av. Selin Zeitun Lopez Airport,Riberalta,BO
Rosal Airport,Yacuma,BO
Rosapata Airport,Carangas,BO
Rurenabaque Airport,Rurenabaque,BO
Retiro Airport,Yacuma,BO
Rio Seco Airport,Campo Ingelmeco,BO
Santa Rita Airport,Yacuma,BO
Rincon Del Tigre Airport,German Busch,BO
Reyes Airport,Reyes,BO
Santa Ana Del Yacuma Airport,Santa Ana del Yacuma,BO
Capitan Av. German Quiroga G. Airport,San Borja,BO
San Carlos Gutierrez Airport,Yacuma,BO
Santa Teresita Airport,Angel Sandoval,BO
San Francisco Moxos Airport,Beni,BO
San Miguel De Gaser Airport,Yacuma,BO
Santa Ana De Huachi Airport,Sud Yungas,BO
Capitan Av. Juan Cochamanidis S. Airport,San Ignacio de Velasco,BO
Salinas Airport,Ladislao Cabrera,BO
Santa Rosa Del Sara Airport,A. Ibanez,BO
San Ignacio de Moxos Airport,San Ignacio de Moxos,BO
Sanandita Airport,Gran Chaco,BO
Sipuati Airport,Gran Chaco,BO
Santiago De Chiquitos Airport,Santiago de Chiquitos,BO
Santa Rosa De Yacuma Airport,Santa Rosa,BO
Saipiru Airport,Cordillera,BO
Juana Azurduy De Padilla Airport,Sucre,BO
Taquipirenda Airport,Cordillera,BO
Tres Cruces Airport,Chiquitos,BO
Teoponte Airport,Larecaja,BO
Santiago Airport,Moxos,BO
San Matias Airport,San Matias,BO
Capitan Oriel Lea Plaza Airport,Tarija,BO
Toldos Airport,Nor Lipez,BO
Totora Airport,Oruro,BO
Teniente Av. Jorge Henrich Arauz Airport,Trinidad,BO
Turco Airport,Sajama,BO
Tita Airport,San Rafael,BO
Tuichi Airport,Franz Tamayo,BO
Tiguipa Airport,Yacuma,BO
Tupiza Airport,Sud Chichas,BO
Cuevo Airport,Cordillera,BO
Curahuara de Carangas Airport,Oruro,BO
Urusi Airport,Ballivian,BO
Ulla Ulla Airport,Franz Tamayo,BO
Uyuni Airport,Quijarro,BO
Villa Aroma Airport,Aroma,BO
Covendo Airport,Sud Yungas,BO
Venecia Airport,Yacuma,BO
Capitan Av. Vidal Villagomez Toledo Airport,Vallegrande,BO
Caranavi Airport,Nor Yungas,BO
Teniente Coronel Rafael Pabon Airport,Villamontes,BO
Villa Negrita Airport,Yacuma,BO
Viru Viru International Airport,Santa Cruz,BO
Tesoro/La Vertiente Airport,Tesoro,BO
Vuelta Grande Airport,Luis Calvo,BO
Villa Elvira Airport,Mamore,BO
Villazon Airport,M.Omiste,BO
Yacuiba Airport,Yacuiba,BO
Yabog Airport,Las Juntas,BO
Yapacani Airport,Ichilo,BO
San Pedro Rb Airport,Moxos,BO
San Carlos Airport,Ichilo,BO
San Francisco Naciff Airport,Nacif,BO
San Pedro Richard Airport,Itenes,BO
San Vicente Airport,Velasco,BO
Afobakka Airstrip,Afobakka,SR
Albina Airport,Albina,SR
Botopasi Airport,Botopasi,SR
Cayana Airstrip,Awaradam,SR
Coeroeni Airport,Coeroeni,SR
Totness Airport,Totness,SR
Cottica Airstrip,Lawa Cottica,SR
Drietabbetje Airport,Drietabbetje,SR
Djumu-Djomoe Airport,Djumu-Djomoe,SR
Ladouanie Airport,Aurora,SR
Alalapadu Airstrip,Alalapadi,SR
Eduard Alexander Gummels International Airport,Paramaribo,SR
Godo Holo Airstrip,Pikienkondre of Miranda,SR
Johan Adolf Pengel International Airport,Zandery,SR
Kabalebo Airport,Kabalebo,SR
Kayser Airport,Kayserberg,SR
Moengo Airstrip,Moengo,SR
Nieuw Nickerie Airport,Nieuw Nickerie,SR
Vincent Fayks Airport,Paloemeu,SR
Poesoegroenoe(Pusugrunu) Airstrip,Poesoegroenoe,SR
Sipaliwini Airport,Sipaliwini,SR
Kwamalasoemoetoe Airport Airport,Kwamalasoemoetoe Airport,SR
Stoelmanseiland Airport,Stoelmanseiland,SR
Tabiki Airstrip,Benzdorp,SR
Rudi Kappel Airport,Tafelberg,SR
Tepoe Airstrip,Kasikasima,SR
Wageningen Airport Airport,Wageningen Airport,SR
Washabo Airport,Washabo,SR
Zorg en Hoop Airport,Paramaribo,SR
Lenora Municipal Airport,Lenora,US
Roberts Memorial Airport,Emporia,US
Halstead Airport,Halstead,US
Fisher Airport,Burrton,US
Belle Plaine Farms Airport,Belle Plaine,US
Albers Airport,Cheney,US
Sills Air Park,Augusta,US
Brady-Pippin Airport,Augusta,US
Flory Airport,Baldwin City,US
Hoelting Airport,Basehor,US
Rucker Airport,Burdett,US
Rands Airport,Belle Plaine,US
Callaway Airpark,Clay Center,US
Rucker Airport,Clearwater,US
Wamsley Field,Conway Springs,US
Harold K Wells Airport,Elmdale,US
Olson Aerodrome,Derby,US
Harrod Airport,Ottawa,US
Michael's Airport,Lawrence,US
Taylor Airport,Benton,US
Converse Farm Airport,Eskridge,US
Irish Creek Airfield,Hutchinson,US
Pilot Pointe Estates Airport,Douglass,US
R J C Farms Inc Airport,Friend,US
Yoder Airpark,Goddard,US
Roberts Field,Bentley,US
Gail Ballard Airport,Haviland,US
Eck Field,Goddard,US
Lake Waltanna Airport,Goddard,US
Button Airport,Great Bend,US
Lil Bird Airport,Valley Center,US
Emmerson Airport,Hammond,US
Kaypod Airport,Harper,US
Graham Farms Airport,Harris,US
Sommers Airport,Highland,US
Albright Airport,Bucyrus,US
Highcrest Air Park,Lansing,US
Crosswind Airfield,Louisburg,US
Eibes Airfield,Mc Louth,US
Godfrey Airport,Madison,US
Sunshine Ranch Airport,Manhattan,US
Roberts Air Field,Sylvia,US
G&Ag Airport,Moscow,US
Anton Flying Uv Airport,Satanta,US
Laflin Ranch Airport,Olsburg,US
Araripina Airport,Araripina,BR
Fazenda Santa Rosa Airport,Xinguara,BR
Fazenda Aguia Branca Airport,Gurupi,BR
Arcoverde Airport,Arcoverde,BR
Fazenda Agua Comprida Airport,Agua Comprida,BR
Araguari Airport,Araguari,BR
Adustina Airport,Adustina,BR
Alto Parnaiba Airport,Alto Parnaiba,BR
Fazenda Jaguare Airport,Paragominas,BR
Arapiraca Airport,Arapiraca,BR
Santo Antonio do Amparo Airport,Santo Antonio Do Amparo,BR
Janauba Airport,Janauba,BR
Cirilo Queiroz Airport,Almenara,BR
Tres Marias Airport,Tres Marias,BR
Aracati Airport,Aracati,BR
Aeroclube Airport,Aracaju,BR
Agrovale Airport,Juazeiro,BR
Fazenda Boa Fe Airport,Conquista,BR
Fazenda Rio Lages Airport,Sao Felix Do Xingu,BR
Amargosa Airport,Amargosa,BR
Fazenda Agronol Airport,Luis Eduardo Magalhaes,BR
Barra do Corda Airport,Barra Do Corda,BR
Sobradinho Airport,Juazeiro,BR
Fazenda Botuvera Airport,Paranatinga,BR
Baixo Guandu - Aimores Airport,Baixo Guandu,BR
Bacabal Airport,Bacabal,BR
Belo Jardim Airport,Belo Jardim,BR
Belmonte Airport,Belmonte,BR
Cristiano Ferreira Varella Airport,Muriae,BR
Balbinot Airport,Portel,BR
Boquira Airport,Boquira,BR
Barreiras Airport,Barreiras,BR
Balsas Airport,Balsas,BR
Benedito Leite Airport,Benedito Leite,BR
Socrates Mariani Bittencourt Airport,Brumado,BR
Campo de Boi Airport,Ipixuna Do Para,BR
Baiao Airport,Baiao,BR
Barra Airport,Barra,BR
Bambui Airport,Bambui,BR
Paramirim Airport,Paramirim,BR
Campo Belo Airport,Campo Belo,BR
Castanhal Airport,Prainha,BR
Calcoene Airport,Calcoene,BR
Campo do Meio Airport,Campo Do Meio,BR
Continental Airport,Altamira,BR
Campos Gerais Airport,Campos Gerais,BR
Cibrasa Airport,Capanema,BR
Piquiatuba Airport,Santarem,BR
Lorenzo Airport,Cairu,BR
Carutapera Airport,Carutapera,BR
Cocorobo Airport,Euclides Da Cunha,BR
Campos Sales Airport,Campos Sales,BR
Ubaporanga Airport,Caratinga,BR
Cururupu Airport,Cururupu,BR
Campina Verde Airport,Campina Verde,BR
Centro de Lancamento de Alcantara Airport,Alcantara,BR
Colatina Airport,Colatina,BR
Campo da Praia Airport,Coruripe,BR
Ponte Nova Airport,Ponte Nova,BR
Ruropolis Airport,Ruropolis,BR
Redencao Airport,Redencao,BR
Fazenda Eldorado Airport,Igarape Do Meio,BR
Fazenda Santa Lucia Airport,Santa Ines,BR
Aba Airport,Barreiras,BR
Pista Castanheirinho Airport,Itaituba,BR
Santana dos Brejos Airport,Santana Dos Brejos,BR
Leopoldina Airport,Leopoldina,BR
Ouro Branco Airport,Paracatu,BR
Palmares Airport,Acara,BR
Fazenda Soya Airport,Sao Desiderio,BR
Domingos Rego Airport,Timon,BR
Diamantina Airport,Diamantina,BR
Ponta Do Sol Airport,Capitolio,BR
Divinopolis Airport,Divinopolis,BR
Divisa Airport,Encruzilhada,BR
Cachoeira Airport,Coruripe,BR
Picarrao Airport,Estrela Do Sul,BR
Paragominas Airport,Paragominas,BR
Outeiros da Brisas Airport,Porto Seguro,BR
Canavieiras Airport,Canavieiras,BR
Jaua Airport,Camacari,BR
Mineracao Porquinho Airport,Itaituba,BR
Monte Verde Airport,Camanducaia,BR
Moria Airport,Dom Bosco,BR
Belterra Airport,Belterra,BR
Encanta Moca Airport,Recife,BR
Fazenda Calumbi Airport,Fortuna,BR
Dezoito Airport,Neropolis,BR
Esplanada Airport,Esplanada,BR
Euclides da Cunha Airport,Euclides Da Cunha,BR
Fazenda Congonhas Airport,Carneirinho,BR
Fazenda Lagoa do Morro Airport,Brejoes,BR
Fazenda Palmeira do Capim Airport,Novo Brasil,BR
Fazenda Santo Antonio Airport,Unai,BR
Fazenda Minas Gerais Airport,Pontes E Lacerda,BR
Fazenda Santo Antonio Airport,Buritizeiro,BR
Alfenas Airport,Alfenas,BR
Feijo Airport,Fortaleza,BR
Fazenda Citropar Airport,Capitao Poco,BR
Fazenda Dom Felipe Airport,Ponta Pora,BR
Fazenda Sao Jose do Parnaiba Airport,Tupaciguara,BR
Pousada Thaimacu Airport,Jacareacanga,BR
Francisco Sa Airport,Francisco Sa,BR
Garimbo Tocantinzinho Airport,Itaituba,BR
Fazenda Santa Fe Airport,Jardinopolis,BR
Formiga Airport,Formiga,BR
Fazenda Pirapo Airport,Sorriso,BR
Fazenda Paineira Airport,Sao Sebastiao Da Bela Vista,BR
Belem de Sao Francisco Airport,Belem De Sao Francisco,BR
Fazenda Mimoso S/A Airport,Barreiras,BR
Fazenda Serinhaem Airport,Itubera,BR
Frutal Airport,Frutal,BR
Lago Joanes Airport,Simoes Filho,BR
Sao Joao do Piaui Airport,Sao Joao Do Piaui,BR
Sao Felix do Xingu Airport,Sao Felix Do Xingu,BR
Fazenda Villa Terezinha Airport,Bocaiuva,BR
Guarapari Airport,Guarapari,BR
Gilbues Airport,Gilbues,BR
Pista Canaa Airport,Itaituba,BR
Guadalupe Airport,Guadalupe,BR
Bom Jesus do Gurgueia Airport,Bom Jesus Do Gurgueia,BR
Guanhaes Airport,Guanhaes,BR
Guanambi Airport,Guanambi,BR
Grajau Airport,Grajau,BR
Fazenda Bela Vista Airport,Monte Alegre De Minas,BR
Fazenda Canada Airport,Uberlandia,BR
Garanhuns Airport,Garanhuns,BR
Fazenda Nova Airport,Uberlandia,BR
Fazenda Santa Maria Airport,Tupaciguara,BR
Fazenda Estrela Dalva Airport,Rondon Do Para,BR
Gorotire Airport,Gorotire,BR
Aeroclube de Alagoas Airport,Maceio,BR
Gentio de Ouro Airport,Gentio De Ouro,BR
Gurupa Airport,Gurupa,BR
Fazenda Cauaxi Airport,Paragominas,BR
Guaxupe Airport,Guaxupe,BR
Fazenda Floresta do Lobo Airport,Uberlandia,BR
Fazenda Inhumas do Chapadao Airport,Uberaba,BR
Fazenda Varjadao Airport,Sandolandia,BR
Usina de Jose Bonifacio Airport,Jose Bonifacio,BR
Nacional Grafite I Airport,Itapecerica,BR
Lagoa da Taboca Airport,Joao Pinheiro,BR
Nacional de Grafite II Airport,Pedra Azul,BR
Herbert Mata Pires Airport,Itaberaba,BR
Nacional de Grafite III Airport,Salto Da Divisa,BR
Fazenda Agua Santa Airport,Perdizes,BR
Santa Magalhaes Airport,Serra Talhada,BR
FazendaBola Sete Airport,Itinga Do Maranhao,BR
Fazenda Agro-Marata Airport,Santa Luzia,BR
Fazenda Samello Airport,Paracatu,BR
Igarape-Acu Airport,Igarape-Acu,BR
Itaberaba Airport,Itaberaba,BR
Irece Airport,Irece,BR
Caetite Airport,Caetite,BR
Fazenda Serra Dourada Airport,Itaituba,BR
Iguatu Airport,Iguatu,BR
Ouroland Airport,Itaituba,BR
Itamarandiba Airport,Itamarandiba,BR
Prainha Airport,Prainha,BR
Cipo Airport,Cipo,BR
Itapetinga Airport,Itapetinga,BR
Fazenda Mata Escura Airport,Parnarama,BR
Fazenda Rio Largo Airport,Caxias,BR
Ibotirama Airport,Ibotirama,BR
Ipiau Airport,Ipiau,BR
Fazenda Jumari Airport,Ipiacu,BR
Fazenda Masutti Airport,Campos De Julio,BR
Ibimirim Airport,Ibimirim,BR
Fazenda Jaqueline Airport,Vilhena,BR
Jardim de Angicos Airport,Jardim De Angicos,BR
Jacobina Airport,Jacobina,BR
Fazenda Agua Boa Airport,Ribamar Fiquene,BR
Joao Durval Carneiro Airport,Feira De Santana,BR
Fazenda Sertao do Formoso Airport,Jaborandi,BR
Fazenda Sao Jose da Lagoa Airport,Nova Crixas,BR
Sao Jose do Jacuipe Airport,Sao Jose Do Jacuipe,BR
Fazenda Fortaleza de Santa Terezinha Airport,Jequitai,BR
Fazenda Vo Anizio Airport,Dois Irmaos Do Buriti,BR
Jequie Airport,Jequie,BR
Fazenda do Rochedo Airport,Juiz De Fora,BR
Aeroporto Elias Breder Airport,Manhuacu,BR
Januaria Airport,Januaria,BR
Aeroclube Airport,Joao Pessoa,BR
Joao Pinheiro Airport,Joao Pinheiro,BR
Jequitinhonha Airport,Jequitinhonha,BR
Prefeito Octavio de Almeida Neves Airport,Sao Joao Del Rei,BR
Jardim do Serido Airport,Jardim Do Serido,BR
Fazenda Caraibas Airport,Janauba,BR
Fazenda Santa Monica Airport,Sao Joao Da Ponte,BR
Jaragua Airport,Sacramento,BR
Fazenda Santa Izabel do Porto Seguro da Jau Airport,Sao Felix Do Xingu,BR
Aeroclube Airport,Campina Grande,BR
Cocos Airport,Cocos,BR
Conceicao do Mato Dentro Airport,Conceicao Do Mato Dentro,BR
Santana do Araguaia Airport,Santana Do Araguaia,BR
Conselheiro Lafaiete Airport,Conselheiro Lafaiete,BR
Creputia Airport,Creputia,BR
Cachoeiro do Itapemirim Airport,Cachoeiro Do Itapemirim,BR
Fazenda Rio Dourado Airport,Cumaru Do Norte,BR
Caico Airport,Caico,BR
Colinas Airport,Colinas,BR
Currais Novos Airport,Currais Novos,BR
Brotas de Macaubas Airport,Brotas De Macaubas,BR
Klaus Mangold Airport,Ipixuna Do Para,BR
Corrente Airport,Corrente,BR
Santa Rita de Cassia Airport,Santa Rita De Cassia,BR
Crepurizinho Airport,Itaituba,BR
Canudos Airport,Canudos,BR
Fazenda Campo Verde Airport,Tartarugalzinho,BR
Fazenda Boa Sorte Airport,Iacri,BR
Marborges Airport,Moju,BR
Fazenda Cikel Airport,Paragominas,BR
Fazenda Remanso do Pito Airport,Navirai,BR
Fazenda Lagoa das Antas Airport,Canaa Dos Carajas,BR
Fazenda Magdalena,Lábrea,BR
Las Casas Airport,Las Casas,BR
Fazenda Serra Azul Airport,Itaituba,BR
Filial Campo Florido Airport,Campo Florido,BR
Serra do Cipo Airport,Jaboticatubas,BR
Lajinha Airport,Lajinha,BR
Abaete Airport,Abaete,BR
Agropecuaria Ceu Aberto Ltda Airport,Aripuana,BR
Agropecuaria Ferreira Penco Ltda Airport,Aripuana,BR
Fazenda Agropecuaria Rancho 11 Airport,Porto Esperidiao,BR
Linhares Airport,Linhares,BR
Sao Lourenco Airport,Sao Lourenco,BR
Fazenda Conforto Airport,Nova Crixas,BR
Paulistana Airport,Paulistana,BR
Fazenda Boa Luz Airport,Laranjeiras,BR
Lavrinhas Airport,Lavrinhas,BR
Fazenda Primavera I Airport,Rondon Do Para,BR
Lagoa da Prata Airport,Lagoa Da Prata,BR
Fazenda Boca da Mata Airport,Divinopolis Do Tocantins,BR
Monte Alegre Airport,Monte Alegre,BR
Mombaca Airport,Mombaca,BR
Macaubas Airport,Macaubas,BR
Mundico Coelho Airport,Itaituba,BR
Costa dos Coqueiros Airport,Mata De Sao Joao,BR
Agropastoril Monte Alegre Airport,Monte Belo,BR
Mina Caraiba Airport,Jaguarari,BR
Maracas Airport,Maracas,BR
Mocambinho Airport,Jaiba,BR
Manduca Leao Airport,Rio Largo,BR
Morada Nova de Minas Airport,Morada Nova De Minas,BR
Minas Novas Airport,Minas Novas,BR
Morada Nova Airport,Morada Nova,BR
Fazenda Marocopa Airport,Paracatu,BR
Marau Airport,Marau,BR
Monte Santo de Minas Airport,Monte Santo De Minas,BR
Mucuri Airport,Mucuri,BR
Fazenda Flavia Airport,Alcinopolis,BR
Agropecuaria Paralelo Dez Ltda Airport,Aripuana,BR
Sao Mateus Airport,Sao Mateus,BR
Porto de Moz Airport,Porto De Moz,BR
Fazenda Cana Brava Airport,Paracatu,BR
Rio Capim Airport,Ipixuna Do Para,BR
Berlin Ltda Airport,Ituiutaba,BR
Sao Joao Nepomuceno Airport,Sao Joao Nepomuceno,BR
Nossa Senhora de Fatima Airport,Teresina,BR
Carinhanha Airport,Carinhanha,BR
Praia do Forte Airport,Mata De Sao Joao,BR
Fazenda Santa Cruz Airport,Iaciara,BR
Fazenda Teragro Airport,Matias Cardoso,BR
Entre Rios - Vitoria Airport,Guarapuava,BR
Fazenda Sao Domingos Airport,Comodoro,BR
Nilo Pecanha Airport,Nilo Pecanha,BR
Fazenda Santa Lucia Airport,Porto Murtinho,BR
Fazenda Jaibense Airport,Matias Cardoso,BR
Nova Ponte Airport,Nova Ponte,BR
Nanuque Airport,Nanuque,BR
Fazenda Estrela do Sul Airport,Pedra Preta,BR
Fazenda Boa Vista Airport,Corumbiara,BR
Fazenda Espirito Santo Airport,Comodoro,BR
Fazenda Agua Turva Airport,Caracol,BR
Sobral Airport,Sobral,BR
Morro do Chapeu Airport,Morro Do Chapeu,BR
Praia do Saco Airport,Estancia,BR
Oeiras Airport,Oeiras,BR
Ouro Fino Airport,Ouro Fino,BR
Ceara-Mirim Airport,Ceara-Mirim,BR
Fazenda Rio Mutuca Airport,Juara,BR
Minalpa - Mineracao Alto Parnaiba Ltda. Airport,Alta Floresta,BR
Fazenda Chao de Estrelas Airport,Aurora Do Para,BR
Fazenda Guaporei Airport,Vila Bela Da Santissima Trindade,BR
Fazenda Quatrilho Airport,Sorriso,BR
Propria Airport,Propria,BR
Fazenda Agropecuaria Crioulo Airport,Tacuru,BR
Municipal Jose Figueiredo Airport,Passos,BR
Fazenda Santa Fe do Guapore Airport,Comodoro,BR
Feijó Airport,Feijó,BR
Povoado de Camacari Airport,Coruripe,BR
Fazenda Turmalina Airport,Martinopolis,BR
Oriximina Airport,Oriximina,BR
Ouricuri Airport,Ouricuri,BR
Coronel Alexandre Raposo Airport,Paco Do Lumiar,BR
Para de Minas Airport,Para De Minas,BR
Pastos Bons Airport,Pastos Bons,BR
Picos Airport,Picos,BR
Patos de Minas Airport,Patos De Minas,BR
Penedo Airport,Penedo,BR
Fazenda Canabrava Airport,Parnarama,BR
Piata Airport,Piata,BR
Patrocinio Airport,Patrocinio,BR
Fazenda Pacuruxu Airport,Santa Mercedes,BR
Palmeiras Airport,Palmeiras,BR
Fazenda Agua Fria Airport,Lavinia,BR
Pompeu Airport,Pompeu,BR
Morro de Sao Paulo Airport,Cairu,BR
Pesqueira Airport,Pesqueira,BR
Pontezinha Airport,Buritis,BR
Passa Tempo Airport,Passa Tempo,BR
Paraguacu Airport,Paraguacu,BR
Piaus Airport,Piaus,BR
Pirapora Airport,Pirapora,BR
Sao Sebastiao do Paraiso Airport,Sao Sebastiao Do Paraiso,BR
Pedra Azul Airport,Pedra Azul,BR
Fazenda Tracaja Airport,Paragominas,BR
Fazenda Val Paraiso Airport,Paragominas,BR
Sousa Airport,Sousa,BR
Fazenda Serra Grande Airport,Parauapebas,BR
Cangapara Airport,Floriano,BR
Fazenda Camagril Agropecuaria Airport,Diamantino,BR
Rancho Paraiso Airport,Corumba,BR
Bom Jesus Airport,Caceres,BR
Queimadas Airport,Queimadas,BR
Fazenda Campanario Airport,Bodoquena,BR
Fazenda Sao Francisco Airport,Magda,BR
Fazenda Bahia - Don Bosco Airport,Pocone,BR
Fazenda Nossa Senhora Auxiliadora Airport,Ivinhema,BR
Fazenda Estrela do Sul Airport,Umuarama,BR
Mucuge Airport,Mucuge,BR
Curvelo Airport,Curvelo,BR
Cururu Airport,Jacareacanga,BR
Quixada Airport,Quixada,BR
Fazenda Bagagem Airport,Aral Moreira,BR
Fazenda Santo Andre Airport,Pratinha,BR
Fazenda Rosa de Maio Airport,Itaituba,BR
Prado Airport,Prado,BR
Fazenda Rebeca Airport,Serra Dourada,BR
Rachid Saliba Airport,Boa Esperanca,BR
Brejo Airport,Brejo,BR
Remanso Airport,Remanso,BR
Fazenda Vinte de Maio Airport,Getulina,BR
Rio Paranaiba Airport,Rio Paranaiba,BR
Porto Rico Airport,Jacareacanga,BR
Fazenda Aratau Airport,Novo Repartimento,BR
Russas Airport,Russas,BR
Caruaru Airport,Caruaru,BR
Fazenda Rio Vermelho Airport,Sapucaia,BR
Fazenda Barreiro Airport,Miracema Do Tocantins,BR
Riachao Airport,Riachao,BR
Fazenda Bom Sucesso Airport,Vazante,BR
Sao Bento Airport,Sao Bento,BR
Sacramento Airport,Sacramento,BR
Sao Luiz Airport,Sao Desiderio,BR
Sento Se Airport,Sento Se,BR
Fazenda Entre Rios Airport,Porto Murtinho,BR
Salgueiro Airport,Salgueiro,BR
Sao Jose Airport,Santarem,BR
Santa Maria do Suacui Airport,Santa Maria Do Suacui,BR
Fazenda Fogliatelli Airport,Sapezal,BR
Fazenda Ipitinga Airport,Almeirim,BR
Salinopolis Airport,Salinopolis,BR
Serro Airport,Serro,BR
Fazenda Santos Reis Airport,Guarda-Mor,BR
Salinas Airport,Salinas,BR
Souto Soares Airport,Souto Soares,BR
Fazenda Pontao Airport,Xinguara,BR
Fazenda Sao Pedro Airport,Eldorado,BR
Soure Airport,Soure,BR
Fazenda Sao Martinho Airport,Ilha Solteira,BR
Fazenda Sao Jose Airport,Bonito,BR
Fazenda Itaguassu Airport,Maracaju,BR
Fazenda Sao Miguel Airport,Pompeia,BR
Afogados da Ingazeira Airport,Afogados Da Ingazeira,BR
Tambori Airport,Teresina,BR
Fazenda Mamoneira Airport,Natalandia,BR
Teixeira de Freitas Airport,Teixeira De Freitas,BR
Afranio Airport,Afranio,BR
Obidos Airport,Obidos,BR
Santa Teresa Airport,Itaituba,BR
Monte Carmelo Airport,Monte Carmelo,BR
Tamboril Airport,Tamboril,BR
Turmalina Airport,Turmalina,BR
Juscelino Kubitscheck Airport,Teofilo Otoni,BR
Agropalma Airport,Tailandia,BR
Buritirama Airport,Buritirama,BR
Piritiba Airport,Piritiba,BR
Patos Airport,Patos,BR
Tranquilo Restolin Airport,Felixlandia,BR
Turiacu Airport,Turiacu,BR
Fazenda Veredao Airport,Taiobeiras,BR
Senador Teotonio Vilela Airport,Teotonio Vilela,BR
Litoranea Airport,Cururupu,BR
Correntina Airport,Correntina,BR
Uba Airport,Uba,BR
Acu Airport,Acu,BR
Urbano Santos Airport,Urbano Santos,BR
Fazenda Treis Coringas Airport,Uberaba,BR
Fazenda Eunice Airport,Vila Bela Da Santissima Trindade,BR
Piumhi Airport,Piumhi,BR
Aracuai Airport,Aracuai,BR
Santa Maria da Boa Vista Airport,Santa Maria Da Boa Vista,BR
Fazenda Lago Vermelho Airport,Buritizeiro,BR
Fazenda Aurora III Airport,Ribas Do Rio Pardo,BR
Sao Jose do Egito Airport,Sao Jose Do Egito,BR
Unai Airport,Unai,BR
Usina Porto Rico Airport,Campo Alegre,BR
Usina Delta I Airport,Delta,BR
Utinga Airport,Utinga,BR
Uaua Airport,Uaua,BR
Fazenda Nova Aurora Airport,Anaurilandia,BR
Sertania Airport,Sertania,BR
Fazenda Santo Antonio Airport,Ribas Do Rio Pardo,BR
Buritis Airport,Buritis,BR
Usina Coruripe Airport,Coruripe,BR
Fazenda Bela Vista Airport,Cumaru Do Norte,BR
Valenca Airport,Valenca,BR
Vicosa Airport,Vicosa,BR
Santa Maria da Vitoria Airport,Santa Maria Da Vitoria,BR
Volta Grande Airport,Conceicao Das Alagoas,BR
Fazenda Santa Helena Airport,Caceres,BR
Melio Viana Airport,Tres Coracoes,BR
Fazenda Salto Grande Airport,Jauru,BR
Fazenda Santa Terezinha Airport,Tres Lagoas,BR
Virgem da Lapa Airport,Virgem Da Lapa,BR
Fazenda Guaivira Airport,Brasilandia,BR
Fazenda Santa Clara Airport,Rubiacea,BR
Fazenda Pontal Airport,Carneirinho,BR
Fazenda Aracatuba Airport,Santa Fe,BR
Fazenda Santa Monica Airport,Piraque,BR
Aeroclube da Bahia Airport,Vera Cruz,BR
Breves Airport,Breves,BR
Fazenda Itatuba Airport,Cassia,BR
Valente Airport,Valente,BR
Fazenda Sao Joao do Guapore Airport,Nova Lacerda,BR
Fazenda Ouro Verde Airport,Paranhos,BR
Varzea da Palma Airport,Varzea Da Palma,BR
Guaxuma Airport,Coruripe,BR
Fazenda Sao Lucas Airport,Mirandopolis,BR
Camocim Airport,Camocim,BR
Fazenda Guavira Airport,Iguatemi,BR
Fazenda Baia da Bugra Airport,Corumba,BR
Fazenda Cachoeirinha Airport,Ponta Pora,BR
Fazenda Ipora Airport,Itaquirai,BR
Fazenda Sao Mateus Airport,Querencia Do Norte,BR
Fazenda Sao Joao II Airport,Comodoro,BR
Fazenda Rancho Alegre Airport,Araputanga,BR
Fazenda Santa Terezinha Airport,Pedra Preta,BR
Fazenda Ranchinho Airport,Apore,BR
Fazenda Bonito Airport,Ilha Solteira,BR
Fazenda Alianca Airport,Pedra Preta,BR
Fazenda Vera Cruz Airport,Amambai,BR
Laginha Airport,Uniao Dos Palmares,BR
Wilma Rabelo Airport,Senador Jose Porfirio,BR
Crateus Airport,Crateus,BR
Fazenda Ponte Quinha Airport,Aral Moreira,BR
Uruba Airport,Atalaia,BR
Machado Airport,Machado,BR
Caxambu Airport,Caxambu,BR
Fazenda Beradao Airport,Itaituba,BR
Retiro Santo Antonio da Fazenda Triunfo Airport,Corumba,BR
Fazenda dos Castanhais Airport,Sapucaia,BR
Itapecuru Airport,Codo,BR
Estancia Turistica de Pereira Barreto Airport,Pereira Barreto,BR
Fazenda Lagoa do Triunfo Airport,Sao Felix Do Xingu,BR
Primavera Airport,Querencia,BR
Fazenda Itumbiara Airport,Altamira,BR
Heringer Airport,Balsas,BR
Fazenda Bom Sucesso Airport,Novo Progresso,BR
Xique-Xique Airport,Xique-Xique,BR
Fazenda Conforto Airport,Itaituba,BR
Fazenda Sao Braz Airport,Barra De Santo Antonio,BR
Fazenda Lagoa das Conchas Airport,Colniza,BR
Chaves Airport,Chaves,BR
Maxaranguape Airport,Maxaranguape,BR
Cikel Brasil Verde Airport,Portel,BR
Almeirim Airport,Almeirim,BR
Ituiutaba Airport,Ituiutaba,BR
Rosa Branca Airport,Itaituba,BR
Pilao Arcado Airport,Pilao Arcado,BR
Pinheiro Airport,Pinheiro,BR
Fazenda Parnaiba Airport,Tasso Fragoso,BR
Agropecuaria Castanhais Airport,Cumaru Do Norte,BR
Fazenda HJ Airport,Unai,BR
Pista Sao Jorge Airport,Jacareacanga,BR
Fazenda Sao Joao Airport,Varjao De Minas,BR
Fazenda Flexas Airport,Sao Romao,BR
Fazenda Rio das Pedras Airport,Prata,BR
Fazenda Logradouro Vereda da Ponte Airport,Riachinho,BR
Chacara Paraiso Airport,Benevides,BR
Pista Sao Pedro Airport,Itaituba,BR
Fazenda Agua Azul Airport,Itaituba,BR
Destilaria WD Airport,Joao Pinheiro,BR
Ituacu Airport,Ituacu,BR
Iturama Airport,Iturama,BR
Fazenda Sococo Airport,Moju,BR
Antonio Guerreiro Airport,Guimaraes,BR
Sitio Vodo Airport,Cascavel,BR
Vicente Jose Airport,Russas,BR
Pouso Alegre Airport,Pouso Alegre,BR
Rancho Sumidor Airport,Rio Do Oeste,BR
Fazenda Aguas Claras Airport,Iguatemi,BR
Fazenda Dona Hilda Airport,Montividiu Do Norte,BR
Aeroxingu Airport,Altamira,BR
Fazenda Bela Vista Airport,Soure,BR
Fazenda Pequena Holanda Airport,Alto Parnaiba,BR
Fazenda Canada Airport,Itacarambi,BR
Fazenda Santa Thereza Airport,Novo Horizonte,BR
Fazenda Bebida Velha Airport,Touros,BR
Pocoes Airport,Pocoes,BR
Pista Santa Lucia Airport,Itaituba,BR
Paracatu Airport,Paracatu,BR
Fazenda Recreio Airport,Paragominas,BR
Fazenda Nova Conceicao Airport,Tome Acu,BR
Fazenda Jamaica Airport,Ulianopolis,BR
Itubera Airport,Itubera,BR
Fazenda Bandeira Airport,Tupa,BR
Muzzi Airport,Coruripe,BR
Cayenne-Rochambeau Airport,Cayenne / Rochambeau,GF
Grand-Santi Airport,Grand-Santi,GF
Malin Airport,Malin,PE
Maripasoula Airport,Maripasoula,GF
Saint-Georges-de-l'Oyapock Airport,Saint-Georges-de-l'Oyapock Airport,GF
Saint-Laurent-du-Maroni Airport,Saint-Laurent-du-Maroni,GF
Regina Airport,Regina,GF
Saul Airport,Saul,GF
Sinnamary,Sinnamary,GF
Caraz Airport,Ancash,PE
Huancabamba Airport,Huancabamba,PE
Ciro Alegria Airport,Bagua,PE
Aguaytia Airport,Aguaytia,PE
Urpay Airport,Pataz,PE
Alao Airport,El Dorado,PE
Camana Airport,Camana,PE
Sullana Airport,Sullana,PE
San Juan Aposento Airport,San Juan Aposento,PE
Picota Airport,Picota,PE
Alerta Airport,Fortaleza,PE
Alferez FAP Alfredo Vladimir Sara Bauer Airport,Andoas,PE
Aguas Calientes Airport,Aguas Calientes,PE
Teniente General Gerardo Perez Pinedo Airport,Atalaya,PE
Barranca Airport,Barranca,PE
Moyobamba Airport,Moyobamba,PE
Caballococha Airport,Caballococha,PE
Huallaga Airport,Bellavista,PE
Nuevo Acari Airport,La Bella Union,PE
Iberia Airport,Iberia,PE
Bellavista Airport,Jeberos,PE
Obenteni Airport,Obenteni,PE
Bayovar,Bayovar,PE
Ciudad Constitucion Airport,Ciudad Constitucion,PE
Casa Grande Airport,Ascope,PE
Tocache Airport,Tocache,PE
Cap FAP David Abenzur Rengifo International Airport,Pucallpa,PE
Contamana Airport,Contamana,PE
Cunocuno Airport,Cunocuno,PE
Pucacaca Airport,Pucacaca,PE
Acari Airbase Airport,Acari,PE
Chota Airport,Chota,PE
Mollendo Airport,Mollendo,PE
Trompeteros Airport,Corrientes,PE
Pebas Airport,Loreto,PE
El Estrecho Airport,,PE
Iscozasin Airport,Iscozasin,PE
Teniente FAP Jaime A De Montreuil Morales Airport,Chimbote,PE
Puerto Esperanza Airport,Esperanza,PE
Cesar Torke Podesta Airport,Moquegua,PE
Puerto Bermudez Airport,Oxapampa,PE
Fausa Airport,Fausa,PE
Galilea Airport,,PE
Chagual Airport,Chagual,PE
Tingo Maria Airport,Tingo Maria,PE
Gueppi­ Airport,,PE
Lagunas Airport,Cajamarca,PE
Puerto Victoria Airport,Puerto Victoria,PE
Bagua Airport,Bagua,PE
Chincha Airport,Chincha,PE
Chala Airport,Puerto Chala,PE
Capitan FAP Jose A Quinones Gonzales International Airport,Chiclayo,PE
Olmos Airport,<Olmos,PE
Coronel FAP Alfredo Mendivil Duarte Airport,Ayacucho,PE
Huancayo Airport,Huancayo,PE
Huanuco Viejo Airport,Huanuco Viejo,PE
Andahuaylas Airport,Andahuaylas,PE
Comandante FAP German Arias Graziani Airport,Anta,PE
Ica Airport,Ica,PE
Quince Air Base,Quince Mil,PE
Inapari Airport,Inapari,PE
Satipo Airport,Satipo,PE
Patria Airport,Pillcopata,PE
Pias Airport,Pataz,PE
Paita Airport,Paita Wesr,PE
Yauri Airport,Yauri,PE
Uchiza Airport,Uchiza,PE
Juan Simons Vela Airport,Rioja,PE
Pampa Grande Airport,Pampa Grande,PE
Jorge Chavez International Airport,Lima,PE
Shumba Airport,Jaen,PE
Juanjui Airport,Juanjui,PE
Francisco Carle Airport,Jauja,PE
Inca Manco Capac International Airport,Juliaca,PE
San Juan de Marcona Airport,San Juan de Marcona,PE
Mayor General FAP Armando Revoredo Iglesias Airport,Cajamarca,PE
Luisiana Airport,Luisiana,PE
Mariano Melgar,La Joya,PE
Celendin Airport,Celendin,PE
Lagarto Nuevo Airport,Lagarto,PE
San Nicolas Airport,Rodriguez de Mendoza,PE
Ilo Airport,Ilo,PE
Las Palmas Airport,Chorrillos,PE
Zorrillos Airport,Zorrillos,PE
Lobitos Airport,Lobitos,PE
Capitan FAP Pedro Canga Rodriguez Airport,Tumbes,PE
Manuel Prado Ugarteche Airport,Mazamari,PE
Santa Maria Airport,Santa Maria,PE
Moises Benzaquen Rengifo Airport,Yurimaguas,PE
Alferez Fap David Figueroa Fernandini Airport,Huanuco,PE
Laguna Choclococha Airport,Choclococha,PE
Nuevo Mundo Airport,Nuevo Mundo,PE
Ancon Airport,Ancon,PE
Ventilla Airport,Ventilla,PE
Ricran Airport,Ricran,PE
Intuto Airport,Intuto,PE
Manu Airport,Manu,PE
Saposoa Airport,Plaza Saposoa,PE
Collique Airport,Collique Bajo,PE
Orellana Airport,Orellana,PE
Orcopampa Airport,Orcopampa,PE
Zorritos Airport,Contralmirante Villar,PE
Shiringayoc/Hacienda Hda Mejia Airport,Leon Velarde,PE
Atico Airport,Atico,PE
Puerto Ocopa Airport,Puerto Ocopa,PE
Tipishsa Airport,Puerto Breu,PE
Paramonga Airport,Paramonga,PE
Pampa Hermosa Airport,Pampa Hermosa,PE
Playa Airport,Trismaje,PE
Pomacocha Airport,Pomacocha,PE
Palmas del Espino Airport,Palmas del Espino,PE
Pozuzo Airport,Pozuzo,PE
Huanacopampa Airport,Huanacopampa,PE
Chachapoyas Airport,Chachapoyas,PE
Palcazu Airport,Porvenir,PE
Kiteni Airport,La Convencion,PE
Jaqui Airport,Jaqui,PE
Requena Airport,Requena,PE
Quiruvilca Airport,Qiruvilca,PE
Coronel FAP Francisco Secada Vignetta International Airport,Iquitos,PE
Rodriguez Ballon International Airport,Arequipa,PE
San Rafael Airport,San Rafael,PE
San Regis Airport,Chincha,PE
Imperial Airport,Imperial,PE
Capitan FAP Leonardo Alvarino Herr Airport,San Ramon,PE
Capitan FAP Carlos Martinez De Pinillos International Airport,Trujillo,PE
Casma Airport,Casma,PE
Sepahua Airport,Sepahua,PE
San Francisco Airport,San Francisco de Yeso,PE
Siguas Airport,Siguas,PE
San Jose de Sisa Airport,El Dorado,PE
Lamas Airport,Lamas,PE
Shapaja Airport,Shapaja,PE
Capitan FAP Renan Elias Olivera International Airport,Pisco,PE
Masisea Airport,Masisea,PE
Cadete FAP Guillermo Del Castillo Paredes Airport,Tarapoto,PE
Shiringayoc Airport,Shiringayoc,PE
Nauta Airport,Nauta,PE
San Francisco Airport,San Francisco,PE
Puerto Inca Airport,Puerto Inca,PE
Coronel FAP Carlos Ciriani Santa Rosa International Airport,Tacna,PE
El Pato Air Base,El Pato,PE
Toquepala Airport,Toquepala,PE
Tournavista Airport,Tournavista,PE
Padre Aldamiz International Airport,Puerto Maldonado,PE
Tintay Airport,Tintay,PE
Huamachuco Airport,Huamachuco,PE
Capitan FAP Guillermo Concha Iberico International Airport,Piura,PE
Hacienda El Valor Airport,El Valor,PE
Vicco Airport,Vicco,PE
Caraveli Airport,Caraveli,PE
Vitor Airport,Vitor,PE
Luya Airport,Luya,PE
Capitan Montes Airport,,PE
Pacasmayo Airport,Pacasmayo,PE
Yauca Airport,Yauca,PE
Maria Reiche Neuman Airport,,PE
Pachiza Airport,Pachiza,PE
Alejandro Velasco Astete International Airport,Cusco,PE
Chazuta Airport,Chazuta,PE
Ibaiti Airport,Ibaiti,BR
Fazenda Ribeirao Airport,Chapadao Do Sul,BR
Arroio Grande Airport,Arroio Grande,BR
Aeroclube de Foz do Iguacu Airport,Santa Terezinha De Itaipu,BR
Fazenda Agropecuaria Lobo Ltda Airport,Agua Clara,BR
Fazenda Esperanca Airport,Bataipora,BR
Aeroclube Airport,Cruz Alta,BR
Amambai Airport,Amambai,BR
Andira Airport,Andira,BR
Apucarana Airport,Apucarana,BR
Aeroclube Airport,Passo Fundo,BR
Fazenda Jacare Airport,Campo Grande,BR
Centeno Airport,Tapes,BR
Fazenda Amonguija Airport,Porto Murtinho,BR
Fazenda Japecanga Airport,Ribas Do Rio Pardo,BR
Sitio Pouso do Aviador Airport,Campo Grande,BR
Fazenda Bela Vista Airport,Camapua,BR
Estrela Dalva Airport,Bodoquena,BR
Malibu Confinamento - MC Airport,Castilho,BR
Sobradinho Airport,Sobradinho,BR
Camapua Airport,Camapua,BR
Fazenda JL Airport,Aparecida Do Taboado,BR
Aeroclube de Bento Goncalves Airport,Bento Goncalves,BR
Fazenda Baia do Lara Airport,Corumba,BR
Bom Jesus Airport,Bom Jesus,BR
Fazenda Araruna Airport,Sonora,BR
Blumenau Airport,Blumenau,BR
Fazenda Lageado Airport,Dois Irmaos Do Buriti,BR
Belem Novo Airport,Porto Alegre,BR
Palmares Airport,Bossoroca,BR
Frigorifico Marfrig Airport,Bataguassu,BR
Bandeirantes Airport,Bandeirantes,BR
Fazenda Boa Esperanca Airport,Brasilandia,BR
Fazenda Santa Ilidia Airport,Bataipora,BR
Fazenda Baguacu - Miragem Airport,Porto Murtinho,BR
Bela Vista Airport,Bela Vista,BR
Fazenda Boa Sorte Airport,Sidrolandia,BR
Fazenda Lageado Airport,Coxim,BR
Orlando Chesini Ometto Airport,Miranda,BR
Aeroclube Airport,Sapiranga,BR
Fazenda Campo Bom Airport,Chapadao Do Sul,BR
Fazenda Santa Maria Airport,Mundo Novo,BR
Chapadao do Sul Airport,Chapadao Do Sul,BR
Aeroclube Airport,Bage,BR
Max Fontoura Airport,Campo Largo,BR
Fazenda Cachoeirao Airport,Nova Andradina,BR
Coxim Airport,Coxim,BR
Fazenda Celeiro Airport,Rio Brilhante,BR
Concordia Airport,Concordia,BR
Cassilandia Airport,Cassilandia,BR
Fazenda Cacadinha Airport,Rio Brilhante,BR
Canela Airport,Canela,BR
Comandante Marilda Zaiden de Mesquita Airport,Capao Do Leao,BR
Cornelio Procopio Airport,Cornelio Procopio,BR
Salca Airport,Cacequi,BR
Marechal Candido Rondon Airport,Marechal Candido Rondon,BR
Estancia Ema Airport,Campo Grande,BR
Cianorte Airport,Cianorte,BR
Fazenda Santa Marina Airport,Santa Maria Das Barreiras,BR
Capivari Airport,Capivari Do Sul,BR
Fazenda Sao Sebastiao Airport,Corumba,BR
Fazenda Coxilha Airport,Passo Fundo,BR
Fazenda Kurupay Airport,Angelica,BR
Dionisio Cerqueira Airport,Dionisio Cerqueira,BR
Fazenda Barra Dourada Airport,Dourados,BR
Fazenda Sao Jose Airport,Corumba,BR
Fazenda Nazare Airport,Santa Filomena,BR
Fazenda Caranday Airport,Corumba,BR
Fazenda Bacatuba Airport,Buriti Bravo,BR
Fazenda Bonanza Airport,Camapua,BR
Fazenda Vista Alegre Airport,Novo Horizonte Do Sul,BR
Fazenda Ribeirao Airport,Ribeirao Goncalves,BR
Aeroclube de Santana do Livramento Airport,Santana Do Livramento,BR
Fazenda Galileia Airport,Baixa Grande Do Ribeiro,BR
Dourados Airport,Dourados,BR
Fazenda Fortaleza do Guapore Airport,Vila Bela Da Santissima Trindade,BR
Fazenda Marema Airport,Miranda,BR
Fazenda Bandeirantes Airport,Nova Crixas,BR
Fazenda Pau D`Arco Airport,Redencao,BR
Fazenda Modelo Airport,Pedro Gomes,BR
Fazenda Santa Maria Airport,Coxim,BR
Fazenda Potrich Airport,Sorriso,BR
Fazenda da Coxilha Airport,Camaqua,BR
Fazenda Duas Irmas Airport,Guiratinga,BR
Fazenda Divisao Airport,Amambai,BR
Fazenda Escalada Airport,Pedro Gomes,BR
Regional do Vale do Taquari Airport,Estrela,BR
Fazenda Passaredo Airport,Cajuru,BR
Estancia da Gruta Airport,Pelotas,BR
Fazenda Santo Andre Airport,Miranda,BR
Fazenda Lontra Airport,Ribas Do Rio Pardo,BR
Fazenda Jatiuca Airport,Agua Clara,BR
Fazenda Mimoso Airport,Ribas Do Rio Pardo,BR
Sao Sepe Airport,Sao Sepe,BR
Fazenda Rio Brilhante Airport,Angelica,BR
Erechim Airport,Erechim,BR
Encruzilhada do Sul Airport,Encruzilhada Do Sul,BR
Tambau Airport,Tambau,BR
Monte Carmelo Airport,Itaituba,BR
Sao Camilo Airport,Corumba,BR
Sitio Limoeiro Airport,Pardinho,BR
Estancia Caiman Airport,Miranda,BR
Estancia Itapororo Airport,Alegrete,BR
Espumoso Airport,Espumoso,BR
Foz do Areia Airport,Pinhao,BR
Francisco Beltrao Airport,Francisco Beltrao,BR
Fazenda Acaraja Airport,Amambai,BR
Estancia Hercules Airport,Foz Do Iguacu,BR
Fazenda Sao Francisco Airport,Nova Alvorada Do Sul,BR
Fazenda Guanabara Airport,Paranapoema,BR
Vale dos Dinassauros Airport,Uberaba,BR
Fazenda Itamarati Airport,Ponta Pora,BR
Fazenda Retiro da Cachoeira Airport,Campo Grande,BR
Forte Coimbra Airport,Corumba,BR
Joao Pereira dos Santos Filho Airport,Fronteiras,BR
Fazenda Marimbondo Airport,Conselheiro Mairinck,BR
Fazenda Novilho Airport,Caarapo,BR
Fazenda Novo Horizonte Airport,Miranda,BR
Fazenda Sao Paulo Airport,Tres Lagoas,BR
Fazenda Barra Nova Airport,Rio Brilhante,BR
Fronteira Airport,Fronteira,BR
Fazenda Ligacao Airport,Sete Quedas,BR
Fazenda Grotao Airport,Coxim,BR
Fazenda Primavera Airport,Nova Fatima,BR
Garibaldi Airport,Garibaldi,BR
Guaratuba Airport,Guaratuba,BR
General Canrobert Pereira da Costa Airport,Aquidauana,BR
Fazenda Periquitos Airport,Tres Lagoas,BR
Fazenda Formosa Airport,Ribas Do Rio Pardo,BR
Fazenda Jacare de Chifre Airport,Porto Murtinho,BR
Fazenda Capao Verde Airport,Aquidauana,BR
Astral Airport,Eldorado Do Sul,BR
Fazenda Poleiro Grande Airport,Corumba,BR
Fazenda Volta Grande Airport,Maracaju,BR
Fazenda Seriema Airport,Bela Vista,BR
Fazenda Guaiba Airport,Iguatemi,BR
Rosada Airport,Sao Gabriel D`Oeste,BR
Piquet Airport,Brasilia,BR
Guapore Airport,Guapore,BR
Fazenda Falcao Airport,Primavera Do Leste,BR
Fazenda Capao Alto Airport,Rio Brilhante,BR
Fazenda Gurucaia Airport,Santa Isabel Do Ivai,BR
Goio-Ere Airport,Goio-Ere,BR
Fazenda Rio Negro Airport,Aquidauana,BR
Guaira Airport,Guaira,BR
Fazenda Santa Helena do Pindo Airport,Navirai,BR
Aeroclube de Aquidauana Airport,Aquidauana,BR
Fazenda Serra Dourada Airport,Ivate,BR
Capitao Pedro Paranhos Airport,Guapirama,BR
Fazenda Bipandora II Airport,Itapora,BR
Sitio Serra Negra Airport,Corumba,BR
Antonio Joao Airport,Antonio Joao,BR
Fazenda Dom Francisco Airport,Itaquirai,BR
Fazenda Santa Rita Airport,Ponta Pora,BR
Fazenda Jaguarandy Airport,Ponta Pora,BR
Fazenda Jussara Airport,Jussara,BR
Recanto das Aguias Airport,Iguaracu,BR
Fazenda Paraiso Airport,Terenos,BR
Ingazeira Airport,Alta Floresta,BR
Fazenda Centenario Airport,Aquidauana,BR
Fazenda Macarai Airport,Itaquirai,BR
Fazenda Jatoba Airport,Paranhos,BR
Horizontina Airport,Horizontina,BR
Fazenda Suely Airport,Agua Clara,BR
APLIC Aviacao Agricola Ltda Airport,Dourados,BR
Independencia Airport,Nova Andradina,BR
Teruel Ipanema Estancia Airport,Campo Grande,BR
Fazenda Baunilha Airport,Itaquirai,BR
Fazenda Santa Maria Airport,Aquidauana,BR
Fazenda Fortaleza Airport,Brasilandia,BR
Fazenda Orion Airport,Bela Vista,BR
Ijui Airport,Ijui,BR
Boqueirao Alegre Airport,Quarai,BR
Candiota Airport,Candiota,BR
Fazenda Santa Otilia Airport,Porto Murtinho,BR
Itaqui Airport,Itaqui,BR
Ibiruba Airport,Ibiruba,BR
Major Jose Ignacio Airport,Ibate,BR
Sitio Enel Airport,Pantano Grande,BR
Fazenda Experimental Airport,Ivinhema,BR
Fazenda Damaro Airport,Miranda,BR
Fazenda Campo Verde Airport,Taquarussu,BR
Fazenda Santa Adelina Airport,Guaicara,BR
Condominio Fazenda da Grama Airport,Itupeva,BR
Santa Terezinha Airport,Joacaba,BR
Salenco Airport,Sao Gabriel D`Oeste,BR
Fazenda do Jacui Airport,Guaiba,BR
Fazenda Sao Joaquim Airport,Selviria,BR
Fazenda Santa Ana Airport,Porto Murtinho,BR
Fazenda Guarani Airport,Nova Andradina,BR
Jardim Airport,Jardim,BR
Fazenda Tupi Airport,Nova Andradina,BR
Julio de Castilho Airport,Julio De Castilho,BR
Fazenda Jamaica Airport,Camapua,BR
Fazenda Julio Martins Airport,Chapadao Do Sul,BR
Fazenda Angico Airport,Corumba,BR
Fazenda Junqueira Airport,Colorado,BR
Fazenda Floresta Airport,Ribeirao Cascalheira,BR
Jaguarao Airport,Jaguarao,BR
Fazenda Rio Lagoa Airport,Ribas Do Rio Pardo,BR
Fazenda Santa Paula Airport,Inocencia,BR
Piratininga Airport,Corumba,BR
Fazenda Jauru Airport,Rio Brilhante,BR
Sao Bento Airport,Corumba,BR
Sao Joao Airport,Corumba,BR
Fazenda Tres Unidos Airport,Terra Roxa,BR
Fazenda Campinas Airport,Corumba,BR
Fazenda Tupanciretan Airport,Aquidauana,BR
Fazenda Uniao Airport,Inocencia,BR
Fazenda Uniao Airport,Aquidauana,BR
Campo Evelina Airport,Santa Monica,BR
Porto Bonito Airport,Itaquirai,BR
Estancia Santa Maria Airport,Campo Grande,BR
Fazenda Karl Hermann Isenberg Airport,Aral Moreira,BR
Fazenda Santa Helena Airport,Cornelio Procopio,BR
Fazenda Mestica Airport,Rio Branco Do Ivai,BR
Capao da Canoa Airport,Capao Da Canoa,BR
Fazenda Piao Airport,Amambai,BR
Campo Mourao Airport,Campo Mourao,BR
Campo Novo Airport,Campo Novo,BR
Independencia Airport,Anastacio,BR
Copacel Airport,Palotina,BR
Fazenda Santa Rosa Airport,Nova Crixas,BR
Fazenda Primavera Airport,Parauna,BR
Cachoeira do Sul Airport,Cachoeira Do Sul,BR
Aeroclube de Santa Catarina Airport,Sao Jose,BR
Curitibanos Airport,Curitibanos,BR
Retiro Sao Joao Airport,Ponta Pora,BR
Cacoal Airport,Cacoal,BR
Fazenda Sao Luiz do Matao Airport,Carneirinho,BR
Fazenda Querencia Airport,Tangara Da Serra,BR
Carazinho Airport,Carazinho,BR
Laguna Airport,Laguna,BR
Fazenda Sao Paulino Airport,Corumba,BR
Fazenda Laguna Carem Airport,Laguna Carapa,BR
Fazenda Lourdes Airport,Corumba,BR
Fazenda Palmeira Airport,Taquarussu,BR
Sao Luis Gonzaga Airport,Sao Luis Gonzaga,BR
Fazenda Nova Piuva,Aquidauana,BR
Fazenda Santa Izabel Airport,Flores De Goias,BR
Fazenda Aldeia Airport,Coxim,BR
Fazenda Itaguassu Airport,Antonio Joao,BR
Helmuth Baungarten Airport,Lontras,BR
Loanda Airport,Loanda,BR
Fazenda Lucero Pora Airport,Porto Murtinho,BR
Fazenda Campanario Airport,Laguna Carapa,BR
Ocorema Airport,Ladario,BR
Salto Santiago Airport,Laranjeiras Do Sul,BR
Alegrete Novo Airport,Alegrete,BR
Fazenda Aurora Airport,Jardim,BR
Fazenda Tres Cerros Airport,Bela Vista,BR
Fazenda Brasilia do Sul Airport,Juti,BR
Fazenda Vitoria do Ivinhema Airport,Ivinhema,BR
Fazenda Sao Miguel da Catequese Airport,Nova Andradina,BR
Medianeira Airport,Medianeira,BR
Fazenda Ipiranga Airport,Anastacio,BR
Mafra Airport,Mafra,BR
Fazenda Santa Maria Airport,Capao Do Leao,BR
Fazenda Morrinhos Airport,Bela Vista,BR
Maracaju Airport,Maracaju,BR
El Dorado Airport,Eldorado Do Sul,BR
Fazenda Maria Luiza Airport,Iguatemi,BR
Kururuzinho Airport,Jacareacanga,BR
Fazenda Tres Minas Airport,Itambe,BR
Manoel Ribas Airport,Manoel Ribas,BR
Fazenda Rancho Esperanca Airport,Aral Moreira,BR
Mostardas Airport,Mostardas,BR
Fazenda Boa Vista Airport,Pirassununga,BR
Ica Airport,Peruibe,BR
Fazenda Planalto Airport,Nova Resende,BR
Sao Miguel do Iguacu Airport,Sao Miguel Do Iguacu,BR
Fazenda Sao Mateus Airport,Comodoro,BR
Estancia Miranda Airport,Miranda,BR
Navirai Airport,Navirai,BR
Santa Maria Airport,Sao Felix Do Araguaia,BR
Fazenda Naisa Airport,Colombia,BR
Montenegro Airport,Montenegro,BR
Novo Hamburgo Airport,Novo Hamburgo,BR
Fazenda Novo Rumo Airport,Navirai,BR
Fazenda Primavera Airport,Aquidauana,BR
Sementes Petrovina Airport,Pedra Preta,BR
Fazenda Essencia Airport,Nobres,BR
Guaranta Airport,Guaranta Do Norte,BR
Salvaterra II Airport,Joao Pinheiro,BR
Nonoai Airport,Nonoai,BR
Nova Prata Airport,Nova Prata,BR
Nioaque Airport,Nioaque,BR
Fazenda Novo Horizonte Airport,Coxim,BR
Fazenda Rosa Mistica Airport,Amambai,BR
Santa Isabel Airport,Brotas,BR
Fazenda Novo Hamburgo Airport,Corumba,BR
Fazenda Buriti Airport,Barreiras,BR
Fazenda Florida Airport,Caceres,BR
Fazenda Sans Souci - Sede Airport,Corumba,BR
Fazenda Pouso Alegre Airport,Miranda,BR
Sao Miguel do Oeste Airport,Sao Miguel Do Oeste,BR
Fazenda Vale da Serra Airport,Monte Azul,BR
Arapongas Airport,Arapongas,BR
Pederneiras Airport,Pederneiras,BR
Fazenda Estrela Airport,Inocencia,BR
14 Bis Airport,Londrina,BR
Lavras Airport,Lavras,BR
Fazenda Joalice Airport,Tacuru,BR
Estancia J.D.S Airport,Fernao,BR
Fazenda Cachoeirinha Airport,Aparecida Do Taboado,BR
Fazenda Barranco Alto Airport,Aquidauana,BR
Chico Ledur Airport,Alegrete,BR
Osorio Airport,Osorio,BR
Fazenda Saco da Tapera Airport,Sao Romao,BR
Aripuanã Airport,Aripuanã,BR
Fazenda Hora Airport,Urucuia,BR
Comandante Carmelo Airport,Itaituba,BR
FazendaMorada do Sol Airport,Nova Maringa,BR
Pato Branco Airport,Pato Branco,BR
Fazenda Santa Julia Airport,Cocalinho,BR
Fazenda Paragua Airport,Comodoro,BR
Essencia Retiro do Rio Cuiaba Airport,Nobres,BR
Fazenda Sao Rafael Airport,Sao Jose Das Palmeiras,BR
Paranagua Airport,Paranagua,BR
Paranavai Airport,Paranavai,BR
Fazenda Reserva Airport,Reserva Do Iguacu,BR
Porecatu Airport,Porecatu,BR
Palmeira das Missoes Airport,Palmeira Da Missoes,BR
Porto Murtinho Airport,Porto Murtinho,BR
Paranaiba Airport,Paranaiba,BR
Aplicacao Aviacao Agricola II Airport,Itapora,BR
Fazenda Palma Airport,Pelotas,BR
Santa Rosa do Purus Airport,Santa Rosa Do Purus,BR
Porto Walter Airport,Porto Walter,BR
Palmas Airport,Palmas,BR
Palotina Airport,Palotina,BR
Marechal Thaumaturgo Airport,Marechal Thaumaturgo,BR
Manoel Urbano Airport,Manoel Urbano,BR
Porto Indio Airport,Corumba,BR
Fazenda Guapore Airport,Comodoro,BR
Jordao Airport,Jordao,BR
Siqueira Campos Airport,Siqueira Campos,BR
Fazenda Floresta Negra Airport,Sete Quedas,BR
Santa Anastacia Airport,Sorriso,BR
Fazenda Matricha Airport,Uirapuru,BR
Tanque Novo Airport,Tanque Novo,BR
Mundo Novo Airport,Mundo Novo,BR
Fazenda Itapora Airport,Ribas Do Rio Pardo,BR
Monte Santo Airport,Monte Santo,BR
Fazenda Primavera Airport,Ribas Do Rio Pardo,BR
Castro Airport,Castro,BR
Fazenda Alegrete - Retiro Carabda Airport,Aquidauana,BR
Luiz Eduardo Magalhaes Airport,Mimoso Do Oeste,BR
Fazenda Rancho Belo Airport,Nova Andradina,BR
Rio Brilhante Airport,Rio Brilhante,BR
Fazenda Santa Ines Airport,Rio Brilhante,BR
Fazenda Sol Nascente Airport,Tacuru,BR
Realeza Airport,Realeza,BR
Castro Alves Airport,Castro Alves,BR
Fazenda Rancho Grande Airport,Laguna Carapa,BR
Fazenda Retiro do Marimbondo Airport,Anastacio,BR
Fazenda Dos Sonhos Airport,Anastacio,BR
Fazenda Jequitiba Airport,Nova Alvorada Do Sul,BR
Campo Alegre de Lourdes Airport,Campo Alegre De Lourdes,BR
Fazenda Santa Ana Airport,Deodapolis,BR
Fazenda Sao Sebastiao Airport,Bonito,BR
Aeroclube de Rio Negrinho Airport,Rio Negrinho,BR
Fazenda Santa Rosa Airport,Navirai,BR
Refugio Airport,Dom Pedrito,BR
Barreirinhas Airport,Barreirinhas,BR
Fazenda Mangal Airport,Curua,BR
Sao Lourenco do Sul Airport,Sao Lourenco Do Sul,BR
Fazenda Marrua Airport,Ribeirao Cascalheira,BR
Rio Pardo Airport,Rio Pardo,BR
Rosario do Sul Airport,Rosario Do Sul,BR
Fazenda Sant`anna do Apa Airport,Bela Vista,BR
Sao Borja Airport,Sao Borja,BR
Santa Cruz do Sul Airport,Santa Cruz Do Sul,BR
Soledade Airport,Soledade,BR
Sao Gabriel Airport,Sao Gabriel,BR
Fazenda Santo Inacio Airport,Corumba,BR
Fazenda Santa Odila Airport,Brasilandia,BR
Fazenda Santa Delfina Airport,Miranda,BR
Sao Joaquim Airport,Sao Joaquim,BR
Fazenda Santa Rosa Airport,Agua Clara,BR
Sao Francisco do Sul Airport,Sao Francisco Do Sul,BR
Santiago Airport,Santiago,BR
Fazenda Santa Maria de Inocencia Airport,Inocencia,BR
Fazenda Sans Souci - Retiro Mutum Airport,Corumba,BR
Fazenda Silvana Airport,Nova Andradina,BR
Sertanopolis Airport,Sertanopolis,BR
Santa Maria Airport,Sao Gabriel,BR
Tres Barras Airport,Tres Barras,BR
Fazenda Arco de Canto Airport,Andre Da Rocha,BR
Torres Airport,Torres,BR
Fazenda Triunfo Airport,Corumba,BR
Fazenda Santa Terezinha Airport,Corumba,BR
Fazenda Thalia Airport,Balsa Nova,BR
Arraial d`Ajuda Airport,Porto Seguro,BR
Walter Ewaldo Siegel Airport,Trombudo Central,BR
Fazenda Uniao de Iguatemi Airport,Iguatemi,BR
Tres Lagoas Airport,Tres Lagoas,BR
Alberto Bertelli Airport,Araraquara,BR
Tres Passos Airport,Tres Passos,BR
Fazenda Baessa Airport,Turvelandia,BR
Silvestre Airport,Pedra Branca Do Amapari,BR
Fazenda Bandeirantes Airport,Taquarussu,BR
Fazenda Jauru Airport,Camapua,BR
Usina Foz do Chopim Airport,Cruzeiro Do Iguacu,BR
Fazenda Sonora Estancia Airport,Sonora,BR
Fazenda Aurora II Airport,Ribas Do Rio Pardo,BR
Ultraleve Clube Curitiba Airport,Sao Jose Dos Pinhais,BR
Umuarama Airport,Umuarama,BR
Fazenda Santa Olinda Airport,Sidrolandia,BR
Fazenda Agua Branca Airport,Santa Rita Do Pardo,BR
Fazenda Agrofel Airport,Tangara Da Serra,BR
Fazenda Colorado Airport,Lagoa Da Confusao,BR
Uniao da Vitoria Airport,Uniao Da Vitoria,BR
Usina Mandu Airport,Guaira,BR
Fazenda Menina Airport,Itapura,BR
Fazenda Vista Alegre Airport,Sud Menucci,BR
Fazenda Visa Estancia Airport,Ladario,BR
Fazenda Vaca Branca Airport,Navirai,BR
Vacaria Airport,Vacaria,BR
Fazenda Alvorada Airport,Quarto Centenario,BR
Fazenda Cerro Verde Airport,Tacuru,BR
Rancho Donana Airport,Cerqueira Cesar,BR
Fazenda Santa Virginia Airport,Ponta Pora,BR
Fazenda Paqueta Airport,Ponta Pora,BR
Videira Airport,Videira,BR
Fazenda Cedro Airport,Ponta Pora,BR
Fazenda Dom Arlindo Airport,Navirai,BR
Fazenda Santa Claudina Airport,Caarapo,BR
Fazenda Santa Alaide Airport,Itapora,BR
Veranopolis Airport,Veranopolis,BR
Usina de Moncoes Airport,Moncoes,BR
Santa Vitoria do Palmar Airport,Santa Vitoria Do Palmar,BR
Fazenda Serrito Airport,Laguna Carapa,BR
Fazenda Serra do Cabral Airport,Lassance,BR
Fazenda Galera Airport,Conquista D`Oeste,BR
Fazenda Manduri Airport,Corumba,BR
Fazenda Tres Barras Airport,Pitangueiras,BR
Venancio Aires Airport,Venancio Aires,BR
Fazenda Campo Verde Airport,Costa Rica,BR
Fazenda California Airport,Inubia Paulista,BR
Frederico Westphalen Airport,Frederico Westphalen,BR
Fazenda Agropecuaria Rossignolo Airport,Sao Carlos,BR
Guaiacuruzinho Airport,Santa Mariana,BR
Haras Fazenda Reunidas Sobral Airport,Santa Isabel Do Para,BR
Fazenda Santa Maria Airport,Londrina,BR
Fazenda Figueira Branca Airport,Caceres,BR
Fazenda Santa Marta Airport,Navirai,BR
Fazenda Araguaia Airport,Santa Maria Das Barreiras,BR
Santa Anastacia II Airport,Sorriso,BR
Fazenda Campana Airport,Rio Brilhante,BR
Cacapava do Sul Airport,Cacapava Do Sul,BR
Cambara Airport,Cambara Do Sul,BR
Fazenda Barra Grande Airport,Tomazinha,BR
Fazenda Belem Airport,Corumba,BR
Fazenda Retiro Campanha Airport,Corumba,BR
Fazenda Dona Nenem Airport,Presidente Olegario,BR
Fazenda Congonhas Airport,Rancho Alegre,BR
Fazenda Alaska II Airport,Barao De Melgaco,BR
Fazenda Alaska I Airport,Barao De Melgaco,BR
Sarandi Airport,Sarandi,BR
Fazenda Jacamin Airport,Nova Mutum,BR
Fazenda Macisa Airport,Tabapora,BR
Fazenda Alvorada do Marape Airport,Tapura,BR
Laguna Airport,Miranda,BR
Fazenda Guaciara Airport,Jatei,BR
Aereo Amazonia Airport,Altamira,BR
Pousada das Aguias Airport,Presidente Castelo Branco,BR
Fazenda Vitoria Airport,Centro Novo,BR
Fazenda Jota III Airport,Inocencia,BR
Galletti II Airport,Portel,BR
Fazenda Fartura Airport,Tome Acu,BR
Fazenda Santa Rita Airport,Navirai,BR
Aero Porto Dal Lago Airport,Chapadao Do Sul,BR
Xanxere Airport,Xanxere,BR
Barradao Airport,Colniza,BR
Fazenda Santa Rosa Airport,Iturama,BR
Arapoti Airport,Arapoti,BR
Fazenda Santa Elza Airport,Costa Rica,BR
Fazenda Mimoso Airport,Chapadao Do Sul,BR
Fazenda Andorinha I Airport,Pau D`Arco,BR
Fazenda Roberta Airport,Araputanga,BR
Fazenda do Cafe Airport,Monte Alegre De Minas,BR
Fazenda Tuju Puitan Airport,Iguatemi,BR
Tuiuiu Airport,Miranda,BR
Arrozeira Airport,Miranda,BR
Cachoeira Rica Airport,Chapada Dos Guimaraes,BR
Agropecuaria Monte Alverne Airport,Carazinho,BR
Fazenda Santa Maria Airport,Tres Lagoas,BR
Fazenda Imbauba Airport,Tres Lagoas,BR
Itapiranga Airport,Itapiranga,BR
Fazenda Tres Pontes Airport,Agua Clara,BR
Fazenda Progresso Airport,Agua Clara,BR
Fazenda Terra Forte Airport,Coxim,BR
Fazenda Fundaozinho Airport,Costa Rica,BR
Fazenda Procomp II Airport,Aral Moreira,BR
Fazenda Sao Sebastiao da Formosa Airport,Corumba,BR
Fazenda Bela Vista Airport,Corumba,BR
Fazenda Lambari Airport,Coxim,BR
Fazenda Santa Gertrudes Airport,Corumba,BR
Fazenda Sao Joao Airport,Agua Clara,BR
Fazenda Procomp I Airport,Tacuru,BR
Fazenda Torrao de Ouro Airport,Pedro Gomes,BR
Sao Carlos Airport,Caracol,BR
Fazenda Corrego Azul Airport,Brasilandia,BR
Reserva Acurizal Airport,Corumba,BR
Prudentopolis Airport,Prudentopolis,BR
Fazenda Santa Adriana Airport,Jatei,BR
Fazenda Panorama Airport,Bela Vista,BR
Santa Rosa Airport,Santa Rosa,BR
Centenario do Sul Airport,Centenario Do Sul,BR
Fazenda Sao Joao Airport,Aguas De Santa Barbara,BR
Fazenda Tres Marias Airport,Agua Clara,BR
Fazenda Bordolandia Airport,Serra Nova Dourada,BR
Ponta Grossa Airport,Ponta Grossa,BR
Fazenda Lapa do Lobo Airport,Paranaiba,BR
Carneirinho Agroindustrial Airport,Carneirinho,BR
Fazenda Thaua Airport,Sonora,BR
Angel S Adami Airport,Montevideo,UY
Artigas International Airport,Artigas,UY
Laguna de Los Patos International Airport,Colonia,UY
Zagarzazú International Airport,Carmelo,UY
Santa Bernardina International Airport,Durazno,UY
Capitan Corbeta CA Curbelo International Airport,Punta del Este,UY
Ricardo de Tomasi International Airport,Mercedes,UY
Cerro Largo International Airport,Melo,UY
Carrasco International /General C L Berisso Airport,Montevideo,UY
El Jaguel / Punta del Este Airport,Maldonado,UY
Tydeo Larre Borges Airport,Paysandu,UY
Rio Branco Airport,Jaguarao,UY
Presidente General Don Oscar D. Gestido International Airport,Rivera,UY
Nueva Hesperides International Airport,Salto,UY
Tacuarembo Airport,Tacuarembo,UY
Treinta y Tres Airport,Treinta y Tres,UY
Vichadero Airport,Vichadero,UY
San Diego De Cabrutica Airport,El Roble,VE
Uverito Airport,,VE
Aricuaisa Airport,,VE
Machiques North Airport,,VE
Oswaldo Guevara Mujica Airport,Acarigua,VE
Montellano Airport,,VE
Medano Alto Airport,Medano Alto,VE
Cachimbo Airport,Coco de Mono,VE
Arichuna Airport,,VE
Mata de Juajua Airport,,VE
Algodonal Airport,,VE
Mata de Cana Airport,,VE
Anaco Airport,Anaco,VE
Altagracia de Orituco Airport,,VE
Apurito Airport,Apurito,VE
Mata Oscura Airport,,VE
Adicora Airport,,VE
Armando Schwarck Airport,Guayabal,VE
San Fernando de Atabapo Airport,San Fernando de Atabapo,VE
Agua Clara Airport,,VE
El Alcaravan Airport,,VE
Merecure Airport,,VE
Los Andes Airport,,VE
Araya Airport,,VE
Mata Palos Airport,,VE
Boca Anaro Airport,Boca de Anaro,VE
General Jose Antonio Anzoategui International Airport,Barcelona,VE
Los Camorucos Airport,,VE
Bernal Airport,,VE
Hato Uranon Airport,,VE
La Batalla Airport,La Cruz,VE
Los Belseres Airport,,VE
Barinas Airport,Barinas,VE
Hato Viejo Airport,,VE
Bocono Airport,Bocono,VE
El Libertador Airbase,,VE
Barquisimeto International Airport,Barquisimeto,VE
Bocon Airport,,VE
Jobito Airport,,VE
Bachaquero Airport,,VE
Carbonero Airport,,VE
Escuela Mariscal Sucre Airport,Maracay,VE
Boquemonte Airport,,VE
Central Venezuela Airport,Bobures,VE
Banco Verde Airport,,VE
Hato El Burro Airport,,VE
La Cabana Airport,,VE
Ciudad Bolivar Airport,,VE
Caicara del Orinoco Airport,,VE
Apruna Airport,Cuenca de Unare,VE
Casigua El Cubo Airport,Casigua El Cubo,VE
Achaguas Airport,,VE
Punta de Oro Airport,,VE
San Carlos Airport,San Carlos,VE
Cano Lucas Airport,El Poblado,VE
Calabozo Airport,Guarico,VE
Canita Mendera Airport,Tinaco,VE
Canaima Airport,Canaima,VE
Carora Airport,Carora,VE
General Francisco Bermudez Airport,Carupano,VE
Cazorla Airport,,VE
Jose Leonardo Chirinos Airport,Coro,VE
Oscar Machado Zuluaga Airport,Caracas,VE
Caujarito Airport,,VE
Cumana (Antonio Jose de Sucre) Airport,,VE
Cunaviche Airport,Cunaviche,VE
Chinazon Airport,,VE
Guachara Airport,,VE
Cuartel Yaruro Airport,Las Campanas,VE
Capitan Manuel Rios Airbase,Carrizal,VE
Dona Bella Airport,,VE
Cocuiza Airport,,VE
Punto Fijo Airport,,VE
Punta Gorda Airport,,VE
Dos Mosquises Airport,Isla Los Roques,VE
La Divina Pastora Airport,,VE
Cordereno Airport,Cordereno,VE
Codsa Airport,,VE
Hato Veladero Airport,,VE
Ciudad Piar Airport,,VE
Hato Puga Airport,,VE
Puerto Paez,,VE
El Guayabo del Zulia Airport,,VE
El Dorado Airport,Bolivar,VE
El Esterero Airport,El Saman de Apure,VE
Empujeca Airport,,VE
El Guayabo de Cojedes Airport,,VE
El Jabillal Airport,,VE
El Capitan Airport,,VE
El Callao (El Peru) Airport,,VE
El Paraiso Airport,El Paraiso,VE
Encontrados Airport,,VE
El Palmar Airport,,VE
El Respiro Airport,,VE
El Saman de Apure Airport,El Saman de Apure,VE
El Manteco Airport,,VE
El Cenizo Airport,,VE
La Esperanza Airport,,VE
El Centro Airport,,VE
Elorza Airport,,VE
Hacienda Santa Fe Airport,,VE
El Flagelo Airport,,VE
La Fe de Cojedes Airport,La Mosca,VE
Fundacion Layera Airport,,VE
Francisco de Miranda Airport,La Carlota,VE
El Frio Airport,Guarico,VE
Fagotrans Airport,,VE
El Fuentero Airport,,VE
La Fortuna Airport,San Antonio de Caparo,VE
La Fe de Apure Airport,,VE
Finca Yacurito Airport,,VE
Agropecuaria Gamma Airport,,VE
La Gran China Airport,,VE
Guasdalito Airport,,VE
Ganaderia Pedernales Airport,,VE
Agropecuaria Los Araguaneyes Airport,,VE
La Guacharaca Airport,,VE
Guiria Airport,,VE
Agua Linda Airport,,VE
Guesipo Airport,,VE
El Milagro Carabobo Airport,,VE
Guasipati Airport,,VE
Guanare Airport,Guanare,VE
Las Guadalupes Airport,,VE
La Garza Airport,,VE
Hato Altamira de Bolivar Airport,,VE
Hacienda El Caimito Airport,,VE
Hacienda El Calvario Airport,,VE
Hato Rancho Alegre Airport,,VE
Higuerote Airport,,VE
Churuguara Airport,Churuguara,VE
Hato la Guaca Airport,,VE
Hacienda Carutal Airport,,VE
Hato Los Mamones Airport,Hato Los Mamomes,VE
Hato La Chaconera Airport,,VE
El Oasis Airport,La Palmita,VE
Hacienda El Paso Airport,Las Vegas del Tuy,VE
Hato El Carito Airport,Los Marimares,VE
Hato El Sesenta Airport,,VE
Hato Altamira de Monagas Airport,,VE
Hato La Candelaria Airport,,VE
Hato Las Yeguas Airport,,VE
Icabaru Airport,,VE
Andres Miguel Salazar Marcano Airport,Isla de Coche,VE
Hato El Caiman Airport,,VE
Josefa Camejo International Airport,Paraguana,VE
Juan Florencio Airport,,VE
Juancho Airport,Soledad,VE
Hato La Lejania Airport,,VE
Curujujul Airport,Anzoategui,VE
Los Lajeros Airport,,VE
San Juan de Los Morros Airport,San Juan de los Morros,VE
La Vigia Oeste Airport,,VE
Hato La Laguna del Junco Airport,,VE
Kavanayen Airport,,VE
La Calzada Airport,,VE
El Carrao Airport,,VE
Piscuri Airport,,VE
Las Clavellinas Airport,Las Clavellinasmer,VE
Cano Negro Airport,,VE
Corral Viejo Airport,La Bombita,VE
Las Adjuntas Airport,Las Colmenas,VE
La Blanquilla Airport,La Blanquilla - Isla Margarita,VE
El Lucero de Apure Airport,El Lucero,VE
Las Brisas Airport,Mata de Vino,VE
El Lucero del Zulia Airport,,VE
La Fria Airport,,VE
Las Majaguas Airport,,VE
Las Delicias Airport,Banco del Medio,VE
La Alcancia Airport,,VE
La Vieja Airport,La Ceiba,VE
Hato Macolla Airport,,VE
Callejas Airport,Callejas,VE
Las Flores Airport,,VE
La Candelaria Airport,,VE
La Orchila Airport,,VE
Las Lagunitas Airport,,VE
Las Corobas Airport,,VE
La Argentina Airport,,VE
El Lechozo Airport,El Lechozo,VE
Los Aguacates Airport,,VE
La Yaguita Airport,,VE
La Yagua Airport,,VE
Las Cruces Airport,,VE
La Mona Airport,,VE
El Embrujo Airport,,VE
La Chinita International Airport,Maracaibo,VE
Alberto Carnevalli Airport,Merida,VE
Mapire Airport,,VE
Mata Charo Airport,,VE
Del Caribe Santiago Marino International Airport,Isla Margarita,VE
Macanillal Airport,,VE
Maiquetia (Simon Bolivar Internacional) Airport,Caracas,VE
Hacienda Las Lomas Airport,,VE
El Milagro Cojedes Airport,,VE
El Milagro Sureste Airport,,VE
Mamon Airport,,VE
Mene Grande Airport,Mene Grande,VE
El Milagro Oeste Airport,,VE
Metropolitano Airport,,VE
Fundo la Marquesena Airport,,VE
Guasimal Airport,,VE
Maturin Airport,,VE
Maroa Airport,,VE
Los Malabares Airport,,VE
Mata Airport,Las Fernandez,VE
Manapiare Airport,,VE
Mantecal Airport,Mantecal,VE
Macana Airport,,VE
Maripa Airport,,VE
Las Mercedes Airport,,VE
Morichitos Airport,Morichito,VE
El Mango Airport,,VE
Morichito II Airport,,VE
Hato Mikitole Airport,,VE
Marisol Airport,,VE
El Morichal Airport,,VE
Mata de Turagua Airport,La Guarandinga,VE
Las Nieves Airport,,VE
Morichal Airport,,VE
San Lorenzo De Barinas Airport,,VE
San Lorenzo De Falcon Airport,,VE
San Luis Capanaparo Airport,,VE
Santa Ana Airport,,VE
Sabaneta Airport,Sabaneta,VE
Santa Barbara de Monagas Airport,,VE
Santa Barbara del Amazonas Airport,,VE
San Silvestre Airport,,VE
Los Indios Airport,,VE
Ojo de Agua Airport,,VE
Oritupano Airport,,VE
San Roque Airport,Santa Ana,VE
Oro Negro Airport,Cabimas,VE
Hato El Rosero Airport,,VE
Los Oripopos Airport,,VE
Santa Monica Airport,,VE
San Ramon Airport,,VE
Los Cocos Airport,,VE
San Pablo De Barinas Airport,,VE
Coco de Mono Airport,,VE
San Pablo Paeno Airport,,VE
Cacique Aramare Airport,,VE
Punta Brava Airport,,VE
General Bartolome Salom International Airport,,VE
Hato La Ponderosa Airport,,VE
Pedernales Airport,,VE
Pariaguan Airport,Pariaguan,VE
El Progreso Airport,,VE
Perai Tepuy Airport,,VE
El Pauji Airport,,VE
Pesurca Airport,,VE
Las Palmeras Airport,,VE
El Pueblito Airport,,VE
Paramillo Airport,,VE
Espino Airport,,VE
Hato El Porvenir Airport,,VE
Luepa Airport,,VE
El Pardillero Airport,,VE
General Manuel Carlos Piar International Airport,Puerto Ordaz-Ciudad Guayana,VE
Hacienda La Pastora Airport,San Pedro,VE
Palmarito Airport,Palmarito,VE
La Paragua Airport,,VE
Pedraza La Vieja Airport,Pedraza La Vieja,VE
Pelayo Airport,,VE
El Pinal Airport,,VE
Palma Sola Airport,,VE
La Paz Airport,,VE
Santa Rosalia Airport,,VE
Santa Elena de Rio Claro Airport,,VE
Santa Maria La Tigra Airport,,VE
Santa Juana Airport,,VE
Tucupido Airport,,VE
La Trinidad De Apure Airport,La Trinidad,VE
Tierra Negra Airport,,VE
Tocomita Airport,Guri,VE
Torunos Airport,,VE
Tocuyito Airport,,VE
Miquelon Airport,,VE
Los Conucos Airport,,VE
Santa Rita Airport,El Diero,VE
Santa Rita Airport,,VE
Los Quitasoles Airport,,VE
Santa Rosa de Guanare Airport,San Isidro,VE
Tamatal Airport,,VE
Tamayare Airport,El Paso,VE
Tapaquire Airport,,VE
Santa Rosa de Barinas Airport,,VE
Rio de Agua Airport,,VE
Cumarebo Airport,,VE
El Rocio Airport,,VE
Aracay Abajo Airport,,VE
Rancho Grande de Apure Airport,La Leona,VE
Rancho Grande de Tachira Airport,,VE
Riecito Airport,Cano Riecito,VE
Los Arrecifes Airport,,VE
San Pancracio Airport,,VE
Hato La Romerena Airport,,VE
El Terron Airport,,VE
El Rosario Airport,,VE
Rosetta Airport,,VE
Carrao Airport,,VE
Gran Roque Airport,Los Roques,VE
Corocito Airport,,VE
Roblecito Airport,,VE
Rosario Airport,,VE
Hacienda Rio Yaza Airport,,VE
El Merey Airport,,VE
El Corozo Airport,,VE
San Antonio Del Tachira Airport,,VE
Santa Barbara de Barinas Airport,Santa Barbara,VE
San Carlos Rio Negro Airport,,VE
Sabana Dulce Airport,,VE
Santa Elena de Uairen Airport,,VE
San Antonio De Falcon Airport,,VE
San Antonio De Barinas Airport,Barinas,VE
San Juan De Rio Claro Airport,,VE
Agropecuaria San Francisco Airport,,VE
Central Bolivar Airport,,VE
Nuestra Senora del Socorro Airport,,VE
Hacienda Santa Elena de Mirand Airport,,VE
Fundo Santa Maria Airport,,VE
Los Siete Samanes Airport,,VE
Mayor Buenaventura Vivas International Airport,Santo Domingo,VE
Sub Teniente Nestor Arias Airport,San Felipe,VE
San Leonardo Airport,,VE
San Fernando De Apure Airport,Inglaterra,VE
Hacienda San Jose Airport,San Jose de Trujillo,VE
San Tome Airport,,VE
San Benito Airport,,VE
San Francisco De Carabobo Airport,,VE
San Juan de los Cayos Airport,,VE
San Francisco de Merida Airport,,VE
Santa Barbara del Zulia Airport,,VE
Turapa Airport,,VE
Tucupita Airport,Tucupita,VE
La Estacada Airport,La Estacada,VE
Antabare Airport,,VE
La Trinidad de Ferro Airport,,VE
La Tigra Airport,,VE
Central Matilde Airport,central Matilde,VE
La Trinidad de Orichuna Airport,L Trinidad de Orichuna,VE
La Centella Airport,,VE
Tumeremo Airport,,VE
La Trinidad de Barinas Airport,,VE
El Toco Airport,El Toco,VE
Playa Pintada Airport,,VE
Temblador Airport,,VE
La Torta Airport,,VE
Turagua Airport,Turagua,VE
Turen Airport,,VE
Toromacho Airport,Las Mercedes del Llano,VE
Mayupa Airport,,VE
San Ignacio Airport,,VE
Uriman Airport,,VE
Upata Airport,,VE
Uon Quen Airport,,VE
Uruyen Airport,,VE
Arturo Michelena International Airport,Valencia,VE
Bajo Verde Airport,,VE
Valle Grande Airport,,VE
Juan Pablo Perez Alfonso Airport,El Vigia,VE
Valle Hondo Airport,,VE
La Verdad Airport,Las Queseritas,VE
Dr. Antonio Nicolas Briceno Airport,Valera,VE
Buena Vista del Cano Medio Airport,,VE
Valle de La Pascua Airport,,VE
Venelac  Airport,Quebrada Arriba,VE
Hato La Vergarena Airport,,VE
Villa del Rosario Airport,,VE
Venepal Airport,,VE
Los Venados Airport,,VE
Mata de Agua Airport,Santa Barbara,VE
La Bananera Airport,,VE
Bella Vista Airport,,VE
Hato Santa Clara Airport,,VE
Yaure Airport,,VE
El Yagual Airport,,VE
El Yavi Airport,,VE
Yopita Airport,,VE
Yutaje Airport,,VE
Fazenda Ykarai Airport,Nova Crixas,BR
Uaicas Airport,Alto Alegre,BR
Agroer Aviacao Agricola Airport,Rondonopolis,BR
Agropecuaria Floresta Sao Joaquim Ltda Airport,Aripuana,BR
Assuncao do Icana Airport,Sao Gabriel Da Cachoeira,BR
Arenapolis Airport,Arenapolis,BR
Anamoim Airport,Sao Gabriel Da Cachoeira,BR
Fazenda Apemag Airport,Barra Do Bugres,BR
Erico Airport,Boa Vista,BR
Fazenda Aruana Airport,Ribeirao Cascalheira,BR
Fazenda Cachoeira Airport,Alto Araguaia,BR
Fazenda Nossa Senhora Aparecida Airport,Pirajuba,BR
Fazenda Agua Verde Airport,Diamantino,BR
Araguaiana Airport,Araguaiana,BR
Santo Atanazio Airport,Sao Gabriel Da Cachoeira,BR
Buriti Alegre Airport,Buriti Alegre,BR
Barra do Bugres Airport,Barra Do Bugres,BR
Barcelos Airport,Barcelos,BR
Fazenda Boa Fortuna Airport,Pium,BR
Uniao do Vale Airport,Pontes E Lacerda,BR
Brejinho de Nazare Airport,Brejinho De Nazare,BR
Barreirinha Airport,Barreirinha,BR
Fazenda Itarema Airport,Canarana,BR
Balbina Airport,Presidente Figueiredo,BR
Fazenda Barreirinhos Airport,Barao De Melgaco,BR
Fazenda Sao Joao Airport,Campos Verdes,BR
Barracao Queimado Airport,Vila Bela Da Santissima Trindade,BR
Borba Airport,Borba,BR
Fazenda Beira Rio Airport,Nova Canaa Do Norte,BR
Fazenda Fartura Baixao Novo Airport,Peixoto De Azevedo,BR
Auaris Airport,Boa Vista,BR
Agro Pousadas do Guapore Airport,Vila Bela Da Santissima Trindade,BR
Fazenda Santo Antonio do Paraiso Airport,Itiquira,BR
Fazenda Goiasa Airport,Bom Jesus De Goias,BR
Jpo Airport,Sorriso,BR
Carauari Airport,Carauari,BR
Campos Belos Airport,Campos Belos,BR
Fazenda Curitiba Airport,Comodoro,BR
Fazenda Santa Monica Airport,Alexania,BR
Fazenda Cedro Airport,Santo Antonio Do Leverger,BR
Fazenda Confap Airport,Comodoro,BR
Fazenda Varjao Grande Airport,Cacu,BR
Fazenda Charqueada Norte Airport,Alta Floresta,BR
Coperjava Airport,Formoso Do Araguaia,BR
Fazenda Cocal Airport,Canarana,BR
Chacara Santa Eulalia Airport,Alta Floresta,BR
Fazenda Couto Magalhaes Airport,Agua Boa,BR
Fazenda Saudade Airport,Cocalinho,BR
Fazenda Continental Airport,Cocalinho,BR
Campo Novo do Parecis Airport,Campo Novo Do Parecis,BR
Costa Marques Airport,Costa Marques,BR
Porto Caracara Airport,Pocone,BR
Complexo Turistico S. R. Pantanal Hoteis LTDA Airport,Pocone,BR
Fazenda Canuana Airport,Formoso Do Araguaia,BR
Casalvasco Airport,Vila Bela Da Santissima Trindade,BR
Cavalcante Airport,Cavalcante,BR
Cabixi Airport,Cabixi,BR
Fazenda Aparecida do Norte Airport,Nova Maringa,BR
Ceres Airport,Ceres,BR
Fazenda Duas Ancoras - Secao Sede Airport,Barra Do Garcas,BR
Fazenda Eldorado Airport,Barra Do Garcas,BR
Fazenda Arco-Iris Airport,Alto Garcas,BR
Fazenda Piratininga Airport,Sao Miguel Do Araguaia,BR
Fazenda Braco Forte Airport,Novo Mundo,BR
Fazenda Sao Jose Airport,Reginopolis,BR
Dois Irmaos Airport,Peixe,BR
Fazenda Duas Ancoras - Secao JAO Airport,Barra Do Garcas,BR
Fazenda Dona Olga Airport,Colorado D`Oeste,BR
Diamantino Airport,Diamantino,BR
Dianopolis Airport,Dianopolis,BR
Rosario do Leste Airport,Rosario Do Leste,BR
Fazenda Saltos do Poente Airport,Santo Antonio Do Leverger,BR
Fazenda Favo de Mel Airport,Pontes E Lacerda,BR
Fazenda Pioneira Airport,Diamantino,BR
Diauarum Airport,Barra Do Garcas,BR
Descalvados Airport,Caceres,BR
Divisao Airport,Diamantino,BR
Fazenda Agua Fria Airport,Nova Crixas,BR
Fazenda Agua Limpa Airport,Indiavai,BR
Fazenda Arauna Airport,Juara,BR
Estancia das Cascatas Airport,Aragarcas,BR
Fazenda Eldorado Airport,Arapoema,BR
Estirao do Equador Airport,Atalaia Do Norte,BR
Fazenda Europa Airport,Cocalinho,BR
Fazenda Duas Marias Airport,Barao De Melgaco,BR
Eirunepe Airport,Eirunepe,BR
Canarana Airport,Canarana,BR
Fazenda Santa Eulalia Airport,Araguaiana,BR
Emal - Empresa de Mineiracao Aripuana Ltda. Airport,Primavera Do Leste,BR
Estancia Recanto Airport,Alta Floresta,BR
Itapara Sport Fishing Airport,Rorainopolis,BR
Estancia Santana Airport,Cuiaba,BR
Fazenda Encantado Airport,Sapezal,BR
Ecotur Univini Park Airport,Caracarai,BR
Fazenda Felicidade Airport,Porto Esperidiao,BR
Fazenda Santa Escolastica Airport,Pedra Preta,BR
Fazenda Santa Fe Airport,Santa Tereza De Goias,BR
Fazenda Santa Rita de Cassia Airport,Jangada,BR
Fazenda Pamplona Airport,Cristalina,BR
Fazenda Colorado Airport,Juscimeira,BR
Fazenda Tombador Airport,Brasnorte,BR
Fazenda Colen Airport,Lucas Do Rio Verde,BR
Fazenda Figueira Branca Airport,Sinop,BR
Fazenda Guanabara Airport,Barra Do Garcas,BR
Fazenda Manchete Airport,Araguacema,BR
Fazenda Juquei Agropecuaria Airport,Padre Bernardo,BR
Fazenda Peixe Bravo Airport,Santa Terezinha,BR
Flores Airport,Manaus,BR
Fazenda Bocaina Airport,Jangada,BR
Fazenda Paraiso Airport,Porto Alegre Do Norte,BR
Fazenda Alvorada Airport,Porto Nacional,BR
Formosa Airport,Formosa,BR
Fazenda Sucuri Airport,Sinop,BR
Fazenda Santa Marcia Airport,Caiaponia,BR
Fortuna Airport,Fortuna,BR
Fazenda Jangada Airport,Barra Do Garcas,BR
Sao Felix do Araguaia Airport,Sao Felix Do Araguaia,BR
Fazenda Ipe Airport,Vila Rica,BR
Serafino Ferruzzi Airport,Alta Floresta,BR
Fazenda Guara Airport,Vila Bela Da Santissima Trindade,BR
Fazenda Pirigara Airport,Barao De Melgaco,BR
Hidreletrica de Jirau Airport,Porto Velho,BR
Fazenda Primavera Airport,Caceres,BR
Gurupi Airport,Gurupi,BR
Fazenda Sete Barras Airport,Ribeirao Cascalheira,BR
Goalcool Airport,Serranopolis,BR
Ninho das Aguias Airport,Cuiaba,BR
Araguaina Airport,Araguaina,BR
Goianesia Airport,Goianesia,BR
Palmeiras de Goias Airport,Palmeiras De Goias,BR
Fazenda Monte Alegre Airport,Nova Olimpia,BR
Fazenda Divisa Airport,Santana Do Araguaia,BR
Fazenda Nova Airport,Jandaia,BR
Fazenda Agua Fria Airport,Sandolandia,BR
Fazenda Cocal Airport,Agua Boa,BR
Fazenda Santa Rita do Araguaia Airport,Jussara,BR
Fazenda Guanabara Airport,Nova Olimpia,BR
Fazenda Boa Esperanca Soberbinho Airport,Guarinos,BR
Agropecuaria Cajabi Airport,Marvelandia,BR
Fazenda Frigovale I Airport,Porto Nacional,BR
Santa Helena de Goias Airport,Santa Helena De Goias,BR
Fazenda Bela Vista Airport,Nova Monte Verde,BR
Fazenda Maraba Airport,Campo Verde,BR
Fazenda Nossa Senhora de Fatima Airport,Nova Monte Verde,BR
Gleba Oscar Americano I Airport,Porto Dos Gauchos,BR
Fazenda Olhos D`agua Airport,Agua Boa,BR
Fazenda Santa Cruz Airport,Vila Bela Da Santissima Trindade,BR
Fazenda Sao Joao Airport,Maurilandia,BR
Humaita Airport,Humaita,BR
Fazenda Izaura - Usina Cocal Airport,Racharia,BR
Fazenda Esperanca I Airport,Rondon Do Para,BR
Fazenda Taquarucu Retiro Airport,Carlinda,BR
Iaciara Airport,Iaciara,BR
Fazenda Santa Laura Airport,Nova Santa Helena,BR
Fazenda Indiara Airport,Sao Miguel Do Araguaia,BR
Fazenda Sao Francisco Airport,Mundo Novo,BR
Fazenda Sao Jose Airport,Pontes E Lacerda,BR
Ipiranga Airport,Santo Antonio Do Ica,BR
Fazenda Sao Jorge Airport,Itiquira,BR
Fazenda Vanguarda Airport,Cocalinho,BR
Fazenda Taruma Airport,Pedra Preta,BR
Fazenda Tres Ranchos Airport,Montes Claros De Goias,BR
Fazenda Itamarati Norte Airport,Campo Novo Do Parecis,BR
Fazenda Triangulo Airport,Edeia,BR
Ipameri Airport,Ipameri,BR
Madeirinha Airport,Aripuana,BR
Aguia Branca do Paru Airport,Almeirim,BR
Brigadeiro Eduardo Gomes Airport,Nova Mutum,BR
Fazenda Michelin Airport,Itiquira,BR
Santa Izabel do Morro Airport,Cristalandia,BR
Fazenda Juina Airport,Juina,BR
Fazenda Juba Airport,Tangara Da Serra,BR
Jaciara Airport,Jaciara,BR
Fazenda Genipapo Airport,Sao Domingos,BR
Fazenda Ibia Airport,Baliza,BR
Fazenda Sao Marcelo Airport,Juruena,BR
Fazenda Jaragua Airport,Arenapolis,BR
Ji-Parana Airport,Ji-Parana,BR
Fazenda Januarinho Airport,Salto Do Ceu,BR
Fazenda Sao Paulo Airport,Britania,BR
Fazenda Invernada Airport,Itaja,BR
Fazenda Bom Jesus Airport,Novo Alegre,BR
Juina Airport,Juina,BR
Fazenda Sao Paulo - Retiro Santa Maria Airport,Britania,BR
Bittencourt Airport,Japura,BR
Fazenda Colibri Airport,Selviria,BR
Fazenda Uniao Airport,Santa Carmen,BR
Fazenda Samambaia Airport,Jussara,BR
Fazenda Joatao Airport,Sao Felix Do Araguaia,BR
Juruena Airport,Juruena,BR
Palmeiras do Javari Airport,Atalaia Do Norte,BR
Jatai Airport,Jatai,BR
Fazenda das Perobas Airport,Prudente De Morais,BR
Fazenda Campo Alegre III Airport,Alto Garcas,BR
Fazenda Morro Vermelho Airport,Juscimeira,BR
Fazenda Canada Airport,Jussara,BR
Fazenda Campina Airport,Boca Do Acre,BR
Caceres Airport,Caceres,BR
Cobrape Airport,Formoso Do Araguaia,BR
Fazenda Agua Limpa Airport,Nova Ubirata,BR
Fazenda Floresta Airport,Campo Verde,BR
Fazenda Mutum Airport,Dom Aquino,BR
Fazenda Primavera do Terebinto Airport,Alto Alegre Dos Parecis,BR
Aero Agricola Rondon Airport,Tangara Da Serra,BR
Coari Airport,Coari,BR
Chacara Veneza Airport,Pontes E Lacerda,BR
Serra da Capivara Airport,Sao Raimundo Nonato,BR
Fazenda Mangue Che II Airport,Itaruma,BR
Catalao Airport,Catalao,BR
Cucui Airport,Sao Gabriel Da Cachoeira,BR
Fazenda Beira Rio Airport,Itauba,BR
Corixa Airport,Caceres,BR
Fazenda Recanto da Cachoeira Airport,Cristais Paulista,BR
Fazenda Cerejal Airport,Brasnorte,BR
Fazenda Amalia Airport,Juina,BR
Labrea Airport,Labrea,BR
General Leite de Castro Airport,Rio Verde,BR
Porto Cajueiro Airport,Januaria,BR
Pontes e Lacerda Airport,Pontes E Lacerda,BR
Fazenda Dona Laura Airport,Sao Jose Dos Quatro Marcos,BR
Recanto Airport,Ribeirao Cascalheira,BR
Fazenda Liberdade Airport,Barao De Melgaco,BR
Fazenda Conceicao Airport,Juara,BR
Fazenda Excalibur Airport,Vila Bela Da Santissima Trindade,BR
Fazenda Franciosi Airport,Sapezal,BR
Fazenda Rosa - Paralelo 10 Airport,Aripuana,BR
Fazenda Miura Airport,Pontes E Lacerda,BR
Fazenda Tatiana Airport,Marcelandia,BR
Santo Antonio do Lerverger Airport,Santo Antonio Do Leverger,BR
Aero Agricola Fulanete Airport,Barreiras,BR
Fazenda Marimbondo Airport,Goiatuba,BR
Capao da Cruz Airport,Luis Antonio,BR
Mineiros Airport,Mineiros,BR
Fazenda Caraibas Airport,Monte Alegre De Goias,BR
Fazenda Bom Pastor Airport,Itapirapua,BR
Pousada Xaraes Airport,Corumba,BR
Maturaca Airport,Sao Gabriel Da Cachoeira,BR
Monte Alegre de Goias Airport,Monte Alegre De Goias,BR
Buritizal Agropastoril Ltda Airport,Aripuana,BR
Fazenda Forquilha Airport,Matrincha,BR
Fazenda Maria Jose Airport,Itiquira,BR
Fazenda Muiraquita Airport,Aripuana,BR
Morro Redondo Airport,Morro Redondo,BR
Fazenda Centro da Mata Airport,Nova Ubirata,BR
Sumuru Airport,Boa Vista,BR
Paa-Piu Airport,Mucajai,BR
Maues Airport,Maues,BR
Morrinhos Airport,Morrinhos,BR
Porto Fluvial Suia Missu Airport,Barra Do Garcas,BR
Estancia Aeronaldo Airport,Rondonopolis,BR
Novo Aripuana Airport,Novo Aripuana,BR
Nobres Airport,Nobres,BR
Fazenda Procomp Airport,Nova Bandeirantes,BR
Agropecuaria Tratex Airport,Colider,BR
Fazenda Nossa Senhora das Gracas Airport,Sorriso,BR
Aruana Airport,Aruana,BR
Nova Vida Airport,Ariquemes,BR
Fazenda Itaquere Airport,Novo Sao Joaquim,BR
Novo Campo Airport,Boca Do Acre,BR
Fazenda Aracatuba Airport,Lambari D`Oeste,BR
Normandia Airport,Normandia,BR
Novo Intento Airport,Canta,BR
Nova Olinda do Norte Airport,Nova Olinda Do Norte,BR
Niquelandia Airport,Niquelandia,BR
Nortelandia Airport,Nortelandia,BR
Anapolis Airport,Anapolis,BR
Fazenda Santo Antonio Airport,Cacu,BR
Aerodromo Nacional de Aviacao Airport,Goiania,BR
Fazenda Tuiuiu Airport,Nobres,BR
Fazenda Independencia Airport,Santo Antonio Do Leste,BR
Arnapar Airport,Goianira,BR
Fonte Boa Airport,Fonte Boa,BR
Fazenda Sao Bento do Bocaja Airport,Caracol,BR
Fazenda Duas Lagoas Airport,Caceres,BR
Ouro Fino Airport,Boa Vista,BR
Fazenda Itaipu Airport,Sao Jose Do Rio Claro,BR
Fazenda Juara Airport,Juara,BR
Fazenda Nova Alvorada Airport,Brasnorte,BR
Fazenda Pontal Airport,Itiquira,BR
Fazenda Roncador Airport,Barra Do Garcas,BR
Fazenda Salto Bello II Airport,Novo Sao Joaquim,BR
Fazenda Tres Marias do Agua Limpa Airport,Britania,BR
Fazenda Agropecuaria Embu Airport,Nova Monte Verde,BR
Fazenda Surucucu Airport,Luziania,BR
Fazenda Colorado Airport,Britania,BR
Fazenda Tapajos Airport,Goianesia,BR
Fazenda Planorte Airport,Sapezal,BR
Retiro Arrombadinho Airport,Itiquira,BR
Moura Airport,Moura,BR
Estancia Barbosa Airport,Nossa Senhora Do Livramento,BR
Fazenda Duas Barras Airport,Pontal Do Araguaia,BR
Fazenda Santo Antonio Airport,Campo Verde,BR
Pedro Afonso Airport,Pedro Afonso,BR
Forte Principe da Beira Airport,Costa Marques,BR
Pari Cachoeira Airport,Sao Gabriel Da Cachoeira,BR
Pouso da Aguia Airport,Canta,BR
Fazenda Lagoa da Mata Airport,Carlinda,BR
Porto dos Gauchos Airport,Porto Dos Gauchos,BR
Fazenda Paulo Abreu Airport,Barra Do Garcas,BR
Parintins Airport,Parintins,BR
Fazenda Sao Caetano Airport,Pontal Do Araguaia,BR
Pocone Airport,Pocone,BR
Posto Leonardo Vilas Boas Airport,Chapada Dos Guimaraes,BR
Pimenta Bueno Airport,Pimenta Bueno,BR
Parana Airport,Paraná,BR
Fazenda Porta do Amazonia Airport,Santa Terezinha,BR
Fazenda Pica-Pau Airport,Mozarlandia,BR
Fazenda Piraguassu Airport,Porto Alegre Do Norte,BR
Pires do Rio Airport,Pires Do Rio,BR
Porto Sao Sebastiao Airport,Diamantino,BR
Fazenda Piratinga Airport,Sinop,BR
Planaltina Airport,Brasilia,BR
Pouso da Garca Airport,Barao De Melgaco,BR
Primavera do Leste Airport,Primavera Do Leste,BR
Oricanga de Abreu Airport,Posse,BR
Querari Airport,Sao Gabriel Da Cachoeira,BR
Fazenda Sossego Airport,Maracaju,BR
Agropecuaria Nova Santana Airport,Aripuana,BR
Caracarai Airport,Caracarai,BR
Campos de Julio Airport,Campos De Julio,BR
Pedra Airport,Pedra Lavrada,BR
Fazenda Tres Companheiros Airport,Doverlandia,BR
Fazenda Boa Vista Airport,Acorizal,BR
Rio Vermelho Acucar e Alcool Airport,Junqueiropolis,BR
Fazenda Fundao Alegre Airport,Camapua,BR
Estancia Norteagro Airport,Boa Vista,BR
Fazenda Cotriguacu Airport,Aripuana,BR
Fazenda Guapore Airport,Vila Bela Da Santissima Trindade,BR
Fazenda Maristela Airport,Porto Esperidiao,BR
Fazenda Bacaeri Airport,Alta Floresta,BR
Fazenda Barro Preto Airport,Monte Alegre De Goias,BR
Fazenda Quatro Irmaos Airport,Ribas Do Rio Pardo,BR
Arraias Airport,Arraias,BR
Fazenda Rio dos Bugres Airport,Barra Do Bugres,BR
Fazenda Sevilha Airport,Ribeirao Cascalheira,BR
Rondonopolis Airport,Rondonopolis,BR
Fazenda Toloza Airport,Brasnorte,BR
Fazenda Rancho Maria e Tereza Airport,Guajara-Mirim,BR
Fazenda Roncador I Airport,Querencia,BR
Fazenda Panflora Airport,Rosario Oeste,BR
South West Rocks Airport,,AU
Fazenda Pouso Redondo Airport,Corumbiara,BR
Santo Antonio do Descoberto Airport,Santo Antonio Do Descoberto,BR
Aeroclube de Rondonia Airport,Porto Velho,BR
Teles Pires Lodge,Apiacás,BR
Fazenda Serra Azul Airport,Planalto Da Serra,BR
Fazenda Santa Monica Airport,Rondonopolis,BR
Fazenda Santa Rita Airport,Santa Rita Do Araguaia,BR
Meruri Airport,Tesouro,BR
Fazenda Vale do Rio Verde Airport,Diamantino,BR
Fazenda Santa Alice Airport,Mirassol D`Oeste,BR
Fazenda Santa Cruz do Pessoe Airport,Vila Bela Da Santissima Trindade,BR
Fazenda Santa Maria Airport,Porto Estrela,BR
Fazenda Arrossensal Airport,Nortelandia,BR
Fazenda Sao Joao Airport,Diamantino,BR
Fazenda Sabia Airport,Araguaiana,BR
Fazenda Santa Cruz Airport,Sao Felix Do Araguaia,BR
Fazenda Santo Antonio Airport,Araguaiana,BR
Fazenda Sao Francisco Airport,Vila Bela Da Santissima Trindade,BR
Fazenda Simarelli Airport,Campos De Julio,BR
Sao Raimundo II Airport,Alta Floresta,BR
Presidente Joao Batista Figueiredo Airport,Sinop,BR
Fazenda Sao Marco Airport,Boa Vista,BR
Fazenda Santa Maria Airport,Lambari D`Oeste,BR
Sopave Norte Airport,Paranatinga,BR
Sao Joaquim Airport,Sao Gabriel Da Cachoeira,BR
Sertania Airport,Sertania,BR
Fazenda Silmar Airport,Vila Bela Da Santissima Trindade,BR
Santa Terezinha Airport,Santa Terezinha,BR
Fazenda Santa Juliana Airport,Ribeirao Cascalheira,BR
Fazenda Santa Silvia Airport,Cocalinho,BR
Seringal Nova Olinda Airport,Sena Mafureira,BR
Sao Simao Airport,Vila Bela Da Santissima Trindade,BR
Fazenda Santa Luzia Airport,Nova Bandeirantes,BR
Fazenda Santa Marcia Airport,Araputanga,BR
Tabajara Airport,Ariquemes,BR
Tocantinia Airport,Tocantinia,BR
Fazenda Sete de Setembro Airport,Agua Boa,BR
Fazenda Trescinco Airport,Diamantino,BR
Fazenda Trescinco Juruena Airport,Alta Floresta,BR
Sao Vicente Airport,Nova Lacerda,BR
Fazenda Cachoeira Airport,Tangara Da Serra,BR
Fazenda Santa Maria do Guapore Airport,Vila Bela Da Santissima Trindade,BR
Fazenda Corumbiara Airport,Pimenta Bueno,BR
Fazenda Arapucel Airport,Araputanga,BR
ParaiSo do Tocantins Airport,Paraiso Do Tocantins,BR
Tapuruquara Airport,Santa Isabel Do Rio Negro,BR
Termas Pousada do Rio Quente Airport,Rio Quente,BR
Taraqua Airport,Sao Gabriel Da Cachoeira,BR
Tangara da Serra Airport,Tangara Da Serra,BR
Fazenda Tucunare Airport,Sapezal,BR
Fazenda Rio Preto Airport,Salto Do Ceu,BR
Fazenda Sao Lucas Airport,Pontes E Lacerda,BR
Fazenda Olho D`Agua Airport,Torixoreu,BR
Taguatinga Airport,Taguatinga,BR
Sao Miguel do Araguaia Airport,Sao Miguel Do Araguaia,BR
Fazenda Serra Alegre Airport,Pontes E Lacerda,BR
Luciara Airport,Luciara,BR
Fazenda Tapayuna Airport,Nova Canaa Do Norte,BR
Pauini Airport,Pauini,BR
Tagua Agropecuaria Airport,Vera,BR
Uapui Cachoeira Airport,Sao Gabriel Da Cachoeira,BR
Fazenda Furna Azul Airport,Ananas,BR
Fazenda Rancho Novo Airport,Comodoro,BR
Fazenda Santa Eunice Airport,Nova Monte Verde,BR
Uirapuru Airport,Uirapuru,BR
Surucucu Airport,Alto Alegre,BR
Fazenda Vista Verde Airport,Palmeira Do Piaui,BR
Sede Fazenda Sao Benedito Airport,Campo Novo Do Parecis,BR
Lavoura Fazenda Sao Benedito Airport,Campo Novo Do Parecis,BR
Fazenda Uirapuru Airport,Sinop,BR
Fazenda Santa Barbara II Airport,Alto Paraguai,BR
Urucu Airport,Coari,BR
Brigadeiro Araripe Macedo Airport,Luziania,BR
Vila Bela da Santissima Trindade Airport,Vila Bela Da Santissima Trindade,BR
Vila Rica Airport,Vila Rica,BR
Fazenda Rio Verde Airport,Serranopolis,BR
Fazenda Vista Alegre Airport,Bujari,BR
Fazenda Sto Antonio Guapore - Sede Nova Airport,Vila Bela Da Santissima Trindade,BR
Fazenda Vaca Branca Airport,Alta Floresta,BR
Fazenda Pirassununga Airport,Sao Valerio,BR
Fazenda Uiapuru Airport,Nova Mutum,BR
Fazenda Vale do Rio Celeste Airport,Nova Ubirata,BR
Fazenda Vertente Airport,Santo Antonio Do Leverger,BR
Valdir Masutti Airport,Comodoro,BR
Panorama Airport,Claudia,BR
Fazenda Santa Isabel Airport,Cutias,BR
Estancia Rosalia Airport,Sinop,BR
Fazenda Sto Antonio do Guapore - Baia do Padre Airport,Vila Bela Da Santissima Trindade,BR
Fazenda Estrela D`Alva Airport,Querencia,BR
Fazenda Ramalhete Airport,Rio Brilhante,BR
Fazenda Esperanca Airport,Vila Bela Da Santissima Trindade,BR
Fazenda Carvalho Airport,Corumba,BR
EMAL - Empresa de Mineracao Aripuana Ltda Airport,Nobres,BR
Porangatu Airport,Porangatu,BR
Fazenda Rio Azul Airport,Claudia,BR
C.F. de Souza Bais Airport,Barcelos,BR
Hotel Baiazinha Airport,Caceres,BR
Fazenda Canamari Airport,Quirinopolis,BR
Fazenda Fortaleza Airport,General Carneiro,BR
Posto de Protecao Ambiental Nossa Senhora do Carmo Airport,Barao De Melgaco,BR
Urucara Airport,Urucara,BR
Fazenda Agrocentro Airport,Barra Do Garcas,BR
Fazenda Pupila Airport,Mantena,BR
Fazenda Santa Amalia Airport,Alta Floresta,BR
Silvio Goncalves de Mello Airport,Morada Nova De Minas,BR
Uruacu Airport,Uruacu,BR
Posto de Protecao Ambiental Santa Maria Airport,Barao De Melgaco,BR
Posto de Protecao Ambiental Sao Luiz Airport,Barao De Melgaco,BR
Posto de Protecao Ambiental Sao Joaquim Airport,Barao De Melgaco,BR
Posto de Protecao Ambiental Espirito Santo Airport,Barao De Melgaco,BR
Darinha Airport,Cascavel,BR
Fazenda Canadazinho Airport,Jussara,BR
Fazenda Tropical Airport,Cerejeiras,BR
Aerogardi Airport,Itapolis,BR
Xingu Airport,Barra Do Garcas,BR
Fazenda Sao Sebastiao Airport,Sao Desiderio,BR
Chacara Sao Jose Airport,Cuiaba,BR
Fazenda Rio Alegre Airport,Sao Jose Do Rio Claro,BR
Fazenda Lago Grande Airport,Sandolandia,BR
Regional Orlando Villas Boas Airport,Matupa,BR
Fazenda Porto Seguro Airport,Sao Felix Do Xingu,BR
Fazenda Santa Luzia Airport,Sapezal,BR
Faria Airport,Porto Esperidiao,BR
Fazenda Sao Joao do Ibipora Airport,Pontes E Lacerda,BR
Fazenda Medalha Milagrosa Airport,Vila Bela Da Santissima Trindade,BR
Xapuri Airport,Xapuri,BR
Xavantina Airport,Nova Xavantina,BR
Fazenda Sao Joao do Guapore Airport,Pontes E Lacerda,BR
Fazenda Transoeste Airport,Santa Terezinha,BR
Fazenda Taquarussu Airport,Comodoro,BR
Fazenda Nossa Senhora Aparecida Airport,Jaciara,BR
Jair Feliciano de Deus Airport,Mirassol D`Oeste,BR
Sao Jose Airport,Aracruz,BR
Fazenda Alianca Airport,Araputanga,BR
Barragem Manoel Alves Airport,Dianopolis,BR
Fazenda Agropecuaria FR Ltda. Airport,Novo Progresso,BR
Fazenda Ilha Camargo Airport,Pocone,BR
Fazenda Anhanguera Airport,Pontes E Lacerda,BR
Prainha Airport,Apui,BR
Usina Branco Peres Airport,Adamantina,BR
Fazenda Ribeiro do Ceu Airport,Nova Mutum,BR
Fazenda Nova Fronteira Airport,Sinop,BR
Fazenda Nossa Senhora do Pillar Airport,Jauru,BR
Fazenda Formosa Airport,Novo Acordo,BR
Fazenda Entre Rios Airport,Aruana,BR
Clube de Marte Ibira de Para-Quedismo Airport,Ibira,BR
Fazenda Adriana Airport,Alto Garcas,BR
Fazenda Nova Viena Airport,Nova Xavantina,BR
Agrosan Airport,Juara,BR
Fazenda Arara Azul Airport,Barao De Melgaco,BR
Fazenda Corixo Airport,Porto Esperidiao,BR
Fazenda Denusa Destilaria Nova Uniao Airport,Jandaia,BR
Fazenda Tamboril Airport,Pontes E Lacerda,BR
Fazenda Araguari Airport,Araputanga,BR
Fazenda Lagoa Encantada Airport,Porto Esperidiao,BR
Fazenda Cacapava Airport,Acreuna,BR
Fazenda Sao Joao Airport,Crixas,BR
Fazenda Americana Airport,Itambacuri,BR
Usina Sao Simao Airport,Sao Simao,BR
Fazenda Frances Airport,Acreuna,BR
Fazenda Lagoa Funda Airport,Campo Verde,BR
Fazenda Vale Rico Airport,Guiratinga,BR
Fazenda Jussara Airport,Jussara,BR
Fazenda Santa Rita Airport,Itapirapua,BR
Fazenda Nova Larga Airport,Caceres,BR
Fazenda do Brejo Airport,Paraopeba,BR
Fazenda Rodoserv I Airport,Ivinhema,BR
Fazenda Rodoserv III Airport,Bela Vista,BR
Fazenda Santa Fe do Xingu Airport,Sao Jose Do Xingu,BR
Fazenda Sete Estrelas Airport,Brasnorte,BR
Aishalton Airport,Aishalton,GY
Annai Airport,Annai,GY
Apoteri Airport,Apoteri,GY
Awaruwaunau Airport,Awaruwaunau,GY
Bemichi Airport,Bemichi,GY
Baramita Airport,Baramita,GY
Bartica A Airport,Bartica,GY
Cheddi Jagan International Airport,Georgetown,GY
Ebini Airport,Ebini,GY
Ogle Airport,Ogle,GY
Imbaimadai Airport,Imbaimadai,GY
Kurukabaru Airport,Kurukabaru,GY
Kamarang Airport,Kamarang,GY
Karanambo Airport,Karanambo,GY
Karasabai Airport,Karasabai,GY
Kato Airport,Kato,GY
Kwakwani Airport,Kwakwani,GY
Linden Airport,Linden,GY
Lumid Pau Airport,Lumid Pau,GY
Lethem Airport,Lethem,GY
Mabaruma Airport,Mabaruma,GY
Mahdia Airport,Mahdia,GY
Monkey Mountain Airport,Monkey Mountain,GY
Manari Airport,Manari,GY
Mountain Point Airport,Mountain Point,GY
Matthews Ridge Airport,Matthews Ridge,GY
Marurawana Airport,Marurawana,GY
New Amsterdam Airport,New Amsterdam,GY
Orinduik Airport,Orinduik,GY
Paruma Airport,Paruma,GY
Wichabai Airport,Wichabai,GY
Rafter P Airport,Sweetwater,US
Phillips Farm Airport,Alvarado,US
Howard Field,Rhome,US
Anxiety Aerodrome,Corsicana,US
Jet Ag Inc Airport,Dayton,US
Flying W Airstrip,Uvalde,US
Nebtex Land Company Airport,Texline,US
Live Oak Ranch Airport,Brenham,US
Sunset Airport,Forney,US
Post Oak Airfield,Weatherford,US
Bfs West Airport,Mc Cook,US
Windmill Hill Airport,Lewisville,US
Morris Lazy K Ranch Airport,Marquez,US
Smoky Bend Ranch Airport,Mullin,US
Cook Canyon Ranch Airport,Ranger,US
Coyote Crossing Airport,Maypearl,US
Alpha Whisky Airstrip,Mineola,US
Scott Airport,Raymondville,US
Tularosa Airport,Brackettville,US
Flying G Airport,Crystal City,US
Rancho Hielo Brazos Airport,Glen Rose,US
Vaca Moo Airport,Ben Wheeler,US
Twisted T Field,Burton,US
Puesta Del Sol Airport,Hebbronville,US
Baum Airport,Kaufman,US
Richards Airport,Krum,US
Eagle Airport,Brock,US
Flying Bull Ranch Airport,Barksdale,US
Mccrea Airport,Sterling City,US
Del Valle Airport,Del Valle,US
Floyd Ranch Airport,Orange Grove,US
Texas Valley Air Field,Waco,US
Rancho Encantado Airport,Cotulla,US
Fly Navy Airport,Liberty Hill,US
Kay Ranch Airport,Winona,US
Rancho San Lorenzo Airport,Clint,US
Persimmon Gap Ranch Airport,Marathon,US
Sportsman's World Airport,Palo Pinto,US
Freedom Springs Ranch Airport,Pipe Creek,US
Biggin Hill Airpark,Shallowater,US
Randys Airpark,Georgetown,US
W J E Airport,Tennessee Colony,US
Flying 7H Ranch Airport,Goldthwaite,US
Flyers Ridge Airport,Willis,US
Putty Ranch Airport,Hico,US
Morning Star Ranch Airport,Del Rio,US
Trinity Field,Midway,US
Chips Airport,Seguin,US
Carter-Norman Airport,Boyd,US
Borich Sky Ranch Airport,Coupland,US
Doublewide Ranch Airport,Granbury,US
Lm Ranch Airport,Sherman,US
Central Custom Ag Aviation Airport,Hartley,US
White Wing Ranch Airport,Orchard,US
V.C. Bird International Airport,St. George,AG
Codrington Airport,Codrington,AG
Coco Point Lodge Airstrip,Coco Point,AG
Sir Grantley Adams International Airport,Bridgetown,BB
Crystal Brook Airport,,AU
Canefield Airport,Canefield,DM
Melville Hall Airport,Marigot,DM
Dillard Ranch Airport,Centerville,US
Rivet Ranch Airport,Dublin,US
Split B Ranch Airport,Canadian,US
Little B Farms Airport,Perryton,US
Casey Field,Leonard,US
Minard Pegasus Airport,Alvin,US
Pierce Airport,Henrietta,US
Weiblen Airport,Castroville,US
M & M Land Company Airport,Menard,US
Cow Pasture Airport,Parker,US
Heathrow Airport,Robinson,US
Lobo Mountain Ranch Airport,Bandera,US
Horseshoe Lake Airport,Sanger,US
Back Porch Ranch Airport,Brackettville,US
Arrow 'S' Ranch Airport,Cambellton,US
Harrison Piloncillo Ranch Airport,Catarina,US
La Esperanza Ranch Airport,Encinal,US
Rancho Blanco Airport,Laredo,US
Riata Ranch Airport,Mountain Home,US
Reb Folbre's Place Airport,Millsap,US
Fill Or Kill Airport,Walnut Springs,US
Canyon Ranch Airport,Sonora,US
Loghouse /Stol Airport,Goodrich,US
Bucker Field,Era,US
B.S. Air Ranch Airport,Ennis,US
R-Ranch Airstrip,Merit,US
Buffalo Chips Airpark,Joshua,US
Kings Ranch Airport,Lampasas,US
Hirok Airport,Milford,US
Lackorn Airport,Seguin,US
Chigger Field,Cresson,US
Wright Airport,San Angelo,US
Haass Field,Hondo,US
Trml D Ranch Airport,Beeville,US
High Man Tower Airstrip,Robstown,US
Cibolo Sea-Willo Airpark,New Berlin,US
Nuggs Flying M Airport,Pottsboro,US
Bfs Airport,Lockney,US
Griffith Ranch Airport,Winnie,US
Bucker Field,Point,US
Lexington Airfield,Lexington,US
Vance Field,Alvord,US
Fossil Creek Ranch Airport,Camp Wood,US
Smither Field,Denton,US
Westwind Ranch Airport,La Pryor,US
Mockingbird Hill Airport,Mc Gregor,US
Marmack Airport,Montgomery,US
Heritage Airfield,New Berlin,US
Magee Airport,Portland,US
Bb Airpark,Rosharon,US
Jacalon Ranch Airport,Mirando City,US
Flying L Airport,Bandera,US
Harrison Farm Airport,Troup,US
Crosswinds Airfield,Coupland,US
Cameron Ranch Airport,Fredericksburg,US
Barnstormer Airport,Peoria,US
La Desirade Airport,Grande Anse,GP
Baillif Airport,Basse Terre,GP
St-Francois Airport,St-Francois,GP
Martinique Aime Cesaire International Airport,Fort-de-France,MQ
L'Esperance Airport,Grand Case,MF
Gustaf III Airport,Gustavia,BL
Les Bases Airport,Grand Bourg,GP
Pointe-a-Pitre Le Raizet,Pointe-a-Pitre Le Raizet,GP
Terre-de-Haut Airport,Les Saintes,GP
Point Salines International Airport,Saint George's,GD
Lauriston Airport,Carriacou Island,GD
Cyril E King Airport,Charlotte Amalie,US
Henry E Rohlsen Airport,Christiansted,US
Antonio/Nery/Juarbe Pol Airport,Arecibo,US
Rafael Hernandez Airport,Aguadilla,US
Benjamin Rivera Noriega Airport,Isla De Culebra,US
Fernando Luis Ribas Dominicci Airport,San Juan,US
Eugenio Maria De Hostos Airport,Mayaguez,US
Mercedita Airport,Ponce,US
Jose Aponte De La Torre Airport,Ceiba,US
Luis Munoz Marin International Airport,San Juan,US
Antonio Rivera Rodriguez Airport,Isla De Vieques,US
Robert L. Bradshaw International Airport,Basseterre,KN
Vance W. Amory International Airport,Charlestown,KN
George F. L. Charles Airport,Castries,LC
Hewanorra International Airport,Vieux Fort,LC
Ray Airport,Rosemark,US
Telford Overlook Ferguson Field,Telford,US
Hawk Haven Airfield,Eagleville,US
Oliver Springs Inc Airport,Oliver Springs,US
Bearhawks Den Airport,Carthage,US
Mountain Outlaw Airport,Sneedville,US
Fuller Field,Lewisburg,US
Old Valley Airport,Sharps Chapel,US
T-Top Airfield,Eagleville,US
Huntingdon Airport,Huntingdon,US
Vintage Field,Sweetwater,US
Richardson Strip,Eads,US
Seymour Air Park,Seymour,US
Palmer Village-Napier Lake Airport,Hohenwald,US
Titan Field,Clarksville,US
Tk Farm Airport,Lebanon,US
Racecar Airport,Chapel Hill,US
Cub Haven Airport,Niota,US
Flying I Ranch Airport,Ripley,US
Anderson Airport,Toone,US
Amacher Strip,Tullahoma,US
Ward Farms Airport,Jonesborough,US
Isle-A-Port Airport,Memphis,US
Deerfield Resort Airport,Lafollette,US
Magic Valley Airport,Dunlap,US
Bellwood Field,Lebanon,US
Indian Hill Farm Airport,New Hope,US
Natural Selection Airport,Harriman,US
King Airport,Winchester,US
Parr Field,Clarksville,US
Mountain View Airport,Johnson City,US
Carey Airport,Mayland,US
Parsons Field,Brighton,US
West Wind Airpark,Sweetwater,US
Long Meadow Airstrip,Murfreesboro,US
Austin Field,Pikeville,US
Myers-Smith Airport,Estill Springs,US
River Runway Airport,Elmwood,US
Burkeen Field,Collierville,US
Cox Farm Airport,Lenoir City,US
Joppa Airport,Rutledge,US
Whifferdill Airport,Chapmansboro,US
Oakley Airport,Nashville,US
Schiff Airport,Cookeville,US
Rattlesnake Ridge Airport,Indian Mound,US
Cedar Glade Aerodrome,Murfreesboro,US
Hogue Airport,Spencer,US
Montvale Airpark,Maryville,US
Possum Bottom Airport,Whitwell,US
Robertson Farm Airport,Knoxville,US
Ridgely Airport,Ridgely,US
Fall Creek Field,Lebanon,US
Triune Airfield,Nashville,US
Sky Ranch Airport,Knoxville,US
Nelson Airfield,Memphis,US
Queen Beatrix International Airport,Oranjestad,AW
Flamingo International Airport,Kralendijk,BQ
Hato International Airport,Willemstad,CW
F. D. Roosevelt Airport,Sint Eustatius,BQ
Princess Juliana International Airport,Saint Martin,SX
Juancho E. Yrausquin Airport,Saba,BQ
Wallblake Airport,The Valley,AI
John A. Osborne Airport,Gerald's Park,MS
Fuller Airport,Fort Worth,US
Rio Vista Ranch Airport,Del Rio,US
Dry Creek Airport,Cypress,US
Kubecka Aviation Airport,Ganado,US
Glenmar Airport,Campbell,US
Glass Ranch Airport,Garden City,US
Smith Flying Service Airport,De Leon,US
Cibolo Creek Ranch Airport,Marfa,US
Kingsland Estates Airport,Kingsland,US
Joseph Of Cupertino Stolport Airport,Muenster,US
Roy Ranch Airport,Justiceburg,US
Wwd Farms Airport,Post,US
4 S Ranch Airport,Wimberly,US
River Field,Columbus,US
Cherry Heights Flugplatz Airport,Fredericksburg,US
West Liberty Airport,Dayton,US
Silver Wings Airport,Fredericksburg,US
San Ysidro Ranch Airport,Catarina,US
Waresville Airport,Utopia,US
Dry Branch Ranch Airport,Pattison,US
Peeler Airpark,Floresville,US
Bat Cave Field,Garden Ridge,US
Giles Va Ranch Airport,Wharton,US
Little 'L' Ranch Airport,Glen Rose,US
Square Air Airport,Mc Kinney,US
Ducote Airpark,San Angelo,US
Barronena East Airport,Hebbronville,US
Flying B Ranch Airport,Ovilla,US
Stubbs Strip,Fort Worth,US
Glass Airport,Sanger,US
Hammer Airfield,Plantersville,US
Redstone Ranch Airport,Stonewall,US
Fourth Creek Ranch Airport,Booker,US
Wildlife/Stroud Airport,Catarina,US
Flanders Field,Lott,US
Pro Agri Airport,Ropesville,US
Diamond J Airport,Pottsboro,US
Plane & Fancy Airport,Fort Mckavett,US
Parker Airport,Granbury,US
Hidden Valley Ranch Airport,Utopia,US
Rancho Buena Vista Airport,Bay View,US
Alvie Cole Ranch Airport,Sterling City,US
El Campo Airpark,El Campo,US
Hogg Field,Kennard,US
Tree Top Air Airport,Weimar,US
Pagan Airstrip,Shomu-Shon,MP
Ulithi Airport,Ulithi,FM
Patton Air Park,Floresville,US
Hutson Ranch Airport,Knox City,US
Goggans Airfield,Sulphur Springs,US
Pastrana Ranch Airport,Rainbow,US
Cosmo Field,Graford,US
Lionwood Airport,Bellville,US
Circle C Ranch Airport,Hardin,US
Lazy 8 Flying Ranch Airport,Madisonville,US
Grant Ranch Airport,Alvord,US
Cross L Ranch Airport,Iraan,US
Johnson Ranch Airport,Justiceburg,US
Davidson Farms Airport,Roxton,US
Y Bar Ranch Airport,Fowlerton,US
Kudlacek Field,Royse City,US
Newberry Ranches Airport,Langtry,US
Mount Sharp Airpark,Wimberley,US
Myrtle Creek Ranch Airport,Franklin,US
Dragon Lady Airport,Jefferson,US
Burkett Ranch/Jackson Pasture Airport,Graham,US
Four Notch Airport,Huntsville,US
Flying H Field,Paris,US
Nighthawks Nest Airport,Marion,US
Pc Airport,Bryan,US
Adams Field,Anna,US
Wingman Aerodrome,Dandridge,US
Daniel Hq/Pease Valley Airstrip,Crowell,US
Aeromigos Airfield,Terlingua,US
Whiskey Hotel Airpark,Fredericksburg,US
Mangham Airport,Mullin,US
Salado Bluffs Airport,Salado,US
3 Barrel Ranch Airport,Bleiblerville,US
Rowdy T Ranch Airport,Frost,US
U Ranch Airport,Sterling City,US
Vogt's Vista Airport,Canton,US
Berkley Ranch Airport,Conroe,US
Pecan Valley Airport,Killeen,US
Buffalo Ridge Airport,Stephenville,US
Agua Nada Ranch Airport,Rocksprings,US
Orth Pasture Airport,Junction,US
Cedar Creek Ranch Airport,Barksdale,US
Seagraves Airport,Seagraves,US
Kelly Air Field,Bells,US
Leinart Farms Airstrip,Merit,US
Tobago-Crown Point Airport,Scarborough,TT
Piarco International Airport,Port of Spain,TT
Captain Auguste George Airport,Anegada,VG
Terrance B. Lettsome International Airport,Road Town,VG
Virgin Gorda Airport,Spanish Town,VG
Argyle International Airport,Argyle,VC
J F Mitchell Airport,Bequia,VC
Canouan Airport,Canouan,VC
Mustique Airport,Mustique Island,VC
Union Island International Airport,Union Island,VC
Abilene Executive Airpark,Abilene,US
Lucky Star Ranch Airport,Brenham,US
Bud Dryden Airport,Austin,US
Nix River Ranch Strip,Comstock,US
Buckle L Ranch East Airport,Paducah,US
Mesa Vista Ranch Airport,Pampa,US
Boneyard Airstrip,Washington,US
Beggs Ranch/Aledo/ Airport,Aledo,US
Parkers Landing Airport,Van Alstyne,US
Russells Ranch Airport,Annona,US
Hornady Ranch Airport,Archer City,US
Leroux Airport,Argyle,US
Lochridge Ranch Airport,Athens,US
Devil's Finger Airport,Morgan,US
Flying O Airport,Bardwell,US
Edwards Lucian Wells Ranch Airport,Big Spring,US
Yellowstone Air Park,Santo,US
Windy Tales Airport,Mineral Wells,US
Molair Airport,Boxelder/Lydia,US
Boyd Airport,Morgan,US
Duke Ranch Airport,Darrouzett,US
Echo Lake Airport,Brownsboro,US
Pippen-York Ranch Airport,Blanco,US
Fair Weather Field,Monaville,US
Goode Field,Canton,US
Hawkeye Hunting Club Airport,Center,US
Blackwood Airpark,Cleburne,US
Sandy Creek Ranch Airport,Revenna,US
Talley Airport,Clifton,US
One Eyed Creek Airport,Lufkin,US
Smith Airport,Corsicana,US
Parrish Airstrip,Cranfills Gap,US
Douglass Ranch Airport,Freer,US
Baker's Place Airport,Elgin,US
Rhodes Ranch Airport,Mineola,US
Lazy 9 Ranch Airport,Decatur,US
Pinto Creek Airport,Brackettville,US
Rebel Field,Alta Loma,US
Hodges Air Field,Keene,US
Eberly Ranch Airport,Chappell Hill,US
Rock Creek Ranch Airport,Whitt,US
Thomas Flying Field,Parker,US
Sandbur Ranches Pvt Airport,Franklin,US
Crescent C Ranch Airport,Cotulla,US
Laguna Park Community Airport,Laguna Park,US
Star Field,Rising Star,US
Lissie Flying Service Airport,Lissie,US
Green Airport,Georgetown,US
Wright Ranch Airport,Glen Rose,US
Flying D Ranch Airport,Era,US
Maxwell Field,Sanger,US
Williams Field,Goodland,US
L.F. Wade International International Airport,Hamilton,BM
Chardara Airport,Shardara,KZ
Lugovoy Airport,Lugovoy,KZ
Almaty International Airport,Almaty,KZ
Balkhash Airport,Balkhash,KZ
Usharal Airport,Usharal,KZ
Boralday Airport,Aima Ata,KZ
Taldykorgan Airport,Taldy Kurgan,KZ
Nursultan Nazarbayev International Airport,Astana,KZ
Kokshetau Airport,Kokshetau,KZ
Petropavlosk International Airport,Petropavlosk,KZ
Aulie-ata International Airport,Taraz,KZ
Tamga Airport,Tamga,KG
Batken Airport,Batken,KG
Kerben Airport,Kerben,KG
Tokmok Airport,Tokmok,KG
Cholpon-Ata Airport,Cholpon-Ata,KG
Isfana Airport,Isfana,KG
Jalal-Abad Airport,Jalal-Abad,KG
Naryn Airport,Naryn,KG
Balykchy Airport,Balykchy,KG
Kyzyl-Kiya Airport,Kyzyl-Kiya,KG
Talas Airport,Talas,KG
Kant Air Base,Kant,KG
Kazarman Airport,Kazarman,KG
Shymkent Airport,Shymkent,KZ
Turkistan International Airport,Turkistan,KZ
Zhezkazgan Airport,Zhezkazgan,KZ
Sary-Arka International Airport,Karaganda,KZ
Krainiy Airport,Baikonur,KZ
Yubileyniy Airfield,Baikonur,KZ
Korkyt Ata Airport,Kzyl-Orda,KZ
Oral Ak Zhol International Airport,Uralsk,KZ
Ayaguz Airport,Ayaguz,KZ
Ekibastuz Airport,Ekibastuz,KZ
Ust-Kamennogorsk Airport,Ust Kamenogorsk,KZ
Pavlodar International Airport,Pavlodar,KZ
Semey International Airport,Semey,KZ
Urdzhar Airport,Urdzhar,KZ
Zaisan Airport,Zaisan,KZ
Aralsk Airport,Aralsk,KZ
Aktau International Airport,Aktau,KZ
Atyrau International Airport,Atyrau,KZ
Chelkar Airport,Chelkar,KZ
Aktobe Aliya Moldagulova International Airport,Aktyubinsk,KZ
Tengiz Airport,Kulsary,KZ
Arkalyk North Airport,Arkalyk,KZ
Kostanay International Airport,Kostanay,KZ
Akstafa Airport,Akstafa,AZ
Heydar Aliyev International Airport,Baku,AZ
Ganja Airport,Ganja,AZ
Lankaran International Airport,Lankaran,AZ
Nakhchivan Airport,Nakhchivan,AZ
Gabala International Airport,Gabala,AZ
Zaqatala International Airport,Zaqatala,AZ
Zangilan International Airport,Zangilan,AZ
Yevlakh Airport,Yevlakh,AZ
Zabrat Airport,Baku,AZ
Issyk-Kul International Airport,Tamchy,KG
Manas International Airport,Bishkek,KG
Osh Airport,Osh,KG
Karakol Airport,Karakol,KG
Yerevan Yegvard Airport,Yerevan,AM
Stepanavan Airport,Stepanavan,AM
Gyumri Shirak Airport,Gyumri,AM
Erebuni Airport,Yerevan,AM
Zvartnots International Airport,Yerevan,AM
Batagay Airport,Batagay,RU
Nizhneyansk Airport,Nizhneyansk,RU
Ust-Kuyga Airport,Ust-Kuyga,RU
Verkhoyansk Airport,,RU
Talakan Airport,Lenskiy Ulus,RU
Aldan Airport,Aldan,RU
Yakutsk Airport,Yakutsk,RU
Chulman Neryungri Airport,Chulman,RU
Moma Airport,Honuu,RU
Tyopliy Klyuch Airport,Tyopliy Klyuch,RU
Magan Airport,Magan,RU
Olyokminsk Airport,Olyokminsk,RU
Ust-Nera Airport,Ust-Nera,RU
Ust-Maya Airport,Ust-Maya,RU
Verkhnevilyuisk Airport,Verkhnevilyuisk,RU
Kyzyl-Syr Airport,Kyzyl-Syr,RU
Nyurba Airport,Nyurba,RU
Suntar Airport,Suntar,RU
Vilyuisk Airport,Vilyuisk,RU
Aykhal Airport,,RU
Lensk Airport,Lensk,RU
Olenyok Airport,Olenyok,RU
Polyarny Airport,Yakutia,RU
Mirny Airport,Mirny,RU
Saskylakh Airport,Saskylakh,RU
Vitim Airport,Vitim,RU
Belaya Gora Airport,Belaya Gora,RU
Chokurdakh Airport,Chokurdah,RU
Cherskiy Airport,Cherskiy,RU
Tiksi Airport,Tiksi,RU
Zyryanka Airport,Zyryanka,RU
Zhigansk Airport,Zhigansk,RU
Deputatskiy Airport,Deputatskiy,RU
Gudauta Air Base,Gudauta,GE
Dzhermuk Airport,Dzhermuk,AM
Kopitnari Airport,Kutaisi,GE
Mukhrani Airport,,GE
Batumi International Airport,Batumi,GE
Poti East Airport,Poti,GE
Sukhumi Dranda Airport,Sukhumi,GE
Tbilisi International Airport,Tbilisi,GE
Birofeld Air Base,Birofeld,RU
Ignatyevo Airport,Blagoveschensk,RU
Zeya Airport,Zeya,RU
Magdagachi Airport,Magdagachi,RU
Ekimchan Airport,Ekimchan,RU
Svobodny Airport,Svobodny,RU
Tynda Airport,Tynda,RU
Birobidzhan Yuzhniy Airfield,,RU
Khabarovsk-Novy Airport,Khabarovsk,RU
Khabarovsk Airport,Khabarovsk,RU
Chumikan Airport,Chumikan,RU
Blagodatnoye Air Base,Blagodatnoye,RU
Garovka Air Base,Khabarovsk,RU
Dzemgi Airport,Komsomolsk-na-Amur,RU
Kamenny Ruchey Naval Air Base,Sovetskaya Gavan,RU
Komsomolsk-on-Amur Airport,Komsomolsk-on-Amur,RU
Maygatka Airport.,Sovetskaya Gavan,RU
Ugolny Airport,Anadyr,RU
Provideniya Bay Airport,Chukotka,RU
Zaliv Kresta,Egvekinot,RU
Omsukchan Airport,Omsukchan,RU
Chaybukha Airport,Chaybukha,RU
Mys Shmidta Airport,Mys Shmidta,RU
Keperveem Airport,Keperveem,RU
Lavrentiya Airport,Lavrentiya,RU
Sokol Airport,Magadan,RU
Omolon Airport,Omolon,RU
Markovo Airport,Markovo,RU
Pevek Airport,Pevek,RU
Beringovskiy Airport,Beringovsky,RU
Seymchan Airport,Seymchan,RU
Magadan-13 Airport,Magadan,RU
Severo-Evensk Airport,Evensk,RU
Munuk Airport,Ayan,RU
Bogorodskoye Airport,Bogorodskoye,RU
Nikolayevsk-na-Amure Airport,Nikolayevsk-na-Amure Airport,RU
Okhotsk Airport,Okhotsk,RU
Ust-Pakhachi Airport,Ust-Pakhachi,RU
Tigil Airport,Tigil,RU
Khalaktyrka Airport,Petropavlovsk-Kamchatskiy,RU
Ust-Kamchatsk Airport,Ust-Kamchatsk,RU
Palana Airport,Palana,RU
Milkovo Airport,Milkovo,RU
Yelizovo Airport,Petropavlovsk-Kamchatsky,RU
Tilichiki Airport,Tilichiki,RU
Ust-Khayryuzovo Airport,Ust-Khayryuzovo,RU
Nikolskoye Airport,Nikolskoye,RU
Burevestnik Airport,Iturup Island,RU
Okha Airport,Okha,RU
Shakhtyorsk Airport,Shakhtersk,RU
Mendeleyevo Airport,Kunashir Island,RU
Zonalnoye Airport,Tymovskoye,RU
Yuzhno-Sakhalinsk Airport,Yuzhno-Sakhalinsk,RU
Amgu Airport,Amgu,RU
Zolotaya Dolina Air Base,Vladimiro-Aleksandrovskoye,RU
Plastun Airport,Plastun,RU
Vladivostok International Airport,Vladivostok,RU
Chita-Kadala Airport,Chita,RU
Krasnokamensk Airport,Krasnokamensk,RU
Barguzin Airport,Barguzin,RU
Chara Airport,Chara,RU
Bratsk Airport,Bratsk,RU
Ust-Ilimsk Airport,Ust-Ilimsk,RU
Zheleznogorsk Airport,Zheleznogorsk-Ilimsky,RU
Belaya Air Base,Usolye-Sibirskoye,RU
Irkutsk Airport,Irkutsk,RU
Irkutsk Northwest Airport,Irkutsk,RU
Zhigalovo Airport,,RU
Bodaybo Airport,Bodaybo,RU
Yerbogachen Airport,Erbogachen,RU
Kirensk Airport,Kirensk,RU
Mama Airport,Mama,RU
Ust-Ordynskiy Airport,Ust-Ordynskiy,RU
Kazachinskaya Airport,Kazachinskaya,RU
Ust-Kut Airport,Ust-Kut,RU
Bagdarin Airport,,RU
Nizhneangarsk Airport,Nizhneangarsk,RU
Ulan-Ude Airport (Mukhino),Ulan Ude,RU
Chuhuiv Airport,Chuhuiv,UA
Cherlyany Airport,Gorodok,UA
Boryspil International Airport,Kyiv,UA
Konotop Air Base,Konotop,UA
Myrhorod Air Base,Myrhorod,UA
Donetsk International Airport,Donetsk,UA
Kramatorsk Airport,Kramatorsk,UA
Mariupol International Airport,Mariupol,UA
Sievierodonetsk Airport,Sievierodonetsk,UA
Luhansk International Airport,Luhansk,UA
Berdyansk Airport,Berdiansk,UA
Dnipro International Airport,Dnipro,UA
Zaporizhzhia International Airport,Zaporizhzhia,UA
Kryvyi Rih International Airport,Kryvyi Rih,UA
Simferopol International Airport,Simferopol,UA
Gvardeyskoe Air Base,Sarabuz,UA
Saki Air Base,Saki,UA
Kerch Airport,Kerch,UA
Yevpatoria Airport,Yevpatoria,UA
Dzhankoy Airport,Dzhankoy,UA
Kharkiv North Airport,Kharkiv,UA
Kharkiv International Airport,Kharkiv,UA
Poltava International Airport,Poltava,UA
Sumy Airport,Sumy,UA
Cherkasy International Airport,Cherkasy,UA
Kropyvnytskyi Airport,Kropyvnytskyi,UA
Chepelevka Airport,Uzin,UA
Kyiv Zhuliany International Airport,Kyiv,UA
Hostomel Airport,Kyiv,UA
Sviatoshyn Airfield,Svyatoshyn,UA
Zhytomyr International Airport,Zhytomyr,UA
Lutsk Airport,Lutsk,UA
Khmelnytskyi Airport,Khmelnytskyi,UA
Ivano-Frankivsk International Airport,Ivano-Frankivsk,UA
Lviv International Airport,Lviv,UA
Chernivtsi International Airport,Chernivtsi,UA
Rivne International Airport,Rivne,UA
Ternopil International Airport,Ternopil,UA
Uzhhorod International Airport,Uzhhorod,UA
Izmail International Airport,Izmail,UA
Lymanske International Airport,Lymanske,UA
Mykolaiv International Airport,Mykolaiv,UA
Odesa International Airport,Odesa,UA
Havryshivka Vinnytsia International Airport,Vinnitsa,UA
Talagi Airport,Archangelsk,RU
Mezen Airport,Mezen,RU
Arkhangelsk Vaskovo Airport,Arkhangelsk,RU
Severomorsk-1 Naval Air Base,Severomorsk,RU
Leshukonskoye Airport,Leshukonskoye,RU
Naryan Mar Airport,Naryan Mar,RU
Shenkursk Airport,Shenkursk,RU
Onega Airport,Onega,RU
Karpogory Airport,Karpogory,RU
Kargopol Airport,Kargopol,RU
Solovki Airport,Solovetsky Islands,RU
Pertominsk Airport,Pertominsk,RU
Nizhnyaya Pesha Airport,Nizhnyaya Pesha,RU
Cherepovets Airport,Cherepovets,RU
Dolgoshchelye Airport,Dolgoshchelye,RU
Chizha Airport,Chizha,RU
Lopshenga Airport,Lopshenga,RU
Purnema Airport,Purnema,RU
Shoyna Airport,Shoyna,RU
Verkhnyaya Zolotitsa Airport,,RU
Letnyaya Zolotitsa Airport,Letnyaya Zolotitsa,RU
Rogachyovo Air Base,Belaya,RU
Amderma Airport,Amderma,RU
Karatayka Airport,Karatayka,RU
Varandey Airport,,RU
Khorey-Ver Airport,Khorey-Ver,RU
Kharuta Airport,Kharuta,RU
Tsenogora Airport,Tsenogora,RU
Olema Airport,Olema,RU
Kotlas Airport,Kotlas,RU
Oktyabrskiy Airport,Oktyabrskiy,RU
Savvatiya Air Base,Kotlas,RU
Velsk Airport,Velsk,RU
Pulkovo Airport,St. Petersburg,RU
Krechevitsy Air Base,Novgorod,RU
Pushkin Airport,St. Petersburg,RU
Siversky Air Base,Siversky,RU
Umba Airport,Umba,RU
Kirovsk-Apatity Airport,Apatity,RU
Lovozero Airport,Lovozero,RU
Murmansk Airport,Murmansk,RU
Tetrino Airport,Tetrino,RU
Krasnoshchelye Airport,Krasnoshchelye,RU
Borovichi Airport,Borovichi,RU
Staraya Russa Airport,Staraya Russa,RU
Velikiye Luki Airport,Velikiye Luki,RU
Pskov Airport,Pskov,RU
Pudozh Airport,Pudozh,RU
Petrozavodsk Airport,Petrozavodsk,RU
Kalevala Airport,Kalevala,RU
Kostomuksha Airport,Kostomuksha,RU
Peski Airport,Petrozavodsk,RU
Segezha Airport,Segezha,RU
Sortavala Airport,,RU
Seltso Airfield,Seltso,RU
Gostilitsy Airfield,Gostilitsy,RU
Kusino Airfield,Kusino,RU
Korpikyulya Airfield,Gatchina,RU
Manushkino Airfield,Manushkino,RU
Kuznetsovo Airfield,Rozhdestveno,RU
Cherepovets Airport,Cherepovets,RU
Kichmengskiy Gorodok Airport,Kichmengskiy Gorodok,RU
Vytegra Airport,Vytegra,RU
Velikiy Ustyug Airport,Velikiy Ustyug,RU
Vologda Airport,Vologda,RU
Brest Airport,Brest,BY
Lida Air Base,Lida,BY
Gomel Airport,Gomel,BY
Vitebsk East Airport,Vitebsk,BY
Khrabrovo Airport,Kaliningrad,RU
Minsk Machulishchy Airport,Minsk,BY
Baranavichi Air Base,Baranavichi,BY
Borovaya Airfield,Minsk,BY
Hrodna Airport,Hrodna,BY
Osovtsy Air Base,Byaroza,BY
Ross Air Base,Ross,BY
Minsk International Airport,Minsk,BY
Babruisk Air Base,Babruisk,BY
Novo-Pashkovo Airport,Mahiylow,BY
Pruzhany Air Base,Pruzhany,BY
Mogilev Airport,Mogilev,BY
Abakan Airport,Abakan,RU
Shushenskoye Airport,Kazantsevo,RU
Barnaul Airport,Barnaul,RU
Gorno-Altaysk Airport,Gorno-Altaysk,RU
Biysk Airport,Biysk,RU
Volchikha Airport,Volchikha,RU
Ust-Koksa Airport,Ust-Koksa Airport,RU
Novosibirsk North Airport,Novosibirsk,RU
Krasnoozyorsk Airport,Krasnoozyorskoye,RU
Kemerovo Airport,Kemerovo,RU
Baykit Airport,Baykit,RU
Yeniseysk Airport,Yeniseysk,RU
Yartsevo Airport,Yartsevo,RU
Podkamennaya Tunguska Airport,Bor,RU
Severo-Eniseysk Airport,Severo-Eniseysk,RU
Tura Airport,Tura,RU
Vanavara Airport,Vanavara,RU
Boguchany Airport,Boguchany,RU
Kodinsk Airport,,RU
Krasnoyarsk Severny,Krasnoyarsk,RU
Yemelyanovo Airport,Krasnoyarsk,RU
Cheremshanka Airport,Krasnoyarsk,RU
Sharypovo Airport,Sharypovo,RU
Achinsk Airport,Achinsk,RU
Kyzyl Airport,Kyzyl,RU
Kolpashevo Airport,Kolpashevo,RU
Yeltsovka Airport,Novosibirsk,RU
Severnoye Airport,Severnoe,RU
Tolmachevo Airport,Novosibirsk,RU
Kalachinsk Airport,Kalachinsk,RU
Omsk Central Airport,Omsk,RU
Omsk Severny Airport,Omsk,RU
Tara Airport,Tara,RU
Tevriz Airport,Tevriz,RU
Barabinsk Airport,Barabinsk,RU
Aleksandrovskoye Airport,Aleksandrovskoye,RU
Strezhevoy Airport,Strezhevoy,RU
Bogashevo Airport,Tomsk,RU
Spichenkovo Airport,Novokuznetsk,RU
Dikson Airport,Dikson,RU
Nagurskoye Air Base,Murmansk,RU
Sredniy Ostrov Air Base,Khatanga,RU
Khatanga Airport,Khatanga,RU
Snezhnogorsk Airport,Snezhnogorsk,RU
Svetlogorsk Airport,Svetlogorsk,RU
Igarka Airport,Igarka,RU
Norilsk-Alykel Airport,Norilsk,RU
Valek Airport,Valek,RU
Turukhansk Airport,Turukhansk,RU
Sevastopol International Airport,Sevastopol,UA
Anapa Airport,Anapa,RU
Yeysk Airport,Yeysk,RU
Gelendzhik Airport,Gelendzhik,RU
Khanskaya Airport,Maykop,RU
Krasnodar International Airport,Krasnodar,RU
Maykop Airport,Maykop,RU
Armavir Air Base,Armavir,RU
Enem Airport,Enem,RU
Yessentuki Airport,Yessentuki,RU
Grozny North Airport,Grozny,RU
Uytash Airport,Makhachkala,RU
Mineralnyye Vody Airport,Mineralnyye Vody,RU
Nalchik Airport,Nalchik,RU
Beslan Airport,Beslan,RU
Magas Airport,Magas,RU
Stavropol Shpakovskoye Airport,Stavropol,RU
Dudinka Airport,Dudinka,RU
Shakhty Airport,Shakhty,RU
Morozovsk Air Base,Morozovsk,RU
Platov International Airport,Rostov-on-Don,RU
Rostov-na-Donu Airport,Rostov-on-Don,RU
Salsk Airport,Salsk,RU
Taganrog Yuzhny Airport,Taganrog,RU
Veshenskaya Airport,,RU
Zavetnoe Airport,,RU
Sochi International Airport,Sochi,RU
Astrakhan Airport,Astrakhan,RU
Elista Airport,Elista,RU
Volgograd International Airport,Volgograd,RU
Chelyabinsk Balandino Airport,Chelyabinsk,RU
Chelyabinsk Shagol Airport,,RU
Magnitogorsk International Airport,Magnitogorsk,RU
Kalachevo Airfield,Chelyabinsk,RU
Sabetta Airport,Sabetta,RU
Bovanenkovo,Bovanenkovo,RU
Salekhard Airport,Salekhard,RU
Kharasavey Airport,Kharasavey,RU
Mys Kamenny Airport,Mys Kamennyi,RU
Tolka Airport,Tolka,RU
Krasnoselkup Airport,Krasnoselkup,RU
Yar-Sale Airport,,RU
Tarko-Sale Airport,Tarko-Sale,RU
Tazovskiy Airport,Tazovskiy,RU
Urengoy Airport,Urengoy,RU
Berezovo Airport,,RU
Khanty Mansiysk Airport,Khanty-Mansiysk,RU
Igrim Airport,,RU
Kondinskoye Airport,Kondinskoye,RU
Lugovoy Airport,Lugovoy,RU
Nyagan Airport,Nyagan,RU
Sovetskiy Airport,Sovetskiy,RU
Uray Airport,Uray,RU
Izhevsk Airport,Izhevsk,RU
Pobedilovo Airport,Kirov,RU
Nadym Airport,Nadym,RU
Yamburg,Yamburg,RU
Novy Urengoy Airport,Novy Urengoy,RU
Nizhnevartovsk Airport,Nizhnevartovsk,RU
Bakharevka Airport,Perm,RU
Bolshoye Savino Airport,Perm,RU
Berezniki Airport,Solikamsk,RU
Kogalym International Airport,Kogalym,RU
Nefteyugansk Airport,Nefteyugansk,RU
Noyabrsk Airport,Noyabrsk,RU
Surgut Airport,Surgut,RU
Uktus Airport,Yekaterinburg,RU
Koltsovo Airport,Yekaterinburg,RU
Plekhanovo Airport,Tyumen,RU
Tobolsk Airport,Tobolsk,RU
Roshchino International Airport,Tyumen,RU
Kurtamysh Airport,Kurtamysh,RU
Kurgan Airport,Kurgan,RU
Swains Creek Airport,Alton,US
Musselman Airstrip,Paradise,US
Hite Airport,Hanksville,US
Cedar Valley Airport,Eagle Mountain,US
Flying Cal Ute Rancheros Airport,Paragonah,US
Strawberry Valley Estates Airport,Alton,US
Monument Valley Airport,Monument Valley,US
Ccr Field,Bluebell,US
Sun Valley Estates Airport,Lund,US
Holyoak Airport,Mendon,US
Deer Springs Ranch Airport,Kanab,US
Westwater Airport,Cisco,US
Citabriair Airport,Kanarraville,US
Grassy Meadows/Sky Ranch Landowners Assn Airport,Hurricane,US
Sky Ranch Airport,Moab,US
Crystal Springs Ranch Airport,Leeds,US
Goshute Airport,Ibapah,US
Caveman Ranch Airport,Moab,US
Fry Canyon Field,Fry Canyon,US
Mineral Canyon Strip,Moab,US
Split Mountain Air Airport,Jensen,US
Beryl Junction Airport,Beryl,US
Thunder Ridge Airpark,Fruitland,US
Cold Water Airport,Mendon,US
Cavok Ranch Airport,Wellsville,US
Mackie Ranch Airport,Enterprise,US
Locomotive Springs Airport,Snowville,US
Happy Canyon Airport,Happy Canyon,US
Ashgabat Airport,Ashgabat,TM
Kerki International Airport,Kerki,TM
Turkmenbashi Airport,Krasnovodsk,TM
Mary Airport,Mary,TM
Balkanabat International Airport,Jebel,TM
Dashoguz Airport,Dashoguz,TM
Turkmenabat International Airport,Turkmenabat,TM
Dushanbe Airport,Dushanbe,TJ
Kulob Airport,Kulyab,TJ
Khudzhand Airport,Khudzhand,TJ
Qurghonteppa International Airport,Kurgan-Tyube,TJ
Khorog Airport,Khorog,TJ
Kostroma Sokerkino Airport,Kostroma,RU
Bykovo Airport,Moscow,RU
Grabtsevo Airport,Kaluga,RU
Dyagilevo Air Base,,RU
Ivanovo South Airport,Ivanovo,RU
Staroselye Airport,Rybinsk,RU
Semyazino Airport,Vladimir,RU
Myachkovo Airport,Moscow,RU
Zmeyevo Airport,Tver,RU
Bryansk Airport,Bryansk,RU
Smolensk South Airport,Smolensk,RU
Ramenskoye Airport,Zhukovsky,RU
Domodedovo International Airport,Moscow,RU
Tunoshna Airport,,RU
Sheremetyevo International Airport,Moscow,RU
Kimry Airport,Kimry,RU
Migalovo Air Base,Tver,RU
Stupino Airfield,Stupino,RU
Severka Airfield,Voskresensk,RU
Ostafyevo International Airport,Moscow,RU
Tretyakovo Airport,Lukhovitsy,RU
Chkalovskiy Airport,Moscow,RU
Blagoveshchenye Airfield,Sergiev Posad,RU
Belgorod International Airport,Belgorod,RU
Pridacha Airport,Voronezh,RU
Kursk East Airport,Kursk,RU
Lipetsk Airport,Lipetsk,RU
Voronezh International Airport,Voronezh,RU
Oryol Yuzhny Airport,Orel,RU
Stary Oskol Airport,Stary Oskol,RU
Donskoye Airport,Tambov,RU
Tushino Airport,Moscow,RU
Yermolino Airport,Balabanovo,RU
Turlatovo Airport,Ryazan,RU
Klokovo Airfield,Tula,RU
Vnukovo International Airport,Moscow,RU
Ukhta Airport,Ukhta,RU
Inta Airport,Inta,RU
Vuktyl Airport,Vuktyl,RU
Yemva Airport,Emva,RU
Pechora Airport,Pechora,RU
Usinsk Airport,Usinsk,RU
Ust-Kulom Airport,Ust-Kulom,RU
Izhma Airport,Izhma,RU
Vorkuta Airport,Vorkuta,RU
Ust-Tsylma Airport,Ust-Tsylma,RU
Syktyvkar Airport,Syktyvkar,RU
Bolshoye Boldino Airport,Bolshoye Boldino,RU
Nizhny Novgorod International Airport,Nizhny Novgorod,RU
Bugulma Airport,Bugulma,RU
Kazan International Airport,Kazan,RU
Begishevo Airport,Nizhnekamsk,RU
Borisoglebskoye Airport,Kazan,RU
Chistopol Airport,Chistopol,RU
Cheboksary Airport,Cheboksary,RU
Ulyanovsk Baratayevka Airport,Ulyanovsk,RU
Soldatskaya Tashla Airfield,,RU
Ulyanovsk East Airport,Ulyanovsk,RU
Dombarovskiy Air Base,Dombarovskiy,RU
Orenburg Central Airport,Orenburg,RU
Orsk Airport,Orsk,RU
Buzuluk Airport,Buzuluk,RU
Penza Airport,Penza,RU
Saransk Airport,Saransk,RU
Balakovo Airport,Balakovo,RU
Gagarin Airport,Saratov,RU
Krasny Kut Airport,Krasny Kut,RU
Sibay Airport,Sibay,RU
Beloretsk Airport,Beloretsk,RU
Neftekamsk Airport,Neftekamsk,RU
Oktyabrskiy Airport,Kzyl-Yar,RU
Maksimovka Airport,Ufa,RU
Ufa International Airport,Ufa,RU
Buguruslan Severny Airport,Buguruslan,RU
Verkhneye Sancheleyevo Airfield,Tolyatti,RU
Bezymyanka Airfield,Samara,RU
Smyshlyayevka Airport,Samara,RU
Tolyatti Airport,Tolyatti,RU
Kurumoch International Airport,Samara,RU
Buguruslan Glavny Airfield,Buguruslan,RU
Kakaydy Airport,Goran,UZ
Karshi South Airport,Karshi,UZ
Beleuli North Airport,Beleuli,UZ
Kagan South Airport,Kagan,UZ
Pakhtakor Airport,Pakhtakor,UZ
Kungrad Airport,Kungrad,UZ
Andizhan Airport,Andizhan,UZ
Fergana Airport,Fergana,UZ
Kokand Airport,Kokand,UZ
Namangan Airport,Namangan,UZ
Muynak Airport,Muynak,UZ
Nukus Airport,Nukus,UZ
Turtkul Airport,Turtkul,UZ
Urgench Airport,Urgench,UZ
Navoi Airport,Navoi,UZ
Bukhara Airport,Bukhara,UZ
Shakhristabz Airport,Shakhristabz,UZ
Karshi Airport,Karshi,UZ
Karshi Khanabad Airport,Khanabad,UZ
Tandy Bulak Airport,Tandy Bulak,UZ
Sugraly Airport,Zarafshan,UZ
Sariasiya Airport,Sariasiya,UZ
Samarkand Airport,Samarkand,UZ
Termez Airport,Termez,UZ
Uchkuduk Airport,Uchkuduk,UZ
Chirchik Airport,Chirchik,UZ
Tashkent East Airport,Tashkent,UZ
Tashkent International Airport,Tashkent,UZ
Zomin Airport,Lyaylyakul,UZ
Pace Airport,Ridgeway,US
Barrows Airport,Fincastle,US
Deer Run Airport,Floyd,US
Burkes Garden Airport,Tazewell,US
Longbranch Airport,Kilmarnock,US
Catawba Valley Airport,Blacksburg,US
White Oak Stand Airport,Chilhowie,US
Gravely Airport,Martinsville,US
Breezy Knoll Airport,Rustburg,US
Mulberry Run Airport,Strasburg,US
Snow Hill Airport,Charlottesville,US
Chanda Airport,,IN
Birlagram Airport,,IN
Muirpur Airport,,IN
Bhilai Airport,,IN
Sidhi Airport,,IN
Chorhata Airport,,IN
Ondwa Airport,,IN
Dhana Airport,,IN
Raedhanpur Airport,,IN
Amla Airport,,IN
Karad Airport,,IN
Nimach Airport,,IN
Burhar Airport,,IN
Diu Airport,Diu,IN
Painter Field,Painter,US
Sanford Field,Coles Point,US
Skovhus Airport,Concord,US
Twin Towers Airport,Chase City,US
Moorefield's Airstrip,Critz,US
Layne Farm Airstrip,Cullen,US
Phalodi Airport,,IN
Meerut Sw Airport,,IN
Gondia Airport,,IN
Ratlam Airport,,IN
Berryvale Airport,Culpeper,US
Sirohi Airport,,IN
High Hopes Airport,Withams,US
Dogwood Airpark,Fredericksburg,US
Timber Ridge Airpark,Gore,US
Jalgaon Airport,,IN
Lynnhaven Field,Mcgaheysville,US
Woods Farm Airstrip,Hanover,US
Banswara Airport,,IN
Frank Field,Harrisonburg,US
Dhulia Airport,,IN
Powhatan Airport,King George,US
River Bend Airport,Maurertown,US
South Fork Field,Marion,US
Lovettsville Vintage Aerodrome,Lovettsville,US
The Grass Patch Airport,Lovettsville,US
Weavers Landing Airport,Bridgewater,US
Rock Airport,Fairfield,US
Lakeview Aerodrome,Moneta,US
Mazza Airport,Matoaca,US
Abu Road Airport,,IN
Hickory Tree Farm Airport,Middleburg,US
Cub Field,Mineral,US
Fincastle Airport,Fincastle,US
New Castle International Airport,New Castle,US
Doves Nest Field,Tappahannock,US
Peace And Plenty Farm Airport,Onancock,US
Ayers Airport,Columbia Furnace,US
Faber Airport,Lovingston,US
Reedville Airport,Reedville,US
Federhart-Ophelia Airport,Reedville,US
Sardar Vallabhbhai Patel International Airport,Ahmedabad,IN
Akola Airport,,IN
Aurangabad Airport,Aurangabad,IN
Chhatrapati Shivaji International Airport,Mumbai,IN
Bilaspur Airport,,IN
Bhuj Airport,Bhuj,IN
Belgaum Airport,,IN
Vadodara Airport,Vadodara,IN
Bhopal Airport,Bhopal,IN
Bhavnagar Airport,Bhavnagar,IN
Daman Airport,,IN
Deesa Airport,,IN
Guna Airport,,IN
Hubli Airport,Hubli,IN
Rajkot International Airport,Rajkot,IN
Devi Ahilyabai Holkar Airport,Indore,IN
Jabalpur Airport,,IN
Juhu Aerodrome,Mumbai,IN
Jamnagar Airport,Jamnagar,IN
Kandla Airport,Kandla,IN
Khajuraho Airport,Khajuraho,IN
Kolhapur Airport,,IN
Keshod Airport,,IN
Murod Kond Airport,Latur,IN
Nanded Airport,Nanded,IN
Navi Mumbai International Airport,Navi Mumbai,IN
Dr. Babasaheb Ambedkar International Airport,Naqpur,IN
Gandhinagar Airport,Nashik,IN
Ozar Airport,Nasik,IN
Pune Airport,Pune,IN
Porbandar Airport,Porbandar,IN
Ratnagiri Airport,,IN
Raipur Airport,Raipur,IN
Solapur Airport,Solapur,IN
Surat Airport,,IN
Maharana Pratap Airport,Udaipur,IN
Bandaranaike International Apt Colombo Airport,Colombo,LK
Anuradhapura Airport,Anuradhapura,LK
Batticaloa Airport,Batticaloa,LK
Colombo Int Arpt Ratmalana Airport,Colombo,LK
Amparai Airport,Amparai,LK
Minneriya Airport,Hingurakgoda,LK
Jaffna International Airport,Jaffna,LK
Koggala Airport,Galle,LK
Katukurunda Airport,Kalutara,LK
Sigiriya Airport,Sigiriya,LK
China-Bay Airport,Trincomalee,LK
Vavuniya Airport,Vavuniya,LK
Wirawila Airport,Weerawila,LK
Mattala Rajapaksa International Airport,Hambantota,LK
Battambang Airport,Battambang,KH
Kompong Cham Airport,Kompong Cham,KH
Kampong Chhnang Airport,,KH
Kaoh Kong Airport,Kaoh Kong,KH
Mondulkiri Airport,Sen Monorom,KH
Ratanakiri Airport,Ratanakiri,KH
Siem Reap Angkor International Airport,Siem Reap,KH
Angkor International Airport,Siem Reap,KH
Stung Treng Airport,Stung Treng,KH
Sihanoukville International Airport,Sihanukville,KH
Techo International Airport,Krong Ta Khmau,KH
Burnpur Airport,,IN
Sookerating Airport,,IN
Nuagaon Airport,,IN
Giridih Airport,,IN
Hashimara Air Force Station,Jalpaiguri,IN
Daltonganj Airport,,IN
Cuttack Airport,,IN
Machuka Advanced Landing Ground,,IN
Vijaynagar Advanced Landing Ground,,IN
Thuniabhand Airport,,IN
Azamgarh Airport,Azamgarh,IN
Savitri Jindal Airport,Angul,IN
Along Airport,,IN
Maa Mahamaya Airport,Ambikapur,IN
Agartala Airport,Agartala,IN
Maharishi Valmiki International Airport,Ayodhya,IN
Behala Airport,Behala,IN
Bagdogra Airport,Siliguri,IN
Balurghat Airport,Balurghat,IN
Shillong Airport,Shillong,IN
Bokaro Airport,,IN
Lal Bahadur Shastri Airport,Varanasi,IN
Biju Patnaik Airport,Bhubaneswar,IN
Chabua Air Force Station,Dibrugarh,IN
Netaji Subhash Chandra Bose International Airport,Kolkata,IN
Chakulia Airport,,IN
Cooch Behar Airport,,IN
Chitrakoot Airport,Chitrakoot,IN
Dhanbad Airport,,IN
Darbhanga Airport,,IN
Deoghar Airport,Deoghar,IN
Kalaikunda Air Force Station,,IN
Daporijo Airport,Daporijo,IN
Gorakhpur Airport,Gorakhpur,IN
Lokpriya Gopinath Bordoloi International Airport,Guwahati,IN
Gaya Airport,,IN
Hirakud Airport,Sambalpur,IN
Donyi Polo Airport,Itanagar,IN
Imphal Airport,Imphal,IN
Jharsuguda Airport,Veer Surendra Sai,IN
Jeypore Airport,Jeypore,IN
Jamshedpur Airport,,IN
Jorhat Airport,Jorhat,IN
Kushinagar Airport,,IN
Kamalpur Airport,,IN
Kailashahar Airport,,IN
Silchar Airport,Silchar,IN
Khowai Airport,Khowai,IN
Lengpui Airport,Aizawl,IN
North Lakhimpur Airport,Lilabari,IN
Malda Airport,Malda,IN
Dibrugarh Airport,Dibrugarh,IN
Dimapur Airport,Dimapur,IN
Muzaffarpur Airport,,IN
Nawapara Airport,Nawapara,IN
Pasighat Airport,Pasighat,IN
Panagarh Air Force Station,,IN
Barrackpore Air Force Station,Barrackpore,IN
Lok Nayak Jayaprakash Airport,Patna,IN
Purnea Airport,,IN
Pakyong Airport,Pakyong,IN
Birsa Munda Airport,Ranchi,IN
Rourkela Airport,,IN
Raxaul Airport,,IN
Rupsi India Airport,,IN
Tezu Airport,Tezu,IN
Tezpur Airport,,IN
Utkela Airport,,IN
Zero Airport,,IN
Payne Airport,Kents Store,US
Fulcher Family Farms Airport,Amherst,US
Rular Airport,Remington,US
Starbase Airport,Cape Charles,US
Simpsonville Airport,Rhoadesville,US
Landis Airport,Patrick Springs,US
Sky Bryce Airport,Basye,US
Sawyer Airport,New Church,US
Onley Airport,Onley,US
Rockfish Airport,Nellysford,US
Mayers Airport,Ashland,US
Robinson Airport,Bedford,US
Branham Mill Airpark,Warsaw,US
Scott Farm Strip,Cape Charles,US
Nester Funny Farm Airport,Laurel Fork,US
Merifield Airport,Clarksville,US
Greenway Airfield,Whaleyville,US
Earth Airport,Cape Charles,US
Woody Field,Rocky Mount,US
Henshaw Airport,Hopewell,US
Frontier Airport,Dillwyn,US
Woodridge Field,Lovingston,US
Venning's Landing Airport,Rocky Mount,US
Bear River Field,Mcgaheysville,US
Burner Airport,Woodstock,US
Midway Airport,Bloxom,US
Maples Field,Catlett,US
Abbott Airport,Rocky Mount,US
Lee Field,West Point,US
Bigler Airfield,Franktown,US
Stuart Red House Field,Appomattox,US
Barisal Airport,Barisal,BD
Cox's Bazar Airport,Cox's Bazar,BD
Shah Amanat International Airport,Chittagong,BD
Dhaka / Hazrat Shahjalal International Airport,Dhaka,BD
Ishurdi Airport,Ishurdi,BD
Jessore Airport,Jashahor,BD
Lalmonirhat Airport,Lalmonirhat,BD
Shah Mokhdum Airport,Rajshahi,BD
Saidpur Airport,Saidpur,BD
Shamshernagar Airport,Shamshernagar,BD
Osmany International Airport,Sylhet,BD
Tejgaon Airport,Dhaka,BD
Chek Lap Kok International Airport,Hong Kong,HK
Shek Kong Air Base,Hong Kong,HK
Bhilwara Airport,,IN
Karnal Airport,,IN
Suratgarh New Airport,,IN
Thoise Airport,,IN
Kargil Airport,,IN
Fukche Advanced Landing Ground,,IN
Jhunjhunu Airport,,IN
Pilani New Airport,,IN
Kalka Airport,,IN
Nagaur Airport,,IN
Kalyanpur Airport,,IN
Band Tal Airport,,IN
Bharkot Airport,,IN
Jallowal Airport,,IN
Akbarpur Airport,,IN
Agra Airport,,IN
Dhanipur Airstrip,Aligarth,IN
Allahabad Airport,Allahabad,IN
Ambala Air Force Station,,IN
Sri Guru Ram Dass Jee International Airport Amritsar,Amritsar,IN
Awantipur Air Force Station,,IN
Adampur Air Force Station,,IN
Nal Airport,Bikaner,IN
Bakshi Ka Talab Air Force Station,Lucknow,IN
Kullu Manali Airport,,IN
Bhatinda Air Force Station,,IN
Bhiwani Airport,,IN
Bareilly Air Force Station,,IN
Chandigarh Airport,Chandigarh,IN
Kanpur Chakeri Airport,Kanpur,IN
Safdarjung Airport,,IN
Pithorgarh Airport,,IN
Dehradun Airport,Dehradun,IN
Indira Gandhi International Airport,New Delhi,IN
Hindon Airport,Ghaziabad,IN
Kangra Airport,,IN
Gwalior Airport,Gwalior,IN
Hissar Airport,,IN
Halwara International Airport,Ludhiana,IN
Jhansi Airport,,IN
Jodhpur Airport,Jodhpur,IN
Jaipur International Airport,Jaipur,IN
Jaisalmer Airport,,IN
Jammu Airport,Jammu,IN
Old Kanpur Airport,Kanpur,IN
"Kishangarh Airport, Ajmer",Kishangarh,IN
Kota Airport,,IN
Ludhiana Airport,Ludhiana,IN
Leh Kushok Bakula Rimpochee Airport,Leh,IN
Chaudhary Charan Singh International Airport,Lucknow,IN
Lalitpur Airport,Lalitpur,IN
Noida International Airport,Jewar,IN
Pathankot Air Force Station,,IN
Patiala Airport,,IN
Pantnagar Airport,Pantnagar,IN
Fursatganj Airport,,IN
Sirsa Air Force Station,,IN
Shimla Airport,,IN
Sarsawa Air Force Station,,IN
Sheikh ul Alam Airport,Srinagar,IN
Satna Airport,,IN
Shravasti Airport,Shravasti,IN
Uttarlai Airport,,IN
Udhampur Air Force Station,,IN
Attopeu Airport,Attopeu,LA
Boun Neau Airport,Boun Neau,LA
Ban Huoeisay Airport,,LA
Luang Phabang International Airport,Luang Phabang,LA
Luang Namtha Airport,Luang Namtha,LA
Nong Khang Airport,Nong Khang,LA
Oudomsay Airport,Oudomsay,LA
Pakse International Airport,Pakse,LA
Phonesavanh Airport,,LA
Sayaboury Airport,Sayaboury,LA
Savannakhet Airport,,LA
Saravane Airport,Saravane,LA
Thakhek Airport,Thakhek,LA
Wattay International Airport,Vientiane,LA
Xieng Khouang Airport,Xieng Khouang,LA
Macau International Airport,Taipa,MO
Bajhang Airport,Bajhang,NP
Bhojpur Airport,Bhojpur,NP
Baglung Airport,Baglung,NP
Bharatpur Airport,Bharatpur,NP
Bajura Airport,Bajura,NP
Baitadi Airport,Baitadi,NP
Bhairahawa Airport,Bhairawa,NP
Bhadrapur Airport,Bhadrapur,NP
Tulsipur Airport,Dang,NP
Dhangarhi Airport,Dhangarhi,NP
Darchula Airport,Darchula,NP
Dolpa Airport,Dolpa,NP
Dhorpatan Airport,Dhorpatan,NP
Silgadi Doti Airport,Silgadi Doti,NP
Gorkha Airport,Gorkha,NP
Jiri Airport,Jiri,NP
Jumla Airport,Jumla,NP
Janakpur Airport,Janakpur,NP
Jomsom Airport,Jomsom,NP
Kangel Danda Airport,,NP
Tribhuvan International Airport,Kathmandu,NP
Lamidanda Airport,Lamidanda,NP
Lukla Airport,Lukla,NP
Langtang Airport,Langtang,NP
Manang Airport,Ngawal,NP
Meghauli Airport,Meghauli,NP
Mahendranagar Airport,Mahendranagar,NP
Nepalgunj Airport,Nepalgunj,NP
Pokhara Airport,Pokhara,NP
Phaplu Airport,Phaplu,NP
Rajbiraj Airport,Rajbiraj,NP
Ramechhap Airport,Ramechhap,NP
Gulmi Resunga Airport,Resunga,NP
Rukumkot Airport,Rukumkot,NP
Rolpa Airport,Rolpa,NP
Rumjatar Airport,Rumjatar,NP
Simara Airport,Simara,NP
Surkhet Airport,Surkhet,NP
Sanfebagar Airport,Sanfebagar,NP
Simikot Airport,Simikot,NP
Thamkharka Airport,Khotang Bazar,NP
Suketar Airport,Taplejung,NP
Tikapur Airport,Tikapur,NP
Tumling Tar Airport,Tumling Tar,NP
Biratnagar Airport,Biratnagar,NP
Kovilpatti Airport,,IN
Harihar Airport,,IN
Campbell Bay Airport,,IN
Hosur Airport,,IN
Arkonam Airport,,IN
Agatti Airport,,IN
HAL Airport,Bangalore,IN
Bellary Airport,Bellary,IN
Bengaluru International Airport,Bangalore,IN
Bidar Air Force Station,,IN
Vijayawada Airport,,IN
Coimbatore International Airport,Coimbatore,IN
Willingdon Island Air Base,Kochi,IN
Cochin International Airport,Cochin,IN
Calicut International Airport,Calicut,IN
Cuddapah Airport,,IN
Car Nicobar Air Force Station,,IN
Dundigul Air Force Academy,Hyderabad,IN
Dunakonda Airport,Dunakonda,IN
Manohar International Airport,Mopa,IN
Kalaburagi,Gulbarga,IN
Dabolim Airport,Dabolim,IN
Hakimpet Airport,,IN
Rajiv Gandhi International Airport Shamshabad,Hyderabad,IN
Begumpet Airport,Hyderabad,IN
Vijayanagar Aerodrome (JSW),,IN
Kannur International Airport,Mattannur,IN
Koppal Aerodrome,Koppal,IN
Kurnool Airport,Kurnool,IN
Madurai Airport,Madurai,IN
Mangalore International Airport,Mangalore,IN
Chennai International Airport,Chennai,IN
Mysore Airport,Mysore,IN
Nagarjuna Sagar Airport,,IN
Vir Savarkar International Airport,Port Blair,IN
Pondicherry Airport,,IN
Ramnad Naval Air Station,Ramnad,IN
Rajahmundry Airport,Rajahmundry,IN
Shivamogga Airport,Shimoga,IN
Salem Airport,,IN
Coimbatore Air Force Station,Sulur,IN
Tanjore Air Force Base,Thanjavur,IN
Tuticorin Southwest Airport,,IN
Tirupati Airport,Tirupati,IN
Tiruchirapally Civil Airport Airport,Tiruchirappally,IN
Trivandrum International Airport,Trivandrum,IN
Tambaram Air Force Station,Chennai,IN
Vellore Airport,Vellore,IN
Vishakhapatnam Airport,Visakhapatnam,IN
Warangal Airport,Warrangal,IN
Yelahanka Air Force Station,Yelahanka,IN
Yongphulla Airport,,BT
Bathbalathang Domestic Airport,Jakar,BT
Gelephu Airport,Gelephu,BT
Paro Airport,Paro,BT
Hoarafushi Airport,Hoarafushi,MV
Kulhudhuffushi Airport,Kulhudhuffushi,MV
Funadhoo Airport,Funadhoo,MV
Maafaru International Airport,Maafaru,MV
Ifuru Airport,Ifuru,MV
Madivaru Airport,Madivaru,MV
Dharavandhoo Airport,Dharavandhoo,MV
Fuvahmulah Airport,Fuvahmulah Island,MV
Gan International Airport,Gan,MV
Hanimaadhoo International Airport,Haa Dhaalu,MV
Kadhdhoo Airport,Kadhdhoo,MV
Velana International Airport,Malé,MV
Kooddoo Airport,Kooddoo,MV
Fuvahmulah Airport,Fuvahmulah,MV
Kaadedhdhoo Airport,Huvadhu Atoll,MV
Kudahuvadhoo Dhaalu Airport,Dhaalu Atoll,MV
Villa International Airport,Maamigili,MV
Thimarafushi Airport,Thimarafushi,MV
Faresmaathodaa Airport,Faresmaathodaa,MV
Maavaarulaa Airport,Gadhdhoo,MV
Maules Roost Airport,Lincoln,US
Santa's Airport,Putney,US
Spencer Airport,Addison,US
Manning Personal Airstrip,Bridport,US
Ass-Pirin Acres Airport,Addison,US
E A Deeds Farm Airport,Charlotte,US
Holloway Airport,Chester,US
Savage Island Airport,Grand Isle,US
Smith Airport,Ludlow,US
Shelburne Farms Airport,Shelburne,US
Bostwick Farm Airport,Shelburne,US
Sky Acres Airport,South Burlington,US
Ketcham Lndg Area Airport,Waitsfield,US
Carriers Skypark Airport,Washington,US
Major W Guth Airport,Westminster,US
Greenwoods Airfield,Alburg,US
Two Tails Airport,Morrisville,US
Onyon Airport,Townshend,US
Perras Field,Morrisville,US
Davis Airport,Jericho,US
Northern Lights Airport,Alburg,US
Miller Farm Airfield,Vernon,US
Shaw Meadow Airport,Milton,US
Bailey Airport,Panton,US
Brandon Airport,Randolph,US
West Burke Aerodrome,West Burke,US
Ardell Flying Field,Manchester,US
Hulett Landing Strip,West Pawlett,US
Catamount Airfield,Cabot,US
Villeneuve Field,Jericho,US
Melrose Springs Airfield,Bridport,US
Little Goose Farm Airport,Lincoln,US
Don Mueang International Airport,Bangkok,TH
Khao E To Airport,,TH
Kamphaeng Saen Airport,Nakhon Pathom,TH
Khok Kathiam Airport,,TH
Prachuap Khiri Khan Airport,Prachuap Khiri Khan,TH
Trat Airport,,TH
Prachuap Airport,,TH
Suvarnabhumi Airport,Bangkok,TH
Bang Pra Airport,Bang Pra,TH
U-Tapao International Airport,Rayong,TH
Watthana Nakhon Airport,,TH
Phayao Ban Chiang Kham Airport,Phayao Ban Chiang Kham,TH
Chiang Mai International Airport,Chiang Mai,TH
Mae Hong Son Airport,,TH
Mae Hong Son Airport,Mae Hong Son,TH
Lampang Airport,,TH
Nan Airport,,TH
Lamphun Airport,,TH
Phrae Airport,,TH
Chiang Rai Airport,,TH
Mae Sariang Airport,Mae Sariang,TH
Chiang Rai International Airport,Chiang Rai,TH
Udorn Air Base,Ban Mak Khaen,TH
Phetchabun Airport,,TH
Hua Hin Airport,Hua Hin,TH
Takhli Airport,,TH
Sak Long Airport,,TH
Mae Sot Airport,,TH
Nakhon Sawan Airport,,TH
Sukhothai Airport,,TH
Phitsanulok Airport,,TH
Photharam Airport,Photharam,TH
Tak Airport,,TH
Uttaradit Airport,Uttaradit,TH
Khunan Phumipol Airport,,TH
Khoun Khan Airport,,TH
Surat Thani Airport,Surat Thani,TH
Narathiwat Airport,,TH
Chumphon Airport,,TH
Nakhon Si Thammarat Airport,Nakhon Si Thammarat,TH
Krabi Airport,Krabi,TH
Songkhla Airport,,TH
Pattani Airport,,TH
Samui Airport,Na Thon (Ko Samui Island),TH
Cha Ian Airport,,TH
Phuket International Airport,Phuket,TH
Ranong Airport,,TH
Hat Yai International Airport,Hat Yai,TH
Trang Airport,,TH
Udon Thani Airport,Udon Thani,TH
Sakon Nakhon Airport,,TH
Surin Airport,,TH
Khon Kaen Airport,Khon Kaen,TH
Loei Airport,,TH
Khorat Airport,,TH
Buri Ram Airport,,TH
Nakhon Ratchasima Airport,,TH
Rob Muang Airport,,TH
Ubon Ratchathani Airport,Ubon Ratchathani,TH
Roi Et Airport,,TH
Nakhon Phanom Airport,,TH
Nam Phung Dam Airport,Khon Kaen,TH
Buon Ma Thuot Airport,Buon Ma Thuot,VN
Chu Lai International Airport,Dung Quat Bay,VN
Cat Bi International Airport,Haiphong,VN
Cam Ly Airport,,VN
Ca Mau Airport,Ca Mau City,VN
Cam Ranh Airport,Nha Trang,VN
Co Ong Airport,Con Ong,VN
Tra Noc Airport,Can Tho,VN
Dien Bien Phu Airport,Dien Bien Phu,VN
Dong Hoi Airport,Dong Hoi,VN
Lien Khuong Airport,Dalat,VN
Da Nang International Airport,Da Nang,VN
Gia Lam Air Base,Hanoi,VN
Kep Air Base,Kep,VN
Noi Bai International Airport,Hanoi,VN
Na-San Airport,Son-La,VN
Nha Trang Air Base,Nha Trang,VN
Phu Bai Airport,Hue,VN
Phu Cat Airport,Quy Nohn,VN
Pleiku Airport,Pleiku,VN
Phu Quoc Airport,Duong Dong,VN
Phan Rang Airport,Phan Rang,VN
Phan Thiet Airport,Phan Thiet,VN
Rach Gia Airport,Rach Gia,VN
Dong Tac Airport,Tuy Hoa,VN
Tan Son Nhat International Airport,Ho Chi Minh City,VN
Thọ Xuân Airport,Thanh Hóa,VN
Van Don International Airport,Vân Đồn,VN
Vinh Airport,Vinh,VN
Vung Tau Airport,Vung Tau,VN
New Magway Airport,Magway,MM
Toungkomei Airport,Taungkamet,MM
Ann Airport,Aeng,MM
Anisakan Airport,Anisakan,MM
Bagan Airport,Nyaung U,MM
Banmaw Airport,Banmaw,MM
Bokpyinn Airport,Bokpyinn,MM
Coco Island Airport,Coco Island,MM
Chanmyathazi Airport,Mandalay,MM
Dawei Airport,Dawei,MM
Naypyidaw Airport,Pyinmana,MM
Gangaw Airport,Gangaw,MM
Gwa Airport,Gwa,MM
Hmawbi Air Base,Hmawbi,MM
Heho Airport,Heho,MM
Hommalinn Airport,Hommalinn,MM
Tilin Airport,Tilin,MM
Kengtung Airport,Kengtung,MM
Kanti Airport,Kanti,MM
Kalay Airport,Kalemyo,MM
Kyaukpyu Airport,Kyaukpyu,MM
Kawthoung Airport,Kawthoung,MM
Kyauktu Airport,Kyauktu,MM
Loikaw Airport,Loikaw,MM
Lonekin Airport,Lonekin,MM
Lashio Airport,Lashio,MM
Lanywa Airport,Lanywa,MM
Mandalay International Airport,Mandalay,MM
Myeik Airport,Mkeik,MM
Mong Hpayak Airport,Mong Hpayak,MM
Mongyai Airport,Mongyai,MM
Myitkyina Airport,Myitkyina,MM
Meiktila Air Base,Meiktila,MM
Mawlamyine Airport,Mawlamyine,MM
Manaung Airport,Manaung,MM
Momeik Airport,,MM
Mongpyin Airport,Mongpyin,MM
Mong Hsat Airport,Mong Hsat,MM
Mong Tong Airport,Mong Tong,MM
Myauk U Airport,Myauk U,MM
Magway Airport,Magway,MM
Monywar Airport,Monywar,MM
Naungmom Airport,Naungmom,MM
Nampong Air Base,Myitkyina,MM
Namsang Airport,Namsang,MM
Hpa-N Airport,Hpa-N,MM
Phonngbyin Airport,Phonngbyin,MM
Paletwa Airport,Paletwa,MM
Pearl Island Airport,Pearl Island,MM
Pauk Airport,Pauk,MM
Pinlebu Airport,Pinlebu,MM
Pathein Airport,Pathein,MM
Hpapun Airport,Pa Pun,MM
Putao Airport,Putao,MM
Pakhokku Airport,Pakhokku,MM
Palaw Airport,Palaw,MM
Pyay Airport,Pye,MM
Saw Airport,Saw,MM
Salingyi Airport,Salingyi,MM
Sedoktayar Airport,Sedoktayar,MM
Shante Air Base,Meiktila,MM
Sittwe Airport,Sittwe,MM
Thandwe Airport,Thandwe,MM
Tachileik Airport,Tachileik,MM
Tanai Airport,Tanai,MM
Taungoo Airport,Taungoo,MM
Tanyang Airport,Tanyang,MM
Kyaukhtu South Airport,Kyaukhtu South,MM
Ye Airport,Ye,MM
Yangon International Airport,Yangon,MM
Mercer Ranch Airport,Alderdale,US
Wirkkala Airport,Naselle,US
Kyles Airport,Snohomish,US
Cross Winds Airport,Clayton,US
Zwainz Farms Airport,Reardan,US
Roche Harbor Airport,Roche Harbor,US
Page Airport,Walla Walla,US
Acme Field,Acme,US
Connell City Airport,Connell,US
Banas Field,Brooklyn,US
Decatur /Jones/ Airport,Decatur Island,US
Aru Airport,Fekfetal / Jerdera-Trangan Island,ID
Sunshine Acres Airport,Colbert,US
Mirth Airport,Hansville,US
Pine Bluff Airport,Springdale,US
Pfister's Airport,Pasco,US
Green Valley Airfield,Granite Falls,US
La Center View-Air Airport,La Center,US
Lacrosse Municipal Airport,Lacrosse,US
Clam Harbor Airport,Eastsound,US
Crow Valley Airport,Eastsound,US
Stacey's Airport,Port Townsend,US
Maranggo Airport,Waha-Tomea Island,ID
Olympic Field,Discovery Bay/Maynard,US
Daybreak Airport,La Center,US
Flying R Ranch Airport,Cheney,US
Deer Flat Airport,Deer Park,US
Bluecreek Airport,Addy,US
Rake's Glen Airport,Sequim,US
Thompson Airport,Kingston,US
Paradise Air Ranch Airport,Spangle,US
Pleasant Farm Airport,Washougal,US
Spring Creek Ranch Airport,White Salmon,US
Green Mountain Airport,Vancouver,US
Sky Valley Airstrip,Port Townsend,US
Zema Private Airport,Colville,US
Smith Airport,Colville,US
Quincy Flying Service Airport,Quincy,US
Dogs Run Free Airport,Selah,US
Enumclaw Airport,Enumclaw,US
Sky River Ranch Airport,Washougal,US
Walter Suttons Strip,Amboy,US
Mc Clellan Field,Amboy,US
Evergreen North-South Airpark,Vancouver,US
Auburn Academy Airport,Auburn,US
Parkside Airpark,Battle Ground,US
Horse Fly Airport,Ferndale,US
Floathaven Airstrip,Bellingham,US
Eliza Island Airport,Bellingham,US
Leisureland Airpark,Bremerton,US
Talus Ranch Airport,Odessa,US
Kobok Airport,Modjid-Celebes Island,ID
Hasanuddin International Airport,Ujung Pandang-Celebes Island,ID
Malimpung Airport,Malimpung-Celebes Island,ID
Ponggaluku Airport,Wawooru-Celebes Island,ID
Kolaka Airport,Kolaka-Celebes Island,ID
Makale Airport,Makale-Celebes Island,ID
Frans Kaisiepo Airport,Biak-Supiori Island,ID
Moanamani Airport,Moanamani-Papua Island,ID
Kornasoren Airfield,Kornasoren-Numfoor Island,ID
Wagethe Airport,Wagethe-Papua Island,ID
Nabire Airport,Nabire-Papua Island,ID
Illaga Airport,Illaga-Papua Island,ID
Kokonau Airport,Kokonau-Papua Island,ID
Serui Airport,Serui-Japen Island,ID
Moses Kilangin Airport,Timika-Papua Island,ID
Enarotali Airport,Enarotali-Papua Island,ID
Biak Manuhua Airport,Biak-Supiori Island,ID
Waren Airport,Celebes Island,ID
Muhammad Salahuddin Airport,Bima-Sumbawa Island,ID
Ngurah Rai (Bali) International Airport,Denpasar-Bali Island,ID
Bandara International Lombok Airport,Mataram,ID
Sumbawa Besar Airport,Sumbawa Island,ID
Tambolaka Airport,Waikabubak-Sumba Island,ID
Waingapu Airport,Waingapu-Sumba Island,ID
Kuala Kurun,Kuala Kurun,ID
Yogyakarta International Airport,"Yogyakarta, Java Island",ID
Arso Airport,Arso-Papua Island,ID
Bokondini Airport,Bokondini-Papua Island,ID
Wakde Airport,Masi Masi Island,ID
Sarmi Airport,Sarmi-Papua Island,ID
Sentani International Airport,Jayapura-Papua Island,ID
Lereh Airport,Lereh-Papua Island,ID
Mulia Airport,Mulia-Papua Island,ID
Oksibil Airport,Oksibil-Papua Island,ID
Waris Airport,Waris-Papua Island,ID
Senggeh Airport,Senggeh-Papua Island,ID
Ubrub Airport,Ubrub-Papua Island,ID
Wamena Airport,Wamena-Papua Island,ID
Mindiptana Airport,Mindiptana-Papua Island,ID
Bade Airport,Bade-Papua Island,ID
Agats Airport,Agats-Papua Island,ID
Mopah Airport,Merauke-Papua Island,ID
Okaba Airport,Okaba-Papua Island,ID
Kepi Airport,Kepi-Papua Island,ID
Tanah Merah Airport,Tanah Merah-Papua Island,ID
Melak Airport,"Melak, Borneo Island",ID
Tanjung Harapan Airport,"Tanjung Selor, Borneo Island",ID
Datadawai Airport,"Datadawai, Borneo Island",ID
Barau(Kalimaru) Airport,"Tanjung Redep, Borneo Island",ID
Sepinggan International Airport,"Balikpapan, Borneo Island",ID
Muara Badak Pujangan Airport,"Muara Badak, Borneo Island",ID
Juwata Airport,Tarakan Island,ID
Aji Pangeran Tumenggung Pranoto International Airport,"Samarinda, Borneo Island",ID
Tanjung Santan Airport,"Santan, Borneo Island",ID
Mangkajang Airport,"Mangkajang, Borneo Island",ID
Gamarmalamo Airport,Galela-Celebes Island,ID
Kotamubagu Airport,Kotamubagu-Celebes Island,ID
Tentena Airport,Tentena-Celebes Island,ID
Jailolo/Kuripasai Airport,Kuripasai-Celebes Island,ID
Jalaluddin Airport,Gorontalo-Celebes Island,ID
Naha Airport,Tahuna-Sangihe Island,ID
Toli Toli Airport,Toli Toli-Celebes Island,ID
Gebe Airport,Gebe Island,ID
Kao Airport,Kao-Celebes Island,ID
Mutiara Airport,Palu-Celebes Island,ID
Sam Ratulangi Airport,Manado-Celebes Island,ID
Melangguane Airport,Karakelong Island,ID
Kasiguncu Airport,Poso-Celebes Island,ID
Pitu Airport,Gotalalamo-Morotai Island,ID
Sultan Khairun Babullah Airport,Sango-Ternate Island,ID
Wuasa Airport,Wuasa-Celebes Island,ID
Bubung Airport,Luwok-Celebes Island,ID
Buol Airport,Buol-Celebes Island,ID
Batu Licin Airport,"Batu Licin, Borneo Island",ID
Mekar Putih Airport,Mekar Putih-Laut Island,ID
Iskandar Airport,"Pangkalanbun, Borneo Island",ID
Stagen Airport,Laut Island,ID
Kuala Pembuang Airport,Kuala Pembuang,ID
Warukin Airport,"Tanta-Tabalong, Borneo Island",ID
Syamsudin Noor Airport,"Banjarmasin, Borneo Island",ID
Tjilik Riwut Airport,Palangkaraya-Kalimantan Tengah,ID
Sampit(Hasan) Airport,"Sampit, Borneo Island",ID
SANGGU Airport Buntok,Buntok,ID
Amahai Airport,Amahai-Seram Island,ID
Bula Airport,Bula-Seram Island,ID
Banda Airport Kepulauan,Banda Island,ID
Dobo Airport,Dobo-Kobror Island,ID
Mangole Airport Falabisahaya,Mangole Island,ID
Namrole Airport,Namrole-Buru Island,ID
Oesman Sadik Airport Labuha,Labuha-Halmahera Island,ID
Saumlaki Airport,Saumlaki-Yamdena Island,ID
Nangasuri Airport,Maikoor Island,ID
Dumatumbun Airport,Langgur-Seram Island,ID
Emalamo Sanana Airport,Sanana-Seram Island,ID
Larat Kepulauan Larat,Kepulauan Larat,ID
Pattimura Airport Ambon,Ambon,ID
Kisar Airport,Kisar-Kisar Island,ID
Namlea Airport,Namlea-Buru Island,ID
Taliabu Island Airport,Tikong-Taliabu Island,ID
WahaiSeram Island,Seram Island,ID
Maratua Airport,Maratua Island,ID
Abdul Rachman Saleh Airport,"Malang, Java Island",ID
Cepu Airport,"Tjepu, Java Island",ID
Iswahyudi Airport,"Madiun, Java Island",ID
Adi Sutjipto International Airport,"Yogyakarta, Java Island",ID
Adi Sumarmo Wiryokusumo Airport,"Sukarata(Solo), Java Island",ID
Juanda International Airport,Surabaya,ID
Achmad Yani Airport,"Semarang, Java Island",ID
Trunojoyo Airport,Sumenep-Madura Island,ID
Dewadaru - Kemujan Island,,ID
Stenkol Airport,Bintuni-Papua Island,ID
Abresso Airport,Ransiki-Papua Island,ID
Kebar Airport,Kebar-Papua Island,ID
Fakfak Airport,Fakfak-Papua Island,ID
Inanwatan Airport,Inanwatan Airport-Papua Island,ID
Kaimana Airport,Kaimana-Papua Island,ID
Merdei Airport,Merdei-Papua Island,ID
Babo Airport,Babo-Papua Island,ID
Rendani Airport,Manokwari-Papua Island,ID
Sorong (Jefman) Airport,Sorong-Papua Island,ID
Teminabuan Airport,Atinjoe-Papua Island,ID
Wasior Airport,Wasior-Papua Island,ID
Soa Airport,Bajawa,ID
Maumere(Wai Oti) Airport,Maumere-Flores Island,ID
Ende (H Hasan Aroeboesman) Airport,Ende-Flores Island,ID
Satar Tacik Airport,Satar Tacik-Flores Island,ID
Mali Airport,Alor Island,ID
Komodo (Mutiara II) Airport,Labuan Bajo-Flores Island,ID
El Tari Airport,Kupang-Timor Island,ID
Betoambari Airport,Bau Bau-Butung Island,ID
Tampa Padang Airport,Mamuju-Celebes Island,ID
Andi Jemma Airport,Masamba-Celebes Island,ID
Sangia Nibandera Airport,Kolaka,ID
Soroako Airport,Soroako-Celebes Island,ID
Pongtiku Airport,Tanah Toraja-Celebes Island,ID
Wolter Monginsidi Airport,Kendari-Celebes Island,ID
Dominique Edward Osok Airport,Sorong-Papua Island,ID
Anduki Airport,Anduki/Seria,BN
Long Atip Airport,Long Atip,MY
Bintulu Airport,Bintulu,MY
Belaga Airport,Belaga,MY
Long Semado Airport,Long Semado,MY
Long Geng Airport,Long Geng,MY
Long Lellang Airport,Long Datih,MY
Kuching International Airport,Kuching,MY
Long Seridan Airport,Long Seridan,MY
Limbang Airport,Limbang,MY
Mukah Airport,Mukah,MY
Long Akah Airport,Long Akah,MY
Marudi Airport,Marudi,MY
Sematan Airport,Sematan,MY
Lio Matu Airport,Lio Matu,MY
Kapit Airport,Kapit,MY
Bakalalan Airport,Bakalalan,MY
Miri Airport,Miri,MY
Sibu Airport,Sibu,MY
Tanjung Manis Airport,Tanjung Manis,MY
Long Sukang Airport,Long Sukang,MY
Lawas Airport,Lawas,MY
Simanggang Airport,Simanggang,MY
Bario Airport,Bario,MY
Semporna Airport,Semporna,MY
Kota Belud Airport,Kota Belud,MY
Lahad Datu Airport,Lahad Datu,MY
Telupid Airport,Telupid,MY
Keningau Airport,Keningau,MY
Sahabat [Sahabat 16] Airport,Sahabat,MY
Kota Kinabalu International Airport,Kota Kinabalu,MY
Labuan Airport,Labuan,MY
Tomanggong Airport,Tomanggong,MY
Long Pasia Airport,Long Miau,MY
Sepulot Airport,Sepulot,MY
Pamol Airport,Pamol,MY
Ranau Airport,Ranau,MY
Sandakan Airport,Sandakan,MY
Kudat Airport,Kudat,MY
Kuala Penyu Airport,Kuala Penyu,MY
Tawau Airport,Tawau,MY
Mulu Airport,Mulu,MY
Brunei International Airport,Bandar Seri Begawan,BN
Norrie Brook Airport,Eland,US
Horner Farms Airport,Union Grove,US
Stocktrade Airport,Elk Mound,US
Waupun Airport,Waupun,US
Heitman Field,Dousman,US
Cedar Island Airport,Brule,US
Mumm Field,Orfordville,US
Wood Tick Strip,Neshkoro,US
Jennie's Field,Wisconsin Rapids,US
Baldwin Airport,Baldwin,US
Jim Benson Field,Mineral Point,US
Gateway Airport,Bloomer,US
Nusawiru Airport,"Pangandaran, Java Island",ID
Batujajar Airport,"Bandung, Java Island",ID
Rumpin Airport,"Rumpin, Java Island",ID
Gading Wonosari Airport,"Wonosari, Java Island",ID
Simpangtiga Redelong Airport,"Tingkeum, Sumatra Island",ID
Crane Field,Cadott,US
Rocket City Airport,Hortonville,US
Cardinal Ridge Airport,Mt Horeb,US
Durand Municipal Airport,Durand,US
Flying Fox Airport,Williams Bay,US
Skyport Airport,Menomonie,US
Rush River Airport,Baldwin,US
Minnesuing Airport,Lake Nebagamon,US
T-Bo Field,Chippewa Falls,US
Ben Sutherland Airport,Minong,US
Dolhun Field,Lake Tomahawk,US
Rainbow Airport,Ojibwa,US
Spiegel Field,Oregon,US
Pine Grove Airport,Rhinelander,US
Atkins Ridge Airport,Daleyville,US
Fun-Air Airport,Van Dyne,US
Timberline Airport,Scandinavia,US
Blair Airport,Blair,US
Loeber Mcdaniel Field,Merrimac,US
Del Monte Airport,Arlington,US
M & F Landing Airport,Greenleaf,US
Maguire Field,Mosinee,US
Northwood Airstrip,Wonewoc,US
Broken Prop Airport,Berlin,US
C Jeidy Farms Airport,Bloomington,US
Winfield Airport,Bristol,US
Deer Haven Ranch Airport,Cecil,US
Forseth Field,Arena,US
Sss Aerodrome,Cedarburg,US
Dane Airport,Dane,US
Hallick Farm Airport,Black Earth,US
Bennett Field,Ripon,US
Air Troy Estates Airport,East Troy,US
Swan Airport,Elkhorn,US
Valhalla Airport,North Cape,US
Happy Jacks Air Strip,Eureka,US
Buck Knob Airport,Durand,US
Maggies Farm Llc Airport,Fort Atkinson,US
Willow Creek Airport,Germantown,US
Martins Aerodrome,Green Bay,US
Town Line Airport,Greenwood,US
Pisha Farm Airport,Kendall,US
Rigdon Private Airport,Hazel Green,US
Johnstown Center Airport,Janesville,US
Ori Airport,Kansasville,US
Pine River Airport,Merrill,US
Lake Geneva Aire Estates Airport,Lake Geneva,US
Maverick Field,Pembine,US
Larson Airport,Larsen,US
Wag-Aero Airport,Lyons,US
Binzel Airport,Bristol,US
Mathaire Field,Marshall,US
Tru Field,Edgerton,US
Menggala Airport,"Menggala, Sumatra Island",ID
Semplak Airport,,ID
Margahayu Airport,"Bandung, Java Island",ID
Banyumas Airport,"Banyumas, Java Island",ID
Sultan Syarif Kasim Ii (Simpang Tiga) Airport,"Pekanbaru, Sumatra Island",ID
Pinang Kampai Airport,"Dumai, Sumatra Island",ID
Rokot Airport,Sipora Island,ID
Sungai Pakning Bengkalis Airport,"Bengkalis, Sumatra Island",ID
Tanjung Balai Airport,Karinmunbesar Island,ID
Kertajati International Airport,"Bandung, Majalengka Regency",ID
Budiarto Airport,"Tangerang, Java Island",ID
Husein Sastranegara International Airport,"Bandung, Java Island",ID
Penggung Airport,"Cirebon, Java Island",ID
Cibeureum Airport,"Tasikmalaya, Java Island",ID
Radin Inten II (Branti) Airport,"Bandar Lampung, Sumatra Island",ID
Hang Nadim Airport,"Batam, Batam Island",ID
Pasir Pangaraan Airport,"Pasir Pengarayan, Sumatra Island",ID
Kijang Airport,Tanjung Pinang-Bintan Island,ID
Dabo Airport,Pasirkuning-Singkep Island,ID
Minangkabau Airport,"Ketaping/Padang, Sumatra Island",ID
Halim Perdanakusuma International Airport,Jakarta,ID
Tunggul Wulung Airport,"Cilacap, Java Island",ID
Pondok Cabe Air Base,Jakarta,ID
Soekarno-Hatta International Airport,Jakarta,ID
Kalijati Airport,"Kalijati, Java Island",ID
Pelabuhan Ratu Airport,"Pelabuhan Ratu, Java Island",ID
Depati Parbo Airport,Sungai Penuh,ID
Silampari Airport,"Lubuk Linggau, Sumatra Island",ID
Labuhan Bilik Airport,"Labuhan Bilik, Sumatra Island",ID
Binaka Airport,"Gunung Sitoli, Nias Island",ID
Aek Godang Airport,"Padang Sidempuan, Sumatra Island",ID
Sutan Sjahrir Air Force Base,"Padang, Sumatra Island",ID
Helvetia Airport,"Helvetia, Sumatra Island",ID
Soewondo Air Force Base,"Medan, Sumatra Island",ID
Kisaran Airport,"Kisaran, Sumatra Island",ID
Polonia International Airport,"Medan, Sumatra Island",ID
Silangit Airport,"Tingkeum, Sumatra Island",ID
Bandar Udara Lasondre,"Tanah Masa Island, Batu Islands",ID
Parapat Airport,"Parapat, Sumatra Island",ID
Pematang Siantar,"Pematang Siantar, Sumatra Island",ID
Dr Ferdinand Lumban Tobing Airport,"Sibolga, Sumatra Island",ID
Tebing Tinggi Airport,"Tabbing Tinggi, Sumatra Island",ID
Bengkayang Airport,"Bengkayang, Borneo Island",ID
Buluh Tumbang (H A S Hanandjoeddin) Airport,"Tanjung Pandan, Belitung Island",ID
Nanga Pinoh I Airport,"Nanga Pinoh, Borneo Island",ID
Singkawang Airport,"Singkawang, Borneo Island",ID
Ketapang (Rahadi Usman) Airport,"Ketapang, Borneo Island",ID
Tarempa Airport,Matak Island,ID
Ranai Airport,"Ranai, Natuna Besar Island",ID
Supadio Airport,"Pontianak, Borneo Island",ID
Pangsuma Airport,"Putussibau, Borneo Island",ID
Sintang (Susilo) Airport,"Sintang, Borneo Island",ID
Sultan Thaha Airport,"Jambi, Sumatra Island",ID
Silampari,"Lubuk Linggau, Sumatra Island",ID
Banding Agung Airport,"Pasar Banding Agung, Sumatra Island",ID
Kuala Tungkal Airport,"Kuala Tungkal, Sumatra Island",ID
Pangkal Pinang (Depati Amir) Airport,"Pangkal Pinang, Palaubangka Island",ID
Padang Kemiling (Fatmawati Soekarno) Airport,"Bengkulu, Sumatra Island",ID
Gatot Subrato Airport,"Batu Raja, Sumatra Island",ID
Sultan Mahmud Badaruddin Ii Airport,"Palembang, Sumatra Island",ID
Pendopo Airport,"Talang Gudang, Sumatra Island",ID
Japura Airport,"Rengat, Sumatra Island",ID
Muko Muko Airport,"Muko Muko, Sumatra Island",ID
Keluang Airport,"Keluang, Sumatra Island",ID
Bentayan Airport,"Bentayan, Sumatra Island",ID
Teuku Cut Ali Airport,"Tapak Tuan, Sumatra Island",ID
Cut Nyak Dien Airport,"Peureumeue, Sumatra Island",ID
Lasikin Airport,"Lubang, Simeulue Island",ID
Lhok Sukon Airport,"Lhok Sukon, Sumatra Island",ID
Malikus Saleh Airport,"Lhok Seumawe, Sumatra Island",ID
Maimun Saleh Airport,"Sabang, We Island",ID
Seumayam Airport,"Seumayam, Sumatra Island",ID
Sultan Iskandarmuda Airport,"Banda Aceh, Sumatra Island",ID
Bahau Airport,Bahau,MY
Batu Pahat Airport,Batu Pahat,MY
Benta Airport,Benta,MY
Bentong Airport,Bentong,MY
Bidor Airport,Bidor,MY
Dungun Airport,Dungun,MY
Grik Airport,Grik,MY
Jendarata Airport,Jendarata,MY
Kuala Kerai Airport,Kuala Kerai,MY
Sungai Tiang Airport,Taman Negara,MY
Kluang Airport,Kluang,MY
Labis Airport,Labis,MY
Mersing Airport,Mersing,MY
Muar / Bakri Airport,Muar,MY
Segamat Airport,Segamat,MY
Sitiawan Airport,Sitiawan,MY
Sungei Patani Airport,Sungei Patani,MY
Termeloh Airport,Temerloh,MY
Ulu Bernam Airport,Ulu Bernam,MY
Kroh Airport,Kroh,MY
Taiping (Tekah) Airport,Taiping,MY
Pulau Tioman Airport,Pulau Tioman,MY
Gong Kedak Airport,,MY
Sultan Abdul Halim Airport,Alor Satar,MY
Butterworth Airport,Butterworth,MY
Sultan Ismail Petra Airport,Kota Baharu,MY
Kuantan Airport,Kuantan,MY
Kerteh Airport,Kerteh,MY
Simpang Airport,Kuala Lumpur,MY
Sultan Azlan Shah Airport,Ipoh,MY
Senai International Airport,Senai,MY
Kuala Lumpur International Airport,Kuala Lumpur,MY
Langkawi International Airport,Langkawi,MY
Malacca Airport,Malacca,MY
Sultan Mahmud Airport,Kuala Terengganu,MY
Penang International Airport,Penang,MY
Lutong Airport,,MY
Pulau Pangkor Airport,Pangkor Island,MY
LTS Pulau Redang Airport,Redang,MY
Sultan Abdul Aziz Shah International Airport,Subang,MY
Kimshan Ranch Airport,Quilcene,US
Van Der Vaart Airport,Sheboygan,US
Elk Heights Airport,Elk,US
Decatur Shores Airport,Anacortes,US
Kendall Airstrip,Kendall,US
Bucky's Airpark,Plainfield,US
Red Roof Airport,Beecher,US
Vaughan Ranch Airfield,Port Orchard,US
Burnett Landing Airport,Wilkeson,US
Hoverhawk Ranch Airport,Wenatchee,US
Becker's Landing Airport,Anacortes,US
Bell-Aire Airport,Toppenish,US
Lawson Airpark,Port Angeles,US
Bar U View Airport,Washtucna,US
Grand View International Airport,Sequim,US
Schoepflin Airport,Palouse,US
Hird Airport,Livingston,US
Blue Ribbon Airport,Sequim,US
Slinkard Airfield,Mesa,US
Meadowmist Airport,Ferndale,US
Knutson Field,Wyocena,US
Coupeville Airpark,Coupeville,US
Redfern Aerodrome,Sprague,US
Flying H Ranch Airport,Buckley,US
Podeweltz Airport,Merrill,US
Take Five Airport,Yakima,US
Battle Creek Airport,Oconomowoc,US
Bear Valley Skyranch Airport,Mc Cleary,US
Kimbrel Farm Airport,Oakville,US
Blue Heron Field,Sequim,US
Bayview Farms Airport,Burlington,US
Frontier Airpark,Lake Stevens,US
Ellerport Airport,Newman Lake,US
Randle-Kiona Airpark,Randle,US
Nelsons Nitch Airport,Onalaska,US
Bristol Airport,Bristol,US
J K D Farms Airport,Ellensburg,US
My Airport,Elma,US
Kinch Farms Airport,Washtucna,US
Burnt Ridge Airstrip,Onalaska,US
Erin Aero Airport,Hartford,US
Bergseth Field,Enumclaw,US
Morrisonville International Airport,Morrisonville,US
St Croix Valley Airport,Osceola,US
Bryan Airport,Enumclaw,US
Fairhurst Field,Ocean Park,US
Taylorport Airport,Bruce,US
Sky Meadows Airpark,Spokane,US
Northern Trails Aviation Airport,Birchwood,US
Atauro Airport,Atauro,TL
Suai Airport,Suai,TL
Presidente Nicolau Lobato International Airport,Dili,TL
Cakung Airport,Baucau,TL
Abisu Airfield,Fuiloro,TL
Maliana Airport,Maliana,TL
Oecussi Airport,Oecussi-Ambeno,TL
Viqueque Airport,Viqueque,TL
Buntok Airport,"Buntok, Borneo Island",ID
Haliwen Airport,Atambua-Timor Island,ID
Mena Airport,Mena-Timor Island,ID
Gewayentana Airport,Larantuka-Flores Island,ID
Kalabahi Airport,Kalabahi-Alor Island,ID
Naikliu Airport,Naikliu-Timor Island,ID
Rote Airport,Namodale-Rote Island,ID
Sawu Airport,Sawu-Sawu Island,ID
Sanggata Airport,Sanggata-Timor Island,ID
Long Bawan Airport,"Long Bawan, Borneo Island",ID
Bontang Airport,"Bontang, Borneo Island",ID
Nunukan Airport,Nunukan-Nunukan Island,ID
Tanah Grogot Airport,"Tanah Grogot, Borneo Island",ID
Balikpapan Airport,"Seppingan, Borneo Island",ID
Malinau Airport,"Malinau, Borneo Island",ID
Long Mawang Airport,"Long Mawang, Borneo Island",ID
Long Apung Airport,"Long Apung, Borneo Island",ID
Sangkulirang Airport,"Sangkulirang, Borneo Island",ID
Muara Wahau Airport,"Muara Wahau, Borneo Island",ID
Surabaya Airport,"Surabaya, Java Island",ID
Polish Paradise Airport,Oxford,US
Springstead Airport,Park Falls,US
Elert Airport,De Forest,US
Cloud Dancer Pvt Airport,Chetek,US
Lake Ell Field,Amherst,US
Mill House Field,Wyocena,US
Scherrico Meadows Airport,Mosinee,US
Pioneer Airport,Oshkosh,US
Petit Cache Airport,Bayfield,US
Young Tactical Landing Site Airport,Fort Mc Coy,US
Shangrila Airport,Beecher,US
Coleman Airport,Portage,US
Tachick Field,Pound,US
Storytown Airfield,Oregon,US
Swan Field,Almond,US
Pinewood Air Park,Goodnow,US
Rusmar Farms Airport,Roberts,US
Birch Creek Airport,De Pere,US
Circle K Airport,Irma,US
J & L Aviation Airport,Ripon,US
Christie Aerodrome,Fort Atkinson,US
Leeward Farm Airport,Soldiers Grove,US
Barten Airport,Sharon,US
Sugar Ridge Airport,Verona,US
Vietmeier Airport,Herbster,US
Log Cabin Airport,Eleva,US
Flying J Airport,St Croix Falls,US
Al's Airway Airport,Watertown,US
Black Dog Farm Airport,New London,US
Circle T Airport,Grantsburg,US
River Valley Airport,Rhinelander,US
Alpha Hotel Airport,Webster,US
Cran Bog N Airport,Warrens,US
Port Field,Twisp,US
Sky Hollow Airport,Boscobel,US
Hughes Airport,Monroe,US
Changi Air Base,Singapore,SG
Sembawang Air Base,Sembawang,SG
Paya Lebar Air Base,,SG
Tengah Air Base,,SG
Seletar Airport,Seletar,SG
Singapore Changi International Airport,Singapore,SG
Hillcrest Farms Airport,Ellensburg,US
Twisted Prop Airport,Prescott,US
Silverbird Airport,Cheney,US
Quartzite Air Ranch Airport,Chewelah,US
Cutty Field,Bellingham,US
Meise Field,Moses Lake,US
Radial Flyer Airport,Deer Park,US
Reed Airport,Cheney,US
Hart Airport,Hartline,US
Lockwood Dry Coulee Airport,Okanogan,US
Michair Airport,Cathlamet,US
Rocky Bay Airport,Vaughn,US
Hill Airport,Palouse,US
Deer Creek Farm Airport,Arbovale,US
Lee Massey Airport,Ansted,US
Lost Mountain Airport,Romney,US
Island Airport,Chesapeake,US
Mike Ferrell Field,Corinne,US
Mallory Airport,South Charleston,US
Gerstell Farms Airport,Keyser,US
Michaels Farms Airport,Martinsburg,US
Moore Field,Kingwood,US
Needwood Farm Airport,Harpers Ferry,US
Green Landings Airport,Hedgesville,US
Ruth Field,Clarksburg,US
Valley Point Airport,Valley Point,US
Rainelle Airport,Rainelle,US
New River Gorge Airport,Lansing,US
Green Bank Observatory Airport,Green Bank,US
Larew Airport,Newburg,US
Mckee Sky Ranch Airport,Terra Alta,US
Fayette Airport,Fayetteville,US
Windwood Fly-In Resort Airport,Davis,US
Herold Airport,Craigsville,US
Carr Airport,Fairmont,US
Glendale Fokker Field,Glendale,US
Eastview Airport,Romney,US
Taylors Airport,Gerrardstown,US
Fairview Airport,Elkins,US
Hinton-Alderson Airport,Pence Springs,US
Dilts Ranch Airport,Bill,US
Morrison Airport,Carpenter,US
Skyview Airpark,Cheyenne,US
Luckinbill Airstrip,Cody,US
Hardy Ranch Airport,Douglas,US
Sundance Ranch Airport,Alta,US
Sherwin Field Nr 1 Airport,Dull Center/Sw Clareton/,US
A Bar A Ranch Airport,Encampment,US
Ohman Ranch Airport,Gillette,US
Little Buffalo Ranch Airport,Gillette,US
Ipy Ranch Airport,Hulett,US
Bunch Grass Intergalactic Airport,Powell,US
Robbins Airport,Medicine Bow,US
Ellis Ranch Airport,Medicine Bow,US
Iberlin Ranch Nr 2 Airport,Midwest,US
Fish Creek Ranch Airport,Big Piney,US
Iberlin Ranch Nr 1 Airport,Savageton,US
Iberlin Strip,Sussex,US
Snell - North Laramie River Airport,Wheatland,US
Wagonhound Airport,Douglas,US
Vowers Ranch Airport,Chugwater,US
Kinky Creek Divide Airport,Dubois,US
Melody Ranch Airport,Jackson,US
Circle B Airport,Cokeville,US
Mountain King Ranch Airport,Daniel,US
Bridger Creek Airport,Lysite,US
Bakers Field,Powell,US
5 Springs Airport,Lovell,US
Robbers Roost Ranch Airport,Mule Creek Junction,US
Michael Skypark Airport,Hillsdale,US
Radio Ranch Airport,Cheyenne,US
Moburg Aero Airport,Four Corners,US
Taylor Field,Sundance,US
Pierce Ranch Airport,Hulett,US
Hilty Field,Wheatland,US
Heiner Airport,Afton,US
Rock & A Hard Place Ranch Airport,Laramie,US
Lone Pine Flying Ranch Airport,Thayne,US
Madsen Airport,Gillette,US
Chamberlain Brothers Ranch Airport,Douglas,US
Danz Ranch Airport,Johnson City,US
Edgington Ranch Airport,Sanger,US
Circle Eight Ranch Airport,Glen Rose,US
Fairview Field,Sudan,US
Spectre Field,Chico,US
Los Cuernos Ranch Airport,Cotulla,US
Menard Airport,Bellevue,US
Mcfarlin Ranch Airport,Bertram,US
Holick Airport,Riesel,US
Tightwaad Air Ranch Airport,Rosston,US
Chuckster Airport,Tira,US
Richardson Field,Pittsburg,US
Lewis Ranch Airport,Leakey,US
Wolfe Field,Buckholts,US
Thorny Woods Airport,Caddo Mills,US
Allison Farm Airport,Decatur,US
Lone Star Flying Service Airport,Harper,US
Tali Homma Field,Kaufman,US
Fall Creek Ranch Airport,Kerrville,US
Birchfield Ranch Airport,Lometa,US
Boma Airport,Fredericksburg,US
Creekside Air Park,Mineola,US
Tick Hill Airfield,Moody,US
Dreamland Airport,Muenster,US
Blue Jay Airfield,Justin,US
Smith Airport,Robinson,US
Grand Rock Airport,Trinity,US
El Jardin Ranch Airport,Encinal,US
North Cedar Airport,Apple Springs,US
Stocker Airport,Krum,US
Double A Airport,Grandview,US
Benny White Flying Airport,Lamesa,US
Melody Ranch Airport,Mountain Springs,US
Homerun Airport,Honey Grove,US
Cougar Landing Airport,Waco,US
Driftwood Ranch Airport,Weatherford,US
Dm Ranch Airport,Batesville,US
Faith Ranch Airport,Carrizo Springs,US
Wildwood Airport,Village Mills,US
Tortuga Ranch Airport,Brundage,US
Candelaria Airport,Candelaria,US
En Gedi Ranch Airport,Canadian,US
Jbj Ranch Airport,Decatur,US
Flat Bush Airport,Decatur,US
Skye Bridge Ashaig Airport,Broadford,GB
Ulan-Ude East Airport,Ulan Ude,RU
Plestsy Airport,Plesetsk,RU
Soltsy-2 Air Base,Soltsy,RU
Kasimovo Airfield,St. Petersburg,RU
Luostari Air Base,Zapolyarnyj,RU
Severomorsk-3 Naval Air Base,Severomorsk,RU
Ostrov Naval Air Base,Ostrov,RU
Derevyannoe Airport,Derevyannoe,RU
Lodeynoye Pole Air Base,Lodeynoye Pole,RU
Fedotovo Naval Air Base,Kipelovo,RU
Trufanovo Airfield,Vologda,RU
Budennovsk,Budennovsk,RU
Lebyazhye Air Base,Kamyshin,RU
Flying D Airport,Llano,US
Tschirhart Ranch Airport,Fredericksburg,US
In The Trenches Airport,Longview,US
Herbert Ranch Airport,Marble Falls,US
Freedom Airport,New Fairview,US
Rose Ranch Airport,Olton,US
W D Cornelius Ranch Airport,Markham,US
Estates Airpark,New Waverly,US
Liberty Hill Air Ranch Airport,Liberty Hill,US
Weese International Airport,Greenville,US
Flying K Ranch Airport,Ledbetter,US
Tom J Moore Farm Airport,Millican,US
Dos Arroyos Ranch Airport,Mountain Home,US
H & S Airfield,Damon,US
Lame Donkey Airport,Wichita Falls,US
Priour Ranch Airport,Mountain Home,US
Cherry Spraying Service Airport,Muldoon,US
Flying C Airport,Needville,US
Farm Air Service Airport,Nome,US
Burress Airport,Paris,US
Graham Field,Sadler,US
Chesson Airport,Orangefield,US
Covered S Ranch Airport,Snyder,US
Evans Aerodrome,Amarillo,US
Jay Kay Ranch Airport,Pearsall,US
Embarcadero Airport,Mckinney,US
Medina River Ranch Airport,Pipe Creek,US
Rancho Del Cielo Airport,Kent,US
Gritz Field,Goliad,US
Alderman Farm Airport,Poteet,US
Marlin's Meadow Airport,Yantis,US
Peaster 01 Airport,Weatherford,US
Gizmo Field,Malone,US
Flying W Airport,Raymondville,US
Havelka Haven Airport,Mc Gregor,US
Tri-County Air Service Airport,Raywood,US
Mellon Ranch Airport,Refugio,US
Mustang Community Airfield,Aubrey,US
Stahl Airport,Gainesville,US
Farm Services Inc Airport,Rio Hondo,US
Rabb Dusting Inc Airport,Robstown,US
San Jose Island Airport,Rockport,US
Sky Lane Ranch Airport,Brenham,US
Hackberry Ranch Airport,Rocksprings,US
Glover Airport,Mount Pleasant,US
San Christoval Ranch Airport,Pawnee,US
F R Duke Farm Airport,Romayor,US
West Ranch Airport,Round Mountain,US
Vaughn Farm Airport,Tulia,US
Seafood Warehouse Park Airport,Crystal Beach,US
Santiago Cattle Company Airport,Brady,US
Stiletto Airpark,Briggs,US
Scout Airport,Comfort,US
T-Ranch Airport,Castroville,US
Parson Field,Paris,US
Fentress Airpark,Fentress,US
Pickle Plantation Airport,Poynor,US
Diamond O Ranch Airport,Santa Elena,US
Corralitos Airport,San Ygnacio,US
Cardinal Field,Yoakum,US
Lake Water Wheel Airport,Shepherd,US
Smolensk North Airport,Smolensk,RU
Vyazma Airport,Vyazma,RU
Sosnovka Airfield,Penza,RU
Engels Airbase,Engels,RU
Yarralin Airport,,AU
Albany Airport,Albany,AU
Abingdon Downs Airport,,AU
Albion Downs Airport,,AU
Amburla Airport,,AU
Arcadia Airport,,AU
Acacia Downs Airport,,AU
Arubiddy Airport,,AU
Aldinga Airport,Aldinga,AU
Adaminaby Airport,,AU
Yandan Mine Airport,,AU
Andado Airport,,AU
Alton Downs Airport,,AU
Adaminaby Airport,,AU
Augustus Downs Airport,,AU
Ashburton Downs Airport,,AU
Arckaringa Airport,,AU
Marla Airport,,AU
Alcoota Station Airport,,AU
Adels Grove Airport,,AU
Albilbah Airport,,AU
Allambie Airport,,AU
Allandy Airport,,AU
Alexandria Homestead Airport,,AU
Alderley Airport,,AU
RAAF Base Amberley,,AU
Aramac Airport,,AU
Ampilatwatja Airport,,AU
Andamooka Airport,,AU
Armraynald Airport,,AU
Ammaroo Airport,,AU
Amata Airport,,AU
Answer Downs Airport,,AU
West Angelas Airport,,AU
Angatja Airport,,AU
Anna Creek Airport,,AU
Anthony Lagoon Airport,,AU
Anningie Airport,,AU
Annitowa Airport,,AU
Ardmore Airport,,AU
Anna Plains Airport,,AU
Alpha Airport,,AU
Apollo Bay Airport,,AU
Ararat Airport,,AU
Argadargada Airport,,AU
Argyle Airport,,AU
Arizona 1 Airport,,AU
Arkaroola Airport,,AU
Ardlethan Airport,,AU
Armidale Airport,Armidale,AU
Areyonga Airport,,AU
Arapunya Airport,,AU
Ardrossan Airport,,AU
Arrabury Airport,,AU
Ashford Airport,,AU
Bakblok Airport,,AU
Atula Airport,,AU
Atherton Airport,Atherton,AU
Amphitheatre Airport,,AU
Atley Airport,,AU
Augathella Airport,,AU
Augusta Airport,,AU
Aurukun Airport,,AU
Austral Downs Airport,,AU
Auvergne Airport,,AU
Avon Downs Airport,,AU
Avonmore Airport,,AU
Agnes Water Airport,,AU
Ayers Rock Connellan Airport,Ayers Rock,AU
Ayr Airport,,AU
Baralaba,Baralaba,AU
Baradine Airport,,AU
Brisbane Archerfield Airport,Brisbane,AU
Bauhinia Downs Airport,,AU
Balladonia Airport,,AU
Bamaga Injinoo Airport,,AU
Mount Barnet Airport,,AU
Braidwood Airport,,AU
Barcaldine Airport,Barcaldine,AU
Alice Springs Airport,Alice Springs,AU
Badu Island Airport,,AU
Barkly Downs Airport,,AU
Barraba Airport,,AU
Bamboo Creek Airport,Bamboo Creek Gold Mine,AU
Big Bell Airstrip,Big Bell,AU
Billabalong Airport,,AU
Brisbane International Airport,Brisbane,AU
Bon Bon Airport,,AU
Boort Airport,,AU
Bencubbin Airport,,AU
Gold Coast Airport,Gold Coast,AU
Beechworth Airport,,AU
Blackall Airport,Blackall,AU
Boolcarrol Station Airport,,AU
Coominya,,AU
Batchelor Airport,,AU
Cairns International Airport,Cairns,AU
Charleville Airport,Charleville,AU
Bedford Downs Airport,,AU
Bendigo Airport,,AU
Bridport Airport,,AU
Birthday Siding Airport,,AU
Birrindudu Airport,,AU
Birdsville Airport,,AU
Barradale Airport,,AU
Pumululu National Park,Bellburn,AU
Beacon Airport,,AU
Beverley Airport,,AU
Beaufort Airport,,AU
Bothwell Airport,,AU
Betoota Airport,,AU
Beulah 1 Airport,,AU
Beverley Airport,,AU
Beechworth Airport,,AU
Balfour Airport,,AU
Beaufort,,AU
Beagle Bay Airport,,AU
Boolgeeda Airport,,AU
Balgair Airport,,AU
Balgo Hill Airport,,AU
Bridgewater Airport,,AU
Budgerygar Airport,,AU
Biniguy Airport,,AU
Bathurst Harbour Airport,,AU
Broken Hill Airport,Broken Hill,AU
Bushy Park Airport,,AU
Hamilton Island Airport,Hamilton Island,AU
Bingara Airport,,AU
Binda,,AU
Bedourie Airport,,AU
Bindook Airport,,AU
Billiluna Airport,,AU
Biggenden Airport,,AU
Birchip Airport,,AU
Ballidu Airport,,AU
Bizant Airport,Lakefield National Park,AU
Banjawarn Airport,,AU
Bourke Airport,,AU
Barkly Wayside Inn Airport,,AU
Burketown Airport,,AU
Benalla Airport,,AU
Billabong Road House Airport,,AU
Balcanoona Airport,,AU
Brooklands Airport,,AU
Bollards Lagoon Airport,,AU
Bellalie Airport,,AU
Bollon Airport,,AU
Blinman Airport,,AU
Busselton Regional Airport,Busselton,AU
Ballarat Airport,,AU
Bellevue Airport,,AU
Mount Isa Airport,Mount Isa,AU
Sunshine Coast Airport,Maroochydore,AU
Bloomfield River Airport,,AU
Boomi Airport,,AU
Mackay Airport,Mackay,AU
Bamawm Airport,,AU
Bombala Airport,,AU
Barmera Airport,,AU
Bamyili Airport,,AU
Ballina Byron Gateway Airport,Ballina,AU
Bannockburn Airport,,AU
Benmara Airport,,AU
Bairnsdale Airport,,AU
Brunchilly Airport,,AU
Boonah Airport,,AU
Booleroo Centre Airport,,AU
Bodalla Airport,,AU
Boggabri Airport,,AU
Boigu Airport,,AU
Oakey Airport,,AU
Bombala Airport,,AU
Catholic Agricultural College Bindoon Airstrip,,AU
Boyup Brook Airport,,AU
Bordertown Airport,Bordertown,AU
Boatman Airport,,AU
Boulia Airport,,AU
Border Village Airport,Border Village,AU
Booylgoo Springs Airport,,AU
Brampton Island Airport,,AU
Proserpine Whitsunday Coast Airport,Proserpine,AU
Benambra Airport,,AU
Barrow Creek Airport,,AU
Burren Junction Airport,,AU
Rockhampton Airport,Rockhampton,AU
Borroloola Airport,,AU
Broome International Airport,Broome,AU
Balranald Airport,,AU
Bruce Rock Airport,,AU
Barwon Heads Airport,,AU
Brunette Downs Airport,,AU
Brewarrina Airport,,AU
Barimunya Airport,,AU
RAAF Scherger,Weipa,AU
Bond Springs Airport,,AU
Blackstone Airport,,AU
Bacchus Marsh Airport,,AU
Brighton Downs Airport,,AU
Bathurst Airport,Bathurst,AU
Bathurst Island Airport,,AU
Bentinck Island Airport,,AU
Townsville Airport,Townsville,AU
Barton Siding Airport,,AU
Blackwater Airport,,AU
Battery Downs Airport,,AU
Buttabone Airport,,AU
Batavia Downs Airport,,AU
Bundarra Airport,,AU
Butch Airport,,AU
Bundaberg Airport,Bundaberg,AU
Bulga Downs Station Airport,,AU
Burnie Airport,,AU
Bulgunnia Airport,,AU
Bunbury Airport,,AU
Bulloo Downs Station Airport,,AU
Bunyip Airport,,AU
Bungle Bungle Airport,Bungle Bungle,AU
Bulleringa Airport,,AU
Bunyan Airfield,,AU
Balaklava Airport,,AU
Blackville Airport,,AU
Bullo River Valley Airport,,AU
Bronzewing Airport,,AU
Burdekin Falls Dam Airport,,AU
Bulimba Airport,,AU
Bowen Airport,,AU
Weipa Airport,Weipa,AU
Bolwarra Airport,,AU
Browse Is Airport,,AU
Bowthorn Airport,,AU
Toowoomba Wellcamp Airport,Wellcamp,AU
Barrow Island Airport,,AU
Branxholme Airport,,AU
Bryah Airport,,AU
Bonney Downs Station Airport,,AU
Bruny Island Airport,,AU
Byrock Airport,,AU
Beverley Springs Airport,,AU
Bayswater Airport,,AU
Breeza Airport,,AU
Caboolture Airport,,AU
Cattle Creek Airport,,AU
Campbell Town Airport,,AU
Caiguna Airport,,AU
Coolah Airport,,AU
Callion Airport,,AU
Cadjebut Airport,,AU
Castlemaine Airport,,AU
Cannington Station Airport,,AU
Cannon Hill Community Airport,,AU
Carnarvon Airport,,AU
Casino Airport,,AU
Cobar Airport,,AU
Coonabarabran Airport,,AU
Canobie Airport,Canobie,AU
Hobart Cambridge Airport,,AU
Cape Barren Island Airport,,AU
Cape Borda Airport,,AU
Coober Pedy Airport,,AU
Collarenebri Airport,,AU
Daintree Airport,,AU
Chinchilla Airport,,AU
Cape Crawford Airport,,AU
Canteen Creek Airport,,AU
Coconut Island Airport,,AU
Cloncurry Airport,Cloncurry,AU
Coondambo Airport,,AU
Cobden Airport,,AU
Cadney Homestead Airport,,AU
Cradle Mountain Airport,Middlesex,AU
Condobolin Airport,,AU
Caloundra Airport,,AU
Childers Airport,,AU
Carandotta Airport,,AU
Ceduna Airport,,AU
Caldervale Station Airport,,AU
Cleve Airport,,AU
Capella Airport,Capella,AU
Coldstream Airport,Coldstream,AU
Ceres Airport,,AU
Camfield Airport,,AU
Dadswells Bridge Airport,,AU
Clifton Hills Landing Strip,Clifton Hills Station,AU
Cape Flattery Airport,,AU
Clifton Airport,,AU
Clonagh Airport,,AU
Carnegie Station Airport,,AU
Chillagoe Airport,,AU
Cherrabah Airport,,AU
Graeme Rowley Aerodrome,Christmas Creek mine,AU
Charlton Airport,,AU
Childra Airport,,AU
Charters Towers Airport,,AU
Corrigin Airport,,AU
RAAF Base Curtin,,AU
Conjuboy Airport,,AU
Curdimurka Airport,,AU
Clarke Island Airport,,AU
Croker Island Airport,,AU
Cooktown Airport,,AU
Cocklebiddy Airport,,AU
Clare Station Airport,,AU
Callendale Airport,,AU
Coolgardie Airport,,AU
Collymongle Airport,,AU
Cape Leveque Airport,,AU
Collector Airport,,AU
Coleambally Airport,,AU
Camden Haven Airport,,AU
Camel Creek Airport,,AU
Cummins Town Airport,,AU
Clermont Airport,,AU
Cunnamulla Airport,,AU
Camooweal Airport,,AU
Corona Station Airport,,AU
Camp Nifty Airport,,AU
Cooranga Airport,,AU
Carnarmah Airport,,AU
Cessnock Airport,,AU
Coonamble Airport,,AU
Coonana Airport,,AU
Conargo Airport,,AU
Coonawarra Airport,,AU
Cann River Airport,,AU
Coniston Airport,,AU
Cooranga Airport,,AU
Century Mine Airport,,AU
Cordillo Downs Airport,Cordillo Downs,AU
Coen Airport,,AU
Coffin Bay Airport,,AU
Coongan Airport,,AU
Cohuna Airport,,AU
Collie Airport,,AU
Coleraine Airport,,AU
Cooma Snowy Mountains Airport,Cooma,AU
Cooinda Airport,,AU
Corowa Airport,,AU
Cosmo Newberry Airport,,AU
Coral Bay Airport,,AU
Cape Don Airport,,AU
Coppins Gap Airport,,AU
Copper Hills Airport,,AU
Carpentaria Downs Airport,,AU
Copper Triangle Airport,,AU
Carinda Airport,,AU
Corryong Airport,,AU
Christmas Creek Station Airport,,AU
Crookwell Airport,,AU
Cranbrook Airport,,AU
Carrieton Airport,,AU
Croydon Airport,,AU
Cassilis Rotherw Airport,,AU
Consuelo Airport,,AU
Curtin Springs Airport,,AU
Collinsville Airport,,AU
Cotten Creek Airport,,AU
Chatsworth Airport,,AU
Cockatoo Island Airport,,AU
Cootamundra Airport,,AU
Casterton Airport,,AU
Calton Hills Airport,,AU
Cape Otway Airport,,AU
Cudal Airport,,AU
Cuddapan Airport,,AU
Cue Airport,,AU
Cunderdin Airport,,AU
Cabramurra Airport,Cabramurra Township,AU
Cummins Airport,,AU
Cuthero Airport,,AU
Calvin Grove Airport,,AU
Cervantes Airport,,AU
Coondewanna Airport,,AU
Cape Wessels Airport,,AU
Commonwealth Hill Airport,,AU
Cowarie Airport,,AU
Cowell Airport,,AU
Corowa Downs Airport,,AU
Chatsworth Airport,,AU
Cowra Airport,,AU
Cowes Airport,,AU
Canowindra Airport,,AU
Coolawanyah Airport,,AU
Cooloola Village Airpark,,AU
Crystal Brook Airport,,AU
Dagworth Airport,,AU
Dajarra Airstip,,AU
Dallas Airport,,AU
Darlington Airport,,AU
Dalby Airport,,AU
Dirranbandi Airport,,AU
Dunbar Airport,,AU
Derby Airport,,AU
Drumduff Airport,Drumduff,AU
Delegate Airport,,AU
Denmark Airport,Denmark,AU
Derrinallum Airport,,AU
Devoncourt Airport,,AU
Dalgaranga Gold Mine Airport,,AU
Dullingari Airport,,AU
Doongan Airport,,AU
Dalgaranga Airport,,AU
Dalgety Downs Station Airport,,AU
De Grey Homestead Airport,,AU
Dhalinbuy Airport,,AU
Dimbulah Airport,,AU
Dixie Airport,New Dixie,AU
Dunk Island Airport,,AU
Dulacca Airport,,AU
Delmore Downs Airport,,AU
Dalhousie Airport,,AU
Dulkaninna Airport,Dulkaninna,AU
Dunolly Airport,,AU
Darlot Airport,,AU
Deniliquin Airport,,AU
Delta Downs Airport,,AU
Delissaville Airport,,AU
Daly Waters Airport,Daly Waters,AU
Mount Dimer Airport,,AU
Diemal Find Airport,,AU
Doomadgee Airport,,AU
Daly River Airport,,AU
Delamere Station Airport,,AU
Doongmabulla Airport,,AU
Darnley Island Airport,Darnley Island,AU
Darnick Airport,,AU
Dunmore Manila Airport,,AU
Dynevor Downs Airport,,AU
Dochra Airfield,Singleton,AU
Donald Airport,,AU
Dowerin Airport,,AU
Donors Hill Airport,,AU
Donnington Airpark,,AU
Dorunda Airport,,AU
Davenport Downs Airport,,AU
Devonport Airport,Devonport,AU
Dneiper Airport,,AU
Depot Springs Airport,,AU
Depot Outcamp Airport,,AU
Deep Well Airport,,AU
Dongara Airport,,AU
Dairy Creek Homestead Airport,,AU
Drysdale River Airport,,AU
Durham Downs Airport,,AU
Durrie Airport,,AU
De Rose Hill Airport,,AU
Duketon Airport,,AU
Dumbleyung Airport,,AU
Dunwich Airport,,AU
Dale River Airport,,AU
Docker River Airport,,AU
Delamere Range Facility Airport,,AU
Dalwallinu Airport,,AU
Derry Downs Airport,,AU
Dysart Airport,,AU
Euabalong Airport,,AU
Yea Airport,,AU
Echuca Airport,,AU
Eucla Airport,,AU
Etadunna Airport,Etadunna,AU
Edenhope Airport,,AU
Edmund Station Airport,,AU
Eneabba Airport,Eneabba,AU
Elderslie Airport,,AU
Engonnia Airport,,AU
Einasleigh Airport,Einasleigh,AU
Elcho Island Airport,Elcho Island,AU
Belele Airport,,AU
Elengerah Airport,,AU
Elkedra Airport,,AU
Elliott Airport,Elliott,AU
Elmore Airport,,AU
Elliston Airport,http://www.elliston.sa.gov.au,AU
Elderslie Airport,,AU
Earlston Airport,,AU
Eildon Weir Airport,,AU
Eromanga Airport,,AU
Emu Junction Airport,,AU
Emerald Airport,Emerald,AU
Emu Park Airport,,AU
Epsilon Airport,,AU
Epenarra Airport,,AU
El Questro Airport,,AU
Errabiddy Homestead Airport,,AU
Earaheedy Airport,,AU
Erldunda Airport,,AU
Ernabella Airport,,AU
Erong Station Airport,,AU
Erudina Airport,,AU
Escott Airport,,AU
Esperance Airport,,AU
Euroa Aerodrome,Euroa,AU
Eudamulla Station Airport,,AU
Eulalia Airport,,AU
Eulo Airport,,AU
Eva Downs Airport,Eva Downs,AU
Evans Head Aerodrome,,AU
Everard Park Airport,,AU
Exmouth Airport,,AU
Evelyn Downs Airport,,AU
Forbes Airport,Forbes,AU
Fish Creek Airport,,AU
Fortescue River Airport,,AU
Fortescue - Dave Forrest Aerodrome,Cloudbreak Village,AU
Federation Hsd Airport,,AU
Farrell Flat Airport,,AU
Finley Airport,,AU
Flinders Island Airport,,AU
Flora Valley Airport,,AU
Flinders Island Airport,,AU
Finke Airport,Finke,AU
Fortnum Airport,,AU
Frome Downs Airport,,AU
Fregon Airport,,AU
Friendly Beaches Airport,,AU
Frankland Airport,Frankland River Grazing co,AU
Forrest Airport,,AU
Forsayth Airport,,AU
Fiskville Airport,Fiskville,AU
Forster (Wallis Is) Airport,,AU
Forrestania Airport,,AU
Mount Fitton Talc Airport,,AU
Fitzroy Crossing Airport,,AU
Fairview Airport,,AU
Faraway Bay Airport,,AU
Garden Island (Military) Airport,,AU
Greenbah Airport,,AU
Gamboola Airport,,AU
Gan Gan Airport,,AU
Gnaraloo Station Airport,,AU
Gawler Airport,,AU
Gayndah Airport,,AU
South Goulburn Is Airport,,AU
Gabo Island Airport,,AU
Gunbower Airport,,AU
Gloucester Airport,,AU
Goodooga Airport,,AU
Gunnedah Airport,,AU
Goondiwindi Airport,,AU
Gordon Downs Airport,Gordon Downs,AU
The Garden Airport,,AU
Gregory Downs Airport,,AU
Galdeville Airport,,AU
Granite Downs Airport,,AU
Geraldton Airport,,AU
Grafton Airport,,AU
Golden Grove Airport,,AU
Goolgowi Airport,,AU
Glen Garland Airport,,AU
Goonoo Goonoo Airport,,AU
Gregory Springs Airport,,AU
Glen Harding Airport,,AU
Ginbata,Ginbata,AU
Gibb River Airport,,AU
Gidgee Airport,,AU
Gifford Creek Station Airport,,AU
RAAF Gingin,,AU
Gilgandra Airport,,AU
Giralia Airport,,AU
Great Keppel Is Airport,,AU
Gladstone Airport,Gladstone,AU
Goulburn Airport,,AU
Glendambo Airport,,AU
Glengyle Airport,,AU
Glen Innes Airport,,AU
Glencoe Airport,,AU
Glenormiston Airport,,AU
Gallipolli Airport,Nicholson,AU
Giles Airport,Warakurna,AU
Glenayle Homestead Airport,,AU
Goomadeer Airport,,AU
Grampians Airport,,AU
Granada Airport,,AU
Grenfell Airport,,AU
Greenvale Airport,,AU
Gnowangerup Airport,,AU
Goomalling Airport,,AU
Gabo Is aAd sSte Airport,,AU
Giles Point Airport,,AU
Gunpowder Airport,,AU
Garden Point Airport,,AU
Grovedale Airport,,AU
Great Lakes Vi Airport,,AU
Gruyere Airport,,AU
Glen Ruth Airport,,AU
Gascoyne Junction Airport,,AU
Groote Eylandt Airport,Groote Eylandt,AU
Griffith Airport,Griffith,AU
Georgetown Airport,,AU
Georgetown (Tas) Airport,,AU
Greenthorpe Airport,,AU
Gullewa Airport,,AU
Gunnawarra Airport,,AU
Glendevie Airport,,AU
Goolwa Airport,,AU
Galway Downs Airport,,AU
Gympie Airport,,AU
Haasts Bluff Airport,,AU
Hideaway Bay Airport,,AU
Harden Airport,,AU
Haig Airport,,AU
Wilpena Pound Airport,Hawker,AU
Hay Airport,,AU
Hervey Bay Airport,Hervey Bay,AU
Holbrook Airport,,AU
Humbert River Airport,,AU
Henbury Airport,,AU
Heathcote Emergency Airport,,AU
Hodgson Downs Airport,,AU
Headingly Airport,,AU
Heck Field Airport,,AU
Hells Gate Airport,,AU
Hedlow Airport,Mulara,AU
Hugh River Airport,,AU
Hughes Siding Airport,,AU
Highbury Airport,,AU
Horn Island Airport,Horn Island,AU
Hillside Airport,,AU
Huckitta Airport,,AU
Halls Creek Airport,,AU
Hillgrove Airport,,AU
Hillman Farm Airport,,AU
Hillston Airport,,AU
Hermannsburg Airport,,AU
Hamilton Airport,,AU
Hamilton Airport,,AU
Howard Island Airport,,AU
Hooker Creek Airport,,AU
Mount Hotham Airport,Mount Hotham,AU
Hodgson River Airport,,AU
Hollins Bay Airport,,AU
Hopetoun Airport,,AU
Hopetoun Airport,,AU
Hungerford Airport,,AU
Haddon Rig Airport,,AU
Horseshoe Bend Airport,,AU
Horseshoe Lights Airport,,AU
Horsham Airport,,AU
Hiltaba Airport,,AU
Heathlands Airport,,AU
Herberton Airport,,AU
Hunter Island Airport,,AU
Harts Range Airport,,AU
Hughenden Airport,,AU
Harvest Home Airport,,AU
Hyden Airport,,AU
Indulkana Airport,,AU
Idracowra Airport,,AU
Innisfail Airport,,AU
Iffley Airport,,AU
Ingham Airport,,AU
Ingomar Airport,,AU
Baikal Airport,,AU
Inkerman Airport,,AU
Milawa Vineyard Airport,,AU
Milton Airport,,AU
Inglewood Airport,Inglewood,AU
Imanpa Airport,,AU
Kimba Airport,,AU
Impadna Airport,,AU
Innamincka Township Airport,Innamincka Township,AU
Ingelara Airport,Rewan,AU
Injune Airport,,AU
Innamincka Airport,,AU
Inverell North Airport,,AU
Inverleigh Airport,,AU
Inverway Airport,Inverway,AU
Isis Downs Airport,,AU
Isisford Airport,,AU
Innesvale Airport,,AU
Mitta Mitta Airport,,AU
Inverell Airport,,AU
Ivanhoe Airport,,AU
Jabiru Airport,,AU
Jackson Airport,,AU
Jameson Airport,,AU
Jervis Bay Airport,Jervis Bay Territory,AU
Jericho Airport,,AU
Jacobs Well Airport,,AU
Jundah Airport,,AU
Jemalong Airport,,AU
Jerilderie Airport,,AU
Jeedamya Airport,,AU
Jerramungup Airport,,AU
Jiggalong Mission Airport,,AU
Jindabyne Airport,,AU
Julia Creek Airport,,AU
Jurien Bay Airport,,AU
Jinka Airport,,AU
Jonroy Airport,,AU
Jericho Airport,,AU
Hubert Wilkins Airstrip,Jamestown,AU
Tjukurla Airport,,AU
Jundee Airport,,AU
Jervois Mine Airport,,AU
Jervois Airport,,AU
Jowalbinna Airport,,AU
Kalannie Airport,,AU
Kajabbi Airport,,AU
Kalumburu Airport,,AU
Kanandah Airport,,AU
Kapunda Airport,Kapunda,AU
Katoomba Airport,,AU
Kayrunnera Airport,,AU
Koolyanobbing Range Airport,,AU
Kambalda Airport,,AU
Kooralbyn Airport,,AU
Kalbarri Airport,,AU
Streaky Bay Airport,,AU
Kings Canyon Airport,,AU
Killiecrankie Airport,,AU
Kings Creek Airport,,AU
Kadina Airport,,AU
Kondoolka Airport,,AU
Kidman Springs Airport,,AU
Kondinin Airport,,AU
Kellerberrin Airport,,AU
Kelvin Station Airport,,AU
Kenmore Park Airport,,AU
Lake Keepit Airport,,AU
Kerang Airport,,AU
Kingfisher Camp Airport,,AU
Kingoonya Airport,,AU
Khancoban Airport,,AU
Katherine Gorge Airport,,AU
Kiana Station Airport,,AU
Kidston Airport,,AU
Kingston Airport,,AU
King Island Airport,,AU
Kildurk Airport,,AU
Kirkimbie Station Airport,Kirkimbie,AU
Kaiuroo Airport,,AU
Kalkgurung Airport,,AU
Kokatha Airport,,AU
Koolatah Airport,,AU
Koolburra Airport,Koolburra,AU
Killarney Airport,,AU
Kalinga Airport,,AU
Kallala Airport,,AU
Killarney Airport,,AU
Kalamurina Airport,,AU
Karumba Airport,,AU
Kamileroi Airport,,AU
Kempsey Airport,,AU
Kencherang Airport,,AU
Katanning Airport,,AU
Koonmarra Airport,,AU
Kununoppin Airport,,AU
Kintore Airport,,AU
Kaniva Airport,,AU
Koongarra Airport,,AU
Kojonup Airport,,AU
Kookynie Airport,,AU
Kolendo Airport,,AU
Kowanyama Airport,Kowanyama,AU
Kalpowar Airport,,AU
Kendall River Airport,,AU
Kingaroy Airport,,AU
Kingscote Airport,,AU
Kotta Airport,,AU
Keith Airport,,AU
Kyneton Airport,Kyneton,AU
Kubin Airport,,AU
Kurweeton Airport,,AU
Kurray Airport,,AU
Kangaroo Well Airport,,AU
Kyabram Airport,Private Airfield in the Shire of Campaspe,AU
Kynuna Airport,,AU
Lagoon Bay Airport,,AU
Lawn Hill Airport,,AU
Lakeside Airpark,Lakeside,AU
Lambina Airport,,AU
Langawirra Airport,,AU
Lameroo Airport,,AU
Lawlers Airport,,AU
Lombadina Airport,,AU
Mount Liebig Airport,,AU
Lake Bolac Airport,,AU
Lake Cargelligo Airport,,AU
Locksley Field,,AU
Lady Barron (Flinders Is) Airport,,AU
Landor Station Airport,,AU
Leeman Airport,,AU
Leigh Creek Airport,,AU
Lethbridge Park Airport,,AU
Leeton Airport,,AU
Leongatha Airport,,AU
Leonora Airport,Leonora,AU
Lakes Entrance Airport,,AU
Lake Evella Airport,,AU
Lakefield Airport,,AU
Mulga Downs Airport,,AU
La Grange Bay Airport,,AU
Lake Grace Airport,,AU
Longdown Airport,,AU
Laglan Airport,,AU
Loongana Airport,,AU
Legune Airport,,AU
Lord Howe Island Airport,Lord Howe Island,AU
Long Hill Airport,,AU
Lockhart River Airport,,AU
Lyndhurst Airport,Lyndhurst,AU
Lilydale Airport,,AU
Limbunya Station Airport,,AU
Lindeman Island Airport,Lindeman Island,AU
Lismore Airport,Lismore,AU
Lucky Downs Airport,,AU
Lakes Entrance Airport,,AU
Lake King Airport,,AU
Lake Nash Airport,,AU
Mobella Airport,,AU
Lilla Creek Airport,,AU
Langlo Downs Airport,,AU
Ballera Airport,,AU
Lake Leagur Airport,,AU
Lily Vale Airport,,AU
Lambrook Airport,,AU
Mungo Lodge Airport,Mungo,AU
Lakeland Airport,,AU
Landor Races Airport,,AU
Lochinvar Airport,,AU
Longwood Airport,,AU
Louth Airport,Louth,AU
Lock Airport,Lock,AU
Lorraine Airport,,AU
Louisa Downs Airport,,AU
Lotus Vale Airport,Lotus Vale,AU
Loxton Airport,,AU
Longwarry Airport,,AU
Lake Pedder Airport,,AU
Laura Airport,,AU
Lightning Ridge Airport,,AU
Longreach Airport,Longreach,AU
Lorna Glen Homestead Airport,,AU
Lorraine Station Airport,,AU
New Laura Airport,,AU
Lismore Airport,,AU
Lansdowne Airport,,AU
Leinster Airport,,AU
Mount Lindsay Airport,,AU
Laverton Airport,,AU
Latrobe Valley Airport,,AU
Lucy Creek Airport,,AU
Lucindale Airport,,AU
Mooleulooloo Airport,,AU
Leeuwin Estate Airport,,AU
Lovely Banks Airport,,AU
Lake Everard Airport,,AU
Laverak (Military) Airport,,AU
Lake Varley Airport,,AU
Lake Way Airport,,AU
Lyndley Airport,,AU
Lyndoch Airport,,AU
Lyndon Airport,,AU
Lizard Island Airport,,AU
Lizard Island Airport,,AU
Mabuiag Island Airport,Mabuiag Island,AU
Macumba Airport,,AU
Madura Airport,,AU
Manangatang Airport,,AU
Manguri Airport,,AU
Mabel Creek Station Airport,,AU
Mount Augusta Airport,,AU
Avalon Airport,Melbourne,AU
Albury Airport,Albury,AU
Mareeba Airport,,AU
Murray Bridge Airport,,AU
Marble Bar Airport,,AU
Mount Beauty Airport,Mount Beauty,AU
Maryborough Airport,,AU
Mundrabilla Airport,Mundrabilla,AU
Mount Ebenezer Airport,,AU
Mount Clere Homestead Airport,,AU
Mckinley Airport,,AU
Mount Coolon Airport,,AU
Mallacoota Airport,,AU
Manners Creek Airport,,AU
Macrossan Airport,,AU
Millicent Airport,,AU
Mount Mcclure Airport,,AU
Mundubbera Airport,,AU
Mundabullangana Airport,,AU
Mudgee Airport,Mudgee,AU
Mandora Airport,Mandora,AU
Mount Riddock Airport,,AU
Merredin Airport,,AU
Minderoo Station Airport,,AU
Macdonald Downs Airport,,AU
Mundrabilla Motel Airport,,AU
Mount Davies Airport,,AU
Maitland Downs Airport,,AU
Mount Bundey Airport,,AU
Mardi Station Airport,,AU
Mount Eba Airport,,AU
Menindee Airport,,AU
Mereenie Airport,,AU
Meekatharra Airport,,AU
Melton Airport,Melton,AU
Melbourne Essendon Airport,,AU
Merton Airport,Merton,AU
Merapah Airport,,AU
Merimbula Airport,Merimbula,AU
RAAF Base East Sale,East Sale,AU
Merluna Airport,,AU
Mingenew Airport,,AU
Mullaley Airport,,AU
Mansfield Airport,,AU
Milingimbi Airport,Milingimbi Island,AU
Maningrida Airport,Maningrida,AU
Mulgathing Airport,,AU
Mungindi Airport,,AU
Mount Gunson Airport,Mount Gunson,AU
Murgoo Airport,,AU
Margaret River (Station) Airport,,AU
Mount Morgans Airport,,AU
Margaret River Airport,,AU
Musgrave Airport,,AU
Hobart International Airport,Hobart,AU
Mount Holland Airport,,AU
Mount House Airport,,AU
Mount Hart Station Airport,,AU
McArthur River Mine Airport,McArthur River Mine,AU
Mount Howitt Airport,,AU
Mildura Airport,Mildura,AU
Mintabie Airport,,AU
Mittagong Airport,,AU
Minjilang Airport,,AU
Milgun Airport,,AU
Minlaton Airport,,AU
Mitchell Plateau Airport,Mitchell Plateau,AU
Miralwyn Airport,,AU
Millrose Homestead Airport,,AU
Mitchell Airport,,AU
Mount Ive Airport,,AU
Middalya Homestead Airport,,AU
Mount James Airport,,AU
Manjimup Airport,,AU
Mararanka Homestead Airport,,AU
Mukinbudin Airport,,AU
Emkaytee (Unlic) Airport,,AU
Malina Airport,,AU
Mole Creek Airport,,AU
Maitland Airport,,AU
Minnamoolka Airport,,AU
Millungera Airport,,AU
Monolon Airport,,AU
Muloorina Airport,,AU
Miles Airport,,AU
Launceston Airport,Launceston,AU
Milurie Homestead Airport,,AU
Melbourne Moorabbin Airport,Melbourne,AU
Murrin Murrin Airport,,AU
Melbourne International Airport,Melbourne,AU
Millmerran Airport,,AU
Mount Margaret Airport,,AU
Middlemount Airport,,AU
Mount Allan Airport,,AU
Mount Barry Airport,,AU
Maitland Airport,,AU
Mount Keith Airport,,AU
Manfred Airport,,AU
Mangalore Airport,,AU
Monkira Airport,,AU
Mount Denison Airport,,AU
Maneroo Airport,,AU
Murnpeowie Airport,,AU
Mount Swan Airport,,AU
Mornington Station Airport,,AU
Mount Weld Airport,,AU
Minura Airport,,AU
Morney Airport,,AU
Moonaree Airport,,AU
Mount Magnet Airport,,AU
Moulamein Airport,Moulamein,AU
Mooraberree Airport,,AU
Moree Airport,Moree,AU
Moreton Airport,Moreton,AU
Moura Airport,,AU
Minnipa Airport,,AU
RAAF Williams Point Cook Base,Point Cook,AU
Mount Cooper Airport,,AU
Mount Elephant Airport,,AU
Milton Park Airport,,AU
Marqua Airport,Marqua,AU
Mount Mcquoid Airport,,AU
Maralinga Airport,,AU
Moranbah Airport,Moranbah,AU
Marree Airport,,AU
Melrose Airport,,AU
Mount Garnet Airport,,AU
Morawa Airport,,AU
Moruya Airport,Moruya,AU
Mount Sanford Station Airport,,AU
Mount Skinner Airport,,AU
Mount Sandon Airport,,AU
Mount Surprise Airport,,AU
Murchison Shire Airport,,AU
Mittebah Airport,,AU
Muttaburra Airport,,AU
Mount Clarence Airport,,AU
Mount Gambier Airport,,AU
Mornington Island Airport,,AU
Monto Airport,,AU
Mount Hope Airport,,AU
Martins Well Airport,,AU
Mount Dare Airport,,AU
Mount Elizabeth Airport,,AU
Monduran Airport,,AU
Muccan Station Airport,Muccan Station,AU
Mount Borradale Airport,,AU
Mungeranie Airport,Mungeranie,AU
Murray Island Airport,Murray Island,AU
Munjina Airport,,AU
Mulka Airport,Mulka,AU
Murray Field,,AU
Mulga Park Airport,,AU
Murwillumbah Airport,,AU
Mileura Airport,,AU
Mount Cavenagh Airport,,AU
Marvel Loch Airport,,AU
Mangrove Mountain Airport,Mangrove Mountain,AU
Morven Airport,,AU
Mount Vernon Station Airport,,AU
Mount Valley Airport,,AU
Mullewa Airport,,AU
Mount Wedge Airport,,AU
Mount William Airport,,AU
Mahanewo Airport,,AU
Moolawatana Airport,,AU
Marion Downs Airport,,AU
Maryborough Airport,,AU
Mallapunyah Springs Airport,,AU
Marymia Airport,,AU
Myroodan Station Airport,,AU
Merty Merty Airport,,AU
Maryvale Airport,,AU
Murray Downs Airport,,AU
Mary Valley Airport,,AU
Menzies Airport,,AU
Nabarlek Airport,,AU
Nanango Airport,,AU
Nappa Merrie Airport,,AU
Narrandera Airport,Narrandera,AU
Nannup Airport,,AU
Narrabri Airport,Narrabri,AU
Noccundra Airport,,AU
New Crown Airport,,AU
Newdegate Airport,,AU
Nundroo Airport,,AU
Natal Downs Airport,,AU
Nelson Springs Airport,,AU
Nagambie Airport,,AU
Ngukurr Airport,,AU
Newhaven Airport,,AU
Nhill Airport,,AU
Northampton Airport,,AU
Nambucca Heads Airport,Nambucca Heads,AU
New Haven Airport,,AU
Nicholson Airport,,AU
Nonning Airport,,AU
Meningie Airport,,AU
Noonkanbah Airport,,AU
New Moon Airport,,AU
Nantarra Airport,,AU
Nockatunga Airport,,AU
Norfolk Airport,,AU
Noondoonia Homestead Airport,,AU
Nooyeah Downs Airport,,AU
Norwood Airport,,AU
Nilpinna Airport,,AU
Napperby Airport,,AU
Napier Downs Airport,,AU
Nepabunna Airport,,AU
Narembeen Airport,,AU
Naracoorte Airport,,AU
Narrogin Airport,,AU
Naryilco Airport,,AU
Narromine Airport,,AU
Nyrripi Airport,,AU
Ravensthorpe Airport,,AU
Noosa Airport,,AU
Norseman Airport,,AU
Abrolhos North Island,,AU
Northam Airport,,AU
Normanton Airport,,AU
Nullabor Motel Airport,,AU
Nammuldi Mine Airstrip,Nammuldi Mine,AU
Numery Airport,,AU
Nudjaburra Airport,,AU
Nullagine Airport,,AU
Numbulwar Airport,,AU
Nutwood Downs Airport,,AU
Navarre Airport,,AU
Normanville Airport,,AU
Navarra Airport,,AU
North Well Airport,,AU
Newman Airport,Newman,AU
Narwietooma Airport,,AU
Nyang Airport,,AU
Nymagee Airport,,AU
Nyngan Airport,,AU
Nypari Airport,,AU
Old Andado Airport,,AU
One Arm Point Airport,,AU
The Oaks Airport,,AU
Oaky Creek Airport,,AU
Old Bar Heritage Airport,,AU
Ooldea Airport,,AU
Ourdel Airport,,AU
Oenpelli Airport,,AU
Orielton Airport,,AU
Oakvale Airport,,AU
Oak Valley Airport,,AU
Colac Airport,,AU
Olympic Dam Airport,Olympic Dam,AU
Onslow Airport,,AU
Oxley Station Airport,,AU
Omicron Station Airport,,AU
Omeo Airport,,AU
Oodnadatta Airport,,AU
Cook Airport,,AU
Moomba Airport,,AU
Mooloola Homestead Airport,,AU
Moonerah Airport,,AU
Orbost Airport,,AU
Orange Airport,Orange,AU
Orleans Farm Airport,,AU
Orroroo Airport,,AU
Ooratippra Airport,,AU
Ord River Airport,Ord River,AU
Orient Well Airport,,AU
Osborne Mine Airport,,AU
Ootann Airport,,AU
Youanmi Airport,,AU
Ouyen Airport,,AU
Pacific Haven Airport,,AU
Adelaide International Airport,Adelaide,AU
Port Augusta Airport,,AU
Palm Island Airport,,AU
Papunya Airport,,AU
Peterborough Airport,,AU
Paraburdoo Airport,Paraburdoo,AU
Cocos (Keeling) Islands Airport,Cocos (Keeling) Islands,CC
Pooncarie Airport,,AU
Patchewollock Airport,,AU
Pinnacles Homestead Airport,,AU
Parndana Airport,Parndana,AU
Pandie Pandie Airport,,AU
Darwin International Airport,Darwin,AU
Pardoo Airport,Pardoo,AU
Padthaway Station Airport,,AU
RAAF Base Pearce,Bullsbrook,AU
Aeropelican Airport,,AU
RAAF Base Edinburgh,Adelaide,AU
Penfield Airfield,Sunbury,AU
Cooma/Polo Flat (Unlic) Airport,,AU
Pigeon Hole Airport,,AU
Gove Airport,Nhulunbuy,AU
Phillip Island Airport,,AU
Pinnacle Airport,,AU
Port Pirie Airport,,AU
Pia Airport,,AU
Pingelly Airport,,AU
Perenjori Airport,,AU
Perth Jandakot Airport,Perth,AU
Karratha Airport,Karratha,AU
Peake Airport,,AU
Kalgoorlie-Boulder Airport,Kalgoorlie,AU
Peak Hill Airport,,AU
Parakylia Airport,,AU
Puckapunyal (Military) Airport,,AU
Parkes Airport,Parkes,AU
Port Keats Airport,,AU
Kununurra Airport,Kununurra,AU
Port Lincoln Airport,Port Lincoln,AU
Pilliga Airport,,AU
Palmers Island/Yamba Airport,,AU
Peak Hill Airport,,AU
Learmonth Airport,Exmouth,AU
Plutonic Airport,,AU
Plumbago Airport,,AU
Palmer Airport,,AU
Pormpuraaw Airport,,AU
Port Macquarie Airport,Port Macquarie,AU
Pine Creek Airport,,AU
Penong Airport,,AU
Prenti Downs Airport,,AU
Pinnaroo Airport,,AU
Pannawonica Airport,,AU
Portland Airport,,AU
Porepunkah Airport,,AU
Porphyry Airport,,AU
Port Hedland International Airport,Port Hedland,AU
Adelaide Parafield Airport,Adelaide,AU
Perth International Airport,Perth,AU
Prairie Airport,,AU
Premer Betoota Airport,,AU
Penneshaw Airport,Ironstone,AU
Peterborough Airport,,AU
Patjarr Airport,Patjarr,AU
Tindal Airport,,AU
Palumpa Airport,,AU
Punmu Airport,,AU
Plevna Downs Airport,,AU
Pittsworth Airport,,AU
Woomera Airfield,Woomera,AU
Christmas Island Airport,Christmas Island,CX
Pyramid Hill Airport,,AU
Paynes Find Airport,,AU
Quambone Royona Airport,,AU
Quambatook Airport,,AU
Quairading Airport,,AU
Quirindi Airport,,AU
Quilpie Airport,,AU
Queenstown Airport,,AU
Quondong Airport,,AU
Quorn Airport,,AU
Quarry2 Airport,,AU
Questa Park Airport,,AU
Raglan Airport,,AU
Raymore Homestead Airport,,AU
Abrolhos Rat Island,,AU
Ravensthorpe Airport,,AU
Rawlinna Airport,,AU
Rainbow Beach Airport,,AU
Robe Airport,Robe,AU
Redbank Mine Airport,,AU
Robinson River Airport,,AU
Rabbit Flat Airport,,AU
Rainbow Airport,,AU
Yardea Airport,,AU
Redmont Airport,,AU
Reedys Airport,,AU
Redcliffe Airport,Redcliffe,AU
Renmark Airport,,AU
Red Hill Station Airport,,AU
Riddell Airport,Riddell,AU
Kuruc-A-Ruc South Airport,,AU
Rocklands Airport,,AU
Rocklea Airport,,AU
Rolleston Airport,,AU
Richmond Airport,,AU
Ramingining Airport,,AU
Ringwood Airport,,AU
Robinhood Airport,,AU
Roebourne Airport,Roebourne,AU
Robinvale Airport,,AU
Rocky River Airport,,AU
Roma Airport,Roma,AU
Rothsay Mine Airport,,AU
Ross River Airport,,AU
Roper Bar Airport,,AU
Rhodes Ridge Airport,,AU
Raymangirr Airport,,AU
Roseberth Airport,,AU
Rosehill Heliport Airport,,AU
Ringer Soak Airport,,AU
Rosevale Resort Airport,,AU
Romsey (Riddell/Penfield) Airport,Romsey,AU
Rottnest Island Airport,,AU
Rutland Plains Airport,,AU
Rudal River Airport,,AU
Rugby Airport,,AU
Riveren Airport,,AU
Rawlinna Station Airport,,AU
Ravensworth Airport,,AU
Roxby Downs Station Airport,,AU
Roy Hill Station Airport,,AU
Rawnsley Park Airport,,AU
Sandhill Airport,,AU
Saipem Airport,,AU
Sandstone Airport,Sandstone,AU
Mount Sarah Airport,,AU
Strathbogie Airport,,AU
Sydney Bankstown Airport,Sydney,AU
Stanbroke Airport,,AU
Scotia Sanctuary Airport,,AU
Canberra International Airport,Canberra,AU
Coffs Harbour Airport,Coffs Harbour,AU
Camden Airport,,AU
Scone Airport,,AU
Southern Cross Airport,,AU
Sudley Airport,,AU
Soudan Station Airport,,AU
Dubbo City Regional Airport,Dubbo,AU
Strathdownie Airport,,AU
Serpentine Airport,,AU
Sandfire Airport,,AU
Stonefield Airport,,AU
Sandfly Airport,,AU
Strathgordon Airport,,AU
St George Airport,,AU
South Grafton Airport,,AU
Singleton Airport,Singleton,AU
South Galway Airport,,AU
Shay Gap Airport,Shay Gap,AU
Shark Bay Airport,Monkey Mia,AU
Shannon River Airport,,AU
Shute Harbour/Whitsunday Airport,,AU
Shepparton Airport,,AU
Holsworthy (Military) Airport,,AU
Siam Airport,Siam,AU
Saibai Island Airport,Saibai Island,AU
St Leonards Airfield,,AU
Silent Grove Airport,,AU
Sea Lake Airport,,AU
Strathleven Airport,,AU
Sale Airport,,AU
Sylvania Homestead Airport,,AU
Smithton Airport,,AU
Smith Point Airport,,AU
Strathmore Airport,,AU
Strathmay Airport,,AU
Snake Bay Airport,,AU
Norfolk Island International Airport,Burnt Pine,NF
Snowtown Airport,,AU
Nowra Airport,,AU
Solomon Airport,Karijini National Park,AU
Southwell Airport,,AU
Stanthorpe Airport,,AU
Springfield Airport,,AU
Springsure Airport,,AU
Spring Creek Airport,,AU
Southport Airport,,AU
Springvale Airport,,AU
Sunrise Dam Airport,,AU
RAAF Base Richmond,Richmond,AU
Strahan Airport,,AU
Surat Airport,,AU
Sydney Kingsford Smith International Airport,Sydney,AU
Saint Arnaud Airport,,AU
Strathburn Airport,,AU
Stuart Creek Airport,Stuart Creek,AU
St Helens Airport,,AU
Stonehenge Airport,,AU
Strathearn Airport,,AU
Santa Teresa Airport,,AU
Tamworth Airport,Tamworth,AU
Supplejack Downs Airport,,AU
Silver Hills Airport,,AU
Strathaven Airport,,AU
Swansea Airport,,AU
Sweers Island Resort Airport,,AU
Wagga Wagga City Airport,Wagga Wagga,AU
Swan Hill Airport,,AU
Stawell Airport,,AU
Western Sydney International (Nancy-Bird Walton) Airport,Badgerys Creek,AU
Strathalbyn Airport,,AU
Tara Airport,,AU
Tableland Homestead Airport,,AU
Tandou Lake Airport,,AU
Taroom Airport,,AU
Tanami Downs Airport,,AU
Tarcoola Airport,Tarcoola,AU
Tumby Bay Airport,,AU
Pattaya Airpark,,TH
Talbingo Airport,,AU
Timber Creek Airport,,AU
Tracies Field,,AU
Torrens Creek Airport,,AU
Tarcoonyinna Airport,,AU
Tidal River Airport,,AU
Todmorden Airport,,AU
Tooradin Airport,,AU
Theodore Airport,,AU
Tenneco Station Three Airport,,AU
Trepell Airport,,AU
Telfer Airport,,AU
Temora Airport,,AU
Tenneco Station Five Airport,,AU
Truro Flat Airpark,Truro Flat,AU
Tenterfield Airport,Tenterfield,AU
Tangalooma Airport,,AU
Taggerty Airport,,AU
Trangie Airport,,AU
Thargomindah Airport,,AU
The Granites Airport,The Granites,AU
The Grove Airport,,AU
Theda Station Airport,,AU
Thistle Island Airport,Thistle Island,AU
Three Rivers Homestead Airport,,AU
Three Springs Airport,,AU
Thevenard Island Airport,,AU
Thylungra Airport,,AU
Tibooburra Airport,,AU
Trinidad Airport,,AU
Tintinara Airport,,AU
Ti Tree Airport,,AU
Tjirrkarli Airport,,AU
Tjuntjuntjarra Airport,,AU
Toorak Research Station Airport,,AU
Turkey Creek Airport,Turkey Creek,AU
Taralga Grathawa Airport,,AU
Tullamore Airport,,AU
Tilpa Airport,Tilpa,AU
Tarlton Downs Airport,,AU
Tambo Airport,,AU
Tamala Airport,,AU
Tanami Airport,,AU
The Monument Airport,,AU
Tom Price Airport,Tom Price,AU
Tambar Springs Airport,,AU
Tumut Airport,,AU
Tobermorey Airport,Tobermorey,AU
Tanbar Airport,,AU
Tuncurry Airport,,AU
Tenneco Station One Airport,,AU
Thangool (Biloela) Airport,Biloela,AU
Tennant Creek Airport,Tennant Creek,AU
Tenneco Station Four Airport,,AU
Tanumbirini Airport,,AU
Toliness Airport,,AU
Toolachie Airport,,AU
Toomba Airport,,AU
Tocumwal Airport,,AU
Togo Station Airport,,AU
Torres Park Homestead Airport,,AU
Tenneco Station Two Airport,,AU
Tottenham Airport,,AU
Tempe Downs Airport,,AU
Torquay Airport,Torquay,AU
Torrumbarry Airport,,AU
Tarcombe Airport,,AU
Taree Airport,Taree,AU
Turee Creek Airport,,AU
Truscott Mungalalu Airport,,AU
Ti Tree Airport,,AU
Troughton Is Airport,,AU
Triabunna Airport,,AU
Tuckabiana Airport,,AU
Trugananni Airport,,AU
Tunbridge Airport,,AU
Tully Airport,,AU
Talavera Airport,,AU
Toowoomba Airport,,AU
Trelawney Airport,,AU
Tooraweenah Airport,,AU
Tyabb Airport,Melbourne,AU
Tyagarah Airport,,AU
Tieyon Airport,,AU
Ucharonidge Airport,Ucharonidge Station,AU
Undara Airport,,AU
Urandangi Airport,,AU
Undilla Airport,,AU
Umbeara Airport,,AU
Umuwa Airport,,AU
Cluny Airport,,AU
Urapunga Airport,,AU
Upper Horton Wyl Airport,,AU
Useless Loop Airport,,AU
Utopia Airport,,AU
Utopia Station Airport,,AU
Valley Field Airport,,AU
Mount Vivian Airport,,AU
Valley of Lagoons Airport,,AU
Vaughan Springs Airport,,AU
Victoria River Downs Airport,,AU
Vanrook Station Airport,,AU
Vashon Head Airport,,AU
Victoria Valley Airport,,AU
Violet Vale Airport,,AU
Waldburg Homestead Airport,,AU
Wauchope Airport,Wauchope,AU
Wanaaring Airport,,AU
Wallal Airport,Wallal,AU
Wattle Hills Airport,,AU
Wave Hill Airport,,AU
Wanarn Airport,Wanarn,AU
Wallabadah Airport,,AU
Warrabri Airport,,AU
Warrnambool Airport,,AU
Wedderburn Airport,,AU
Warburton Airport,,AU
Warraber Island Airport,Sue Islet,AU
Wilcannia Airport,,AU
Walcha Airport,,AU
Warwick Airport,,AU
Wilson's Camp Airport,,AU
Windarra Airport,,AU
Wodgina Airport,,AU
Windorah Airport,,AU
Windjana Grove Airport,,AU
Wondoola Airport,,AU
Collector2 Airport,,AU
Woodside Au Airport,,AU
Wyandotte Airport,,AU
Wandovale Airport,,AU
Wellclose Airport,,AU
Wedderburn Airport,,AU
Wooleen Homestead Airport,,AU
Wellington Airport,,AU
Wertaloona Airport,,AU
Wernadinga Airport,,AU
Well 33 Airport,,AU
Western Field Airport,,AU
Wagin Airport,,AU
Wangaratta Airport,,AU
Wongawol Airport,,AU
Whyalla Airport,Whyalla,AU
White Cliffs Airport,,AU
Whitsunday Island Airport,,AU
Walhallow Airport,,AU
Mount Willoughby Airport,,AU
Wirralie Gold Mine Airport,,AU
Wilandra Airport,,AU
Wilton Airport,,AU
Williamson Airport,,AU
Wittenoom Airport,,AU
Wee Jasper Airport,,AU
Warracknabeal Airport,,AU
Waikerie Airport,,AU
Wyalkatchem Airport,Wyalkatchem,AU
Wilkins Runway,,AQ
Warkworth Airport,Warkworth,AU
Willowra Airport,,AU
Welbourn Hill Airport,,AU
Walgett Airport,,AU
Wallara Ranch Airport,,AU
Newcastle Airport,Williamtown,AU
Wooltana Airport,,AU
Wilsons Promontory Airport,,AU
Wiluna Airport,,AU
Wallacia Airport,,AU
Wonnaminta Stat Airport,,AU
William Creek Airport,,AU
Weilmoringle Airport,,AU
Westmoreland Airport,,AU
Wollomombi Airport,,AU
Wrotham Park Airport,,AU
Williambury Airport,,AU
Wilgena Airport,,AU
Wondai Airport,,AU
Wathanin Airport,,AU
Wingellina Airport,,AU
Wonganoo Airport,,AU
Wandsworth Airport,,AU
Wongan Hills Airport,,AU
Wollongong Airport,,AU
Woolomin Airport,,AU
Wonthaggi Airport,,AU
Wollogorang Airport,,AU
Woodvale Airport,,AU
Woorlba Airport,,AU
Wirrealpa Airport,,AU
Walpole Airport,,AU
Winning Pool North Airport,,AU
Wooroona Airport,,AU
Wave Rock Airport,,AU
Wirralie Airport,,AU
Warialda Airport,,AU
Warren Airport,,AU
Warroora Homestead Airport,,AU
Waratah Airport,,AU
Walker River Airport,,AU
Westward Downs Airport,,AU
Watts Bridge Airport,,AU
Wirrida Siding Airport,,AU
West Sale Airport,West Sale,AU
Westonia Airport,,AU
Waterloo Airport,,AU
Winton Airport,,AU
Wentworth Airport,,AU
Watson River Airport,,AU
Wudinna Airport,,AU
Warnervale Airport,Warnervale,AU
Woodville Airport,,AU
Wee Waa Airport,,AU
Warrawagine Airport,,AU
Wentworth Airport,,AU
Woodie Woodie Airport,Woodie Woodie,AU
West Wyalong Airport,West Wyalong,AU
Wyandra Airport,,AU
Wynbring Airport,,AU
Wycheproof Airport,,AU
Wyndham Airport,,AU
Wynyard Airport,Burnie,AU
Gosford Airport,Gosford,AU
Tangalooma Resort Airport,,AU
Yandama Airport,,AU
Yacamunda Airport,,AU
Yagga Yagga Airport,,AU
Yalkulka Airport,,AU
Yalgoo Airport,Yalgoo,AU
Yass Airport,,AU
Yarrabee Mine Airport,,AU
Yandee Airport,,AU
Yundamindera Airport,,AU
Yeaburn Airport,,AU
Yerilla Airport,,AU
Yagga Yagga Airport,,AU
Yorke Island Airport,Yorke Island,AU
Yalda Downs Homestead Airport,,AU
Yallalong Homestead Airport,,AU
Yeelirrie Airport,,AU
Yam Island Airport,Yam Island,AU
Yuendumu Airport,,AU
Young Airport,,AU
Yanrey Airport,,AU
Yalymboo Airport,,AU
Yorketown Airport,,AU
York Airport,,AU
Yarram Airport,,AU
Yamarna Airport,,AU
Yarlarweelor Airport,,AU
Yalata Mission Airport,Yalata Mission,AU
Yuinmery Airport,,AU
Yunta Airport,,AU
Yowah Airport,,AU
Yarrawonga Airport,,AU
Zanthus Airport,,AU
Zeehan Airport,,AU
Al Abdaliyah Highway Strip,Al Abdaliyah,KW
Paraguari Airport,Paraguari,PY
Beijing Capital International Airport,Beijing,CN
Beijing Daxing International Airport,Beijing,CN
Alxa Left Banner Bayanhot Airport,Bayanhot,CN
Alxa Right Banner Badanjilin Airport,Badanjilin,CN
Beijing Xijiao Airport,Beijing,CN
Chengde Puning Airport,Chengde,CN
Chifeng Airport,Chifeng,CN
Changzhi Airport,Changzhi,CN
Qinhuangdao Beidaihe Airport,Qinhuangdao,CN
Ordos Ejin Horo Airport,Ordos,CN
Datong Airport,Datong,CN
Ejina Banner Taolai Airport,,CN
Erenhot Saiwusu International Airport,Erenhot,CN
Aershan Yiershi Airport,Arxan,CN
Tian Yang Air Base,Baise,CN
Handan Airport,Handan,CN
Baita International Airport,Hohhot,CN
Huolinguole Huolinhe Airport,Holingol,CN
Dongshan Airport,Hailar,CN
Linfen Yaodu Airport,Linfen,CN
L?liang Dawu Airport,L?liang,CN
Manzhouli Xijiao Airport,Manzhouli,CN
Beijing Nanyuan Airport,Beijing,CN
Baotou Airport,Baotou,CN
Shuozhou Zirun Airport,Shuozhou,CN
Shanhaiguan Air Base,Qinhuangdao,CN
Shijiazhuang Daguocun International Airport,Shijiazhuang,CN
Tangshan Sannühe Airport,Tangshan,CN
Tianjin Binhai International Airport,Tianjin,CN
Tongliao Airport,Tongliao,CN
Ulanqab Jining Airport,Ulanqab,CN
Wuhai Airport,Wuhai,CN
Ulanhot Airport,Ulanhot,CN
Xilinhot Airport,Xilinhot,CN
Yuncheng Guangong Airport,Yuncheng,CN
Taiyuan Wusu Airport,Taiyuan,CN
Bayannaoer Tianjitai Airport,Bayannur,CN
Zhalantun Chengjisihan Airport,Zalantun,CN
Beihai Airport,Beihai,CN
Changde Airport,Changde,CN
Zhijiang Airport,Huaihua,CN
Chenzhou Beihu Airport,Chenzhou,CN
Dayong Airport,Dayong,CN
Foshan Shadi Airport,Foshan,CN
Guangzhou Baiyun International Airport,Guangzhou,CN
Changsha Huanghua Airport,Changsha,CN
Hechi Jinchengjiang Airport,Hechi,CN
Hengyang Airport,Hengyang,CN
Huizhou Airport,Huizhou,CN
Guilin Liangjiang International Airport,Guilin City,CN
Luoding Sulong Airport.,Louding City,CN
Lingling Airport,Yongzhou,CN
Meixian Airport,Meixian,CN
Nanning Wuxu Airport,Nanning,CN
Shantou Waisha Airport,Shantou,CN
Zhuhai Airport,Zhuhai,CN
Shaoguan Guitou Airport,Shaoguan,CN
Shenzhen Bao'an International Airport,Shenzhen,CN
Wuzhou Xijiang Airport,Wuzhou,CN
Xingning Airport,Xingning,CN
Xiangxi Biancheng Airport,Xiangxi,CN
Yulin Fumian Airport,Yulin,CN
Yueyang Sanhe Airport,Yueyang,CN
Bailian Airport,Liuzhou,CN
Zhanjiang Wuchuan Airport,Zhanjiang,CN
Anyang Airport,Anyang,CN
Xinzheng Airport,Zhengzhou,CN
Ezhou Huahu Airport,Ezhou,CN
Enshi Airport,Enshi,CN
Guangzhou MR Air Base,Guanghua,CN
Wuhan Tianhe International Airport,Wuhan,CN
Luoyang Airport,Luoyang,CN
Nanyang Airport,Nanyang,CN
Shashi Airport,Shashi,CN
Shiyan Wudangshan Airport,Shiyan,CN
Xiangfan Airport,Xiangfan,CN
Xinyang Minggang Airport,Xinyang,CN
Yichang Airport,Yichang,CN
Haikou Meilan International Airport,Haikou,CN
Qionghai Boao Airport,Qionghai,CN
Sanya Phoenix International Airport,Sanya,CN
Woody Island Airport,Woody Island,CN
Orang Airport,,KP
Pyongyang International Airport,Pyongyang,KP
Sondok Airport,,KP
Samjiyon Airport,Samjiyon,KP
Ankang Airport,Ankang,CN
Dunhuang Airport,Dunhuang,CN
Delingha Airport,Delingha,CN
Golmud Airport,Golmud,CN
Guyuan Liupanshan Airport,Guyuan,CN
Haibei Qilian Airport,Haibei,CN
Hanzhong Airport,Hanzhong,CN
Yinchuan Hedong International Airport,Yinchuan,CN
Jinchuan Airport,Jinchang,CN
Jiayuguan Airport,Jiayuguan,CN
Lanzhou Zhongchuan Airport,Lanzhou,CN
Longnan Chengxian Airport,Longnan,CN
Qingyang Airport,Qingyang,CN
Xiguan Airport,Xi'an,CN
Tianshui Maijishan Airport,Tianshui,CN
Gannan Xiahe Airport,Xiahe,CN
Xining Caojiabu Airport,Xining,CN
Xi'an Xianyang International Airport,Xianyang,CN
Yan'an Airport,Yan'an,CN
Yulin Airport,Yulin,CN
Zhongwei Shapotou Airport,Zhongwei,CN
Ganzhou,Zhangye,CN
Arvaikheer Airport,Arvaikheer,MN
Altai Airport,Altai,MN
Binder Airport,Binder,MN
Bayankhongor Airport,Bayankhongor,MN
Bulgan Airport,Bulgan,MN
Bulagtai Resort Airport,Umnugobitour,MN
Bulgan Sum Airport,,MN
Baruun Urt Airport,,MN
Choibalsan Airport,,MN
Chinggis Khaan International Airport,Ulaanbaatar,MN
Dalanzadgad Airport,Dalanzadgad,MN
Kharkhorin Airport,,MN
Khujirt Airport,,MN
Khovd Airport,Khovd,MN
Moron Airport,Moron,MN
Oyu Tolgoi,,MN
Sainshand Airport,,MN
Tosontsengel Airport,Tosontsengel,MN
Buyant-Ukhaa International Airport,Ulan Bator,MN
Ulaangom Airport,,MN
Ulgii Mongolei Airport,,MN
Baoshan Yunduan Airport,,CN
Dali Airport,Xiaguan,CN
Diqing Airport,Shangri-La,CN
Xishuangbanna Gasa Airport,Jinghong,CN
Lincang Airport,Lincang,CN
Lijiang Airport,Lijiang,CN
Mangshi Airport,Luxi,CN
Kunming Wujiaba International Airport,Kunming,CN
Simao Airport,Simao,CN
Zhaotong Airport,Zhaotong,CN
Xiamen Gaoqi International Airport,Xiamen,CN
Anqing Airport,Anqing,CN
Bengbu Airport,Bengbu,CN
Changzhou Airport,Changzhou,CN
Nanchang Changbei International Airport,Nanchang,CN
Dongying Shengli Airport,Dongying,CN
Fuyang Xiguan Airport,Fuyang,CN
Fuzhou Changle International Airport,Fuzhou,CN
Jinggangshan Airport,Ji'an,CN
Ganzhou Airport,Ganzhou,CN
Hangzhou Xiaoshan International Airport,Hangzhou,CN
Heze Mudan Airport,Heze,CN
Jingdezhen Airport,Jingdezhen,CN
Jining Da'an Airport,Jining,CN
Jiujiang Lushan Airport,Jiujiang,CN
Yaoqiang Airport,Jinan,CN
Quzhou Airport,Quzhou,CN
Jiaxing Nanhu Airport,Jiaxing,CN
Longyan Guanzhishan Airport,Longyan,CN
Lianyungang Airport,Lianyungang,CN
Huangyan Luqiao Airport,Huangyan,CN
Shubuling Airport,Linyi,CN
Ningbo Lishe International Airport,Ningbo,CN
Nanjing Lukou Airport,Nanjing,CN
Nantong Airport,Nantong,CN
Hefei Xinqiao International Airport,Hefei,CN
Shanghai Pudong International Airport,Shanghai,CN
Qingdao/Jiaodong Airport,Qingdao,CN
Quanzhou Airport,Quanzhou,CN
Rugao Air Base,Rugao,CN
Lianshui Airport,Huai'an,CN
Shanghai Longhua Airport,Shanghai,CN
Sanming Shaxian Airport,Sanming,CN
Sanqingshan,Shangrao,CN
Shanghai Hongqiao International Airport,Shanghai,CN
Guangfu Airport,Suzhou,CN
Tunxi International Airport,Huangshan,CN
Wuhu Xuanzhou Airport,Wuhu,CN
Weifang Airport,Weifang,CN
Weihai Airport,Weihai,CN
Wuhu Air Base,Wuhu,CN
Sunan Shuofang International Airport,Wuxi,CN
Nanping Wuyishan Airport,Wuyishan,CN
Wenzhou Yongqiang Airport,Wenzhou,CN
Xuzhou Guanyin Airport,Xuzhou,CN
Yangzhou Taizhou Airport,Yangzhou,CN
Nanchang Yaohu Airport,Nanchang,CN
Yancheng Airport,Yancheng,CN
Penglai Intl,Yantai,CN
Yiwu Airport,Yiwu,CN
Zhoushan Airport,Zhoushan,CN
Ngari Gunsa Airport,Shiquanhe,CN
Anshun Huangguoshu Airport,Anshun,CN
Qamdo Bangda Airport,Bangda,CN
Bijie Airport,Bijie,CN
Bazhong Enyang Airport,Bazhong,CN
Chongqing Jiangbei International Airport,Chongqing,CN
Dazhou Jinya Airport,Dazhou,CN
Daocheng Yading Airport,Daocheng County,CN
Rikaze Dingri Airport,,CN
Guangyuan Airport,Guangyuan,CN
Longdongbao Airport,Guiyang,CN
Garze Gesar Airport,Garze,CN
Ngawa Hongyuan Airport,Hongyuan,CN
Jiuzhai Huanglong Airport,Jiuzhaigou,CN
Garze Kangding Airport,Kangding,CN
Kaili Huangping Airport,Kaili,CN
Langzhong Gucheng Airport,Langzhong,CN
Qiannan Libo Airport,,CN
Liangping Airport,Liangping,CN
Lhasa Gonggar Airport,Lhasa,CN
Luzhou Airport,Luzhou,CN
Zunyi Maotai Airport,Zunyi,CN
Mianyang Airport,Mianyang,CN
Nanchong Airport,Nanchong,CN
Qiandongnan Liping Airport,,CN
Nyingchi Airport,Nyingchi,CN
Ali Pulan Airport,Burang,CN
Liupanshui Yuezhao Airport,Liupanshui,CN
Qianjiang Wulingshan Airport,Chongqing,CN
Tengchong Tuofeng Airport,Tengchong,CN
Chengdu/Tianfu Airport,Tianfu,CN
Tongren Fenghuang Airport,,CN
Chengdu Shuangliu International Airport,Chengdu,CN
Wulong Chongqing Xiannvshan Airport,Wulong,CN
Wushan Chongqing Airport,Wushan,CN
Wanxian Airport,Wanxian,CN
Xichang Qingshan Airport,Xichang,CN
Yibin Wuliangye  Airport,Yibin,CN
Xingyi Airport,Xingyi,CN
Panzhihua Baoanying Airport,Panzhihua,CN
Zunyi Xinzhou Airport,Zunyi,CN
Aksu Airport,Aksu,CN
Aral Talim Airport,Aral,CN
Altay Air Base,Altay,CN
Alashankou Bole (Bortala) airport,Bole,CN
Qiemo Airport,Qiemo,CN
Hami Airport,Hami,CN
Kuqa Airport,Kuqa,CN
Korla Airport,Korla,CN
Karamay Airport,Karamay,CN
Balikun Dahe Airport,Barkol,CN
Qitai Jiangbulake Airport,Qitai,CN
Ruoqiang Loulan Airport,Ruoqiang,CN
Shache Airport,Shache,CN
Kashgar Airport,Kashgar,CN
Shanshan Airport,Shanshan,CN
Tacheng Airport,Tacheng,CN
Tashkurgan Khunjerab Airport,Tashkurgan,CN
Hotan Airport,Hotan,CN
Turpan Jiaohe Airport,Turpan,CN
Tumxuk Tangwangcheng Airport,Tumxuk,CN
Urumqi Diwopu International Airport,Urumqi,CN
Yining Airport,Yining,CN
Yutian Wanfang Airport,Yutian,CN
Zhaosu Tianma Airport,Zhaosu,CN
Anshan Air Base,Anshan,CN
Baishan Changbaishan Airport,Baishan,CN
Longjia Airport,Changchun,CN
Changhai Airport,Changhai,CN
Chaoyang Airport,Chaoyang,CN
Dandong Airport,Dandong,CN
Saertu Airport,Daqing Shi,CN
Taiping Airport,Harbin,CN
Heihe Airport,Heihe,CN
Jilin Airport,Jilin,CN
Jiamusi Airport,Jiamusi,CN
Jixi Xingkaihu Airport,Jixi,CN
Jinzhou Airport,Jinzhou,CN
Lindu Airport,Yichun,CN
Yushu Batang Airport,Yushu,CN
Mudanjiang Hailang International Airport,Mudanjiang,CN
Gu-Lian Airport,Mohe,CN
Qiqihar Sanjiazi Airport,Qiqihar,CN
Songyuan Chaganhu Airport,Songyuan,CN
Tahe Airport,Tahe,CN
Zhoushuizi Airport,Dalian,CN
Tonghua Sanyuanpu Airport,Tonghua,CN
Taoxian Airport,Shenyang,CN
Xingcheng Air Base,,CN
Yanji Chaoyangchuan Airport,Yanji,CN
Yingkou Lanqi Airport,Yingkou,CN
Shenyang Dongta Airport,Shenyang,CN
Yas Island Seaplane Base,Yas Island,AE
Bengbu Tenghu Airport,Bengbu,CN
Tongren Deijan Airport,Deijan,CN
Deqing Moganshan Airport,Deqing,CN
Buzwagi Airport,Kahama,TZ
Lachin International Airport,Lachın,AZ
"Leshan Airport (under construction, unknown coordinates)",Leshan,CN
EuroAirport Basel-Mulhouse-Freiburg Airport,Saint-Louis,FR
Muli Airport,Malé,MV
Out Skerries Airstrip,Shetland,GB
Weining Airport (under construction),Leshan,CN
Yinchuan Helanshan Airport,Yinchuan,CN
"Zhushan Majiadu Airport (under construction, unknown coordinates)",Shiyan,CN
